cell_id,row,col,center_x,center_z,covered,uncertainty,pose_uncertainty,pose_uncertainty_norm,uncertainty_fused
0,0,0,-23.046348278625445,-32.83299329305304,0,0.8,0.0,0.0,0.4
1,0,1,-22.046348278625445,-32.83299329305304,0,0.8,0.0,0.0,0.4
2,0,2,-21.046348278625445,-32.83299329305304,0,0.8,0.0,0.0,0.4
3,0,3,-20.046348278625445,-32.83299329305304,0,0.8,0.0,0.0,0.4
4,0,4,-19.046348278625445,-32.83299329305304,0,0.8,0.0,0.0,0.4
5,0,5,-18.046348278625445,-32.83299329305304,0,0.8,0.0,0.0,0.4
6,0,6,-17.046348278625445,-32.83299329305304,0,0.8,0.0,0.0,0.4
7,0,7,-16.046348278625445,-32.83299329305304,0,0.8,0.0,0.0,0.4
8,0,8,-15.046348278625445,-32.83299329305304,0,0.8,0.0,0.0,0.4
9,0,9,-14.046348278625445,-32.83299329305304,0,0.8,0.0,0.0,0.4
10,0,10,-13.046348278625445,-32.83299329305304,0,0.8,0.0,0.0,0.4
11,0,11,-12.046348278625445,-32.83299329305304,0,0.8,0.0,0.0,0.4
12,0,12,-11.046348278625445,-32.83299329305304,0,0.8,0.0,0.0,0.4
13,0,13,-10.046348278625445,-32.83299329305304,0,0.8,0.0,0.0,0.4
14,0,14,-9.046348278625445,-32.83299329305304,0,0.8,0.0,0.0,0.4
15,0,15,-8.046348278625445,-32.83299329305304,0,0.8,0.0,0.0,0.4
16,0,16,-7.0463482786254446,-32.83299329305304,0,0.8,0.0,0.0,0.4
17,0,17,-6.0463482786254446,-32.83299329305304,0,0.8,0.0,0.0,0.4
18,0,18,-5.0463482786254446,-32.83299329305304,0,0.8,0.0,0.0,0.4
19,0,19,-4.0463482786254446,-32.83299329305304,0,0.8,0.0,0.0,0.4
20,0,20,-3.046348278625445,-32.83299329305304,0,0.8,0.0,0.0,0.4
21,0,21,-2.046348278625445,-32.83299329305304,0,0.8,0.0,0.0,0.4
22,0,22,-1.0463482786254446,-32.83299329305304,0,0.8,0.0,0.0,0.4
23,0,23,-0.0463482786254445,-32.83299329305304,0,0.8,0.0,0.0,0.4
24,0,24,0.9536517213745554,-32.83299329305304,0,0.8,0.0,0.0,0.4
25,0,25,1.953651721374556,-32.83299329305304,0,0.8,0.0,0.0,0.4
26,0,26,2.9536517213745554,-32.83299329305304,0,0.8,0.0,0.0,0.4
27,0,27,3.953651721374555,-32.83299329305304,0,0.8,0.0,0.0,0.4
28,0,28,4.9536517213745554,-32.83299329305304,0,0.8,0.0,0.0,0.4
29,0,29,5.9536517213745554,-32.83299329305304,0,0.8,0.0,0.0,0.4
30,0,30,6.9536517213745554,-32.83299329305304,0,0.8,0.0,0.0,0.4
31,1,0,-23.046348278625445,-31.832993293053043,0,0.8,0.0,0.0,0.4
32,1,1,-22.046348278625445,-31.832993293053043,0,0.8,0.0,0.0,0.4
33,1,2,-21.046348278625445,-31.832993293053043,0,0.8,0.0,0.0,0.4
34,1,3,-20.046348278625445,-31.832993293053043,0,0.8,0.0,0.0,0.4
35,1,4,-19.046348278625445,-31.832993293053043,0,0.8,0.0,0.0,0.4
36,1,5,-18.046348278625445,-31.832993293053043,0,0.8,0.0,0.0,0.4
37,1,6,-17.046348278625445,-31.832993293053043,0,0.8,0.0,0.0,0.4
38,1,7,-16.046348278625445,-31.832993293053043,0,0.8,0.0,0.0,0.4
39,1,8,-15.046348278625445,-31.832993293053043,0,0.8,0.0,0.0,0.4
40,1,9,-14.046348278625445,-31.832993293053043,0,0.8,0.0,0.0,0.4
41,1,10,-13.046348278625445,-31.832993293053043,0,0.8,0.0,0.0,0.4
42,1,11,-12.046348278625445,-31.832993293053043,0,0.8,0.0,0.0,0.4
43,1,12,-11.046348278625445,-31.832993293053043,0,0.8,0.0,0.0,0.4
44,1,13,-10.046348278625445,-31.832993293053043,0,0.8,0.0,0.0,0.4
45,1,14,-9.046348278625445,-31.832993293053043,0,0.8,0.0,0.0,0.4
46,1,15,-8.046348278625445,-31.832993293053043,0,0.8,0.0,0.0,0.4
47,1,16,-7.0463482786254446,-31.832993293053043,0,0.8,0.0,0.0,0.4
48,1,17,-6.0463482786254446,-31.832993293053043,0,0.8,0.0,0.0,0.4
49,1,18,-5.0463482786254446,-31.832993293053043,0,0.8,0.0,0.0,0.4
50,1,19,-4.0463482786254446,-31.832993293053043,0,0.8,0.0,0.0,0.4
51,1,20,-3.046348278625445,-31.832993293053043,0,0.8,0.0,0.0,0.4
52,1,21,-2.046348278625445,-31.832993293053043,0,0.8,0.0,0.0,0.4
53,1,22,-1.0463482786254446,-31.832993293053043,0,0.8,0.0,0.0,0.4
54,1,23,-0.0463482786254445,-31.832993293053043,0,0.8,0.0,0.0,0.4
55,1,24,0.9536517213745554,-31.832993293053043,0,0.8,0.0,0.0,0.4
56,1,25,1.953651721374556,-31.832993293053043,0,0.8,0.0,0.0,0.4
57,1,26,2.9536517213745554,-31.832993293053043,0,0.8,0.0,0.0,0.4
58,1,27,3.953651721374555,-31.832993293053043,0,0.8,0.0,0.0,0.4
59,1,28,4.9536517213745554,-31.832993293053043,0,0.8,0.0,0.0,0.4
60,1,29,5.9536517213745554,-31.832993293053043,0,0.8,0.0,0.0,0.4
61,1,30,6.9536517213745554,-31.832993293053043,0,0.8,0.0,0.0,0.4
62,2,0,-23.046348278625445,-30.832993293053043,0,0.8,0.0,0.0,0.4
63,2,1,-22.046348278625445,-30.832993293053043,0,0.8,0.0,0.0,0.4
64,2,2,-21.046348278625445,-30.832993293053043,0,0.8,0.0,0.0,0.4
65,2,3,-20.046348278625445,-30.832993293053043,0,0.8,0.0,0.0,0.4
66,2,4,-19.046348278625445,-30.832993293053043,0,0.8,0.0,0.0,0.4
67,2,5,-18.046348278625445,-30.832993293053043,0,0.8,0.0,0.0,0.4
68,2,6,-17.046348278625445,-30.832993293053043,0,0.8,0.0,0.0,0.4
69,2,7,-16.046348278625445,-30.832993293053043,0,0.8,0.0,0.0,0.4
70,2,8,-15.046348278625445,-30.832993293053043,0,0.8,0.0,0.0,0.4
71,2,9,-14.046348278625445,-30.832993293053043,0,0.8,0.0,0.0,0.4
72,2,10,-13.046348278625445,-30.832993293053043,0,0.8,0.0,0.0,0.4
73,2,11,-12.046348278625445,-30.832993293053043,0,0.8,0.0,0.0,0.4
74,2,12,-11.046348278625445,-30.832993293053043,0,0.8,0.0,0.0,0.4
75,2,13,-10.046348278625445,-30.832993293053043,0,0.8,0.0,0.0,0.4
76,2,14,-9.046348278625445,-30.832993293053043,0,0.8,0.0,0.0,0.4
77,2,15,-8.046348278625445,-30.832993293053043,0,0.8,0.0,0.0,0.4
78,2,16,-7.0463482786254446,-30.832993293053043,0,0.8,0.0,0.0,0.4
79,2,17,-6.0463482786254446,-30.832993293053043,1,0.2,0.0,0.0,0.1
80,2,18,-5.0463482786254446,-30.832993293053043,0,0.8,0.0,0.0,0.4
81,2,19,-4.0463482786254446,-30.832993293053043,0,0.8,0.0,0.0,0.4
82,2,20,-3.046348278625445,-30.832993293053043,0,0.8,0.0,0.0,0.4
83,2,21,-2.046348278625445,-30.832993293053043,0,0.8,0.0,0.0,0.4
84,2,22,-1.0463482786254446,-30.832993293053043,0,0.8,0.0,0.0,0.4
85,2,23,-0.0463482786254445,-30.832993293053043,0,0.8,0.0,0.0,0.4
86,2,24,0.9536517213745554,-30.832993293053043,0,0.8,0.0,0.0,0.4
87,2,25,1.953651721374556,-30.832993293053043,0,0.8,0.0,0.0,0.4
88,2,26,2.9536517213745554,-30.832993293053043,1,0.2,0.0,0.0,0.1
89,2,27,3.953651721374555,-30.832993293053043,1,0.2,0.0,0.0,0.1
90,2,28,4.9536517213745554,-30.832993293053043,0,0.8,0.0,0.0,0.4
91,2,29,5.9536517213745554,-30.832993293053043,0,0.8,0.0,0.0,0.4
92,2,30,6.9536517213745554,-30.832993293053043,0,0.8,0.0,0.0,0.4
93,3,0,-23.046348278625445,-29.832993293053043,0,0.8,0.0,0.0,0.4
94,3,1,-22.046348278625445,-29.832993293053043,0,0.8,0.0,0.0,0.4
95,3,2,-21.046348278625445,-29.832993293053043,0,0.8,0.0,0.0,0.4
96,3,3,-20.046348278625445,-29.832993293053043,0,0.8,0.0,0.0,0.4
97,3,4,-19.046348278625445,-29.832993293053043,0,0.8,0.0,0.0,0.4
98,3,5,-18.046348278625445,-29.832993293053043,0,0.8,0.0,0.0,0.4
99,3,6,-17.046348278625445,-29.832993293053043,0,0.8,0.0,0.0,0.4
100,3,7,-16.046348278625445,-29.832993293053043,0,0.8,0.0,0.0,0.4
101,3,8,-15.046348278625445,-29.832993293053043,0,0.8,0.0,0.0,0.4
102,3,9,-14.046348278625445,-29.832993293053043,0,0.8,0.0,0.0,0.4
103,3,10,-13.046348278625445,-29.832993293053043,0,0.8,0.0,0.0,0.4
104,3,11,-12.046348278625445,-29.832993293053043,0,0.8,0.0,0.0,0.4
105,3,12,-11.046348278625445,-29.832993293053043,0,0.8,0.0,0.0,0.4
106,3,13,-10.046348278625445,-29.832993293053043,0,0.8,0.0,0.0,0.4
107,3,14,-9.046348278625445,-29.832993293053043,0,0.8,0.0,0.0,0.4
108,3,15,-8.046348278625445,-29.832993293053043,1,0.2,0.0,0.0,0.1
109,3,16,-7.0463482786254446,-29.832993293053043,1,0.2,0.0,0.0,0.1
110,3,17,-6.0463482786254446,-29.832993293053043,1,0.2,0.06122207722587929,0.5335478889646966,0.36677394448234835
111,3,18,-5.0463482786254446,-29.832993293053043,1,0.2,0.0,0.0,0.1
112,3,19,-4.0463482786254446,-29.832993293053043,0,0.8,0.0,0.0,0.4
113,3,20,-3.046348278625445,-29.832993293053043,1,0.2,0.0,0.0,0.1
114,3,21,-2.046348278625445,-29.832993293053043,1,0.2,0.0,0.0,0.1
115,3,22,-1.0463482786254446,-29.832993293053043,0,0.8,0.0,0.0,0.4
116,3,23,-0.0463482786254445,-29.832993293053043,0,0.8,0.0,0.0,0.4
117,3,24,0.9536517213745554,-29.832993293053043,0,0.8,0.0,0.0,0.4
118,3,25,1.953651721374556,-29.832993293053043,1,0.2,0.0,0.0,0.1
119,3,26,2.9536517213745554,-29.832993293053043,1,0.2,0.027350761008772886,0.23589484846381722,0.2179474242319086
120,3,27,3.953651721374555,-29.832993293053043,1,0.2,0.03311085645685103,0.28651319210024895,0.24325659605012448
121,3,28,4.9536517213745554,-29.832993293053043,1,0.2,0.0,0.0,0.1
122,3,29,5.9536517213745554,-29.832993293053043,0,0.8,0.0,0.0,0.4
123,3,30,6.9536517213745554,-29.832993293053043,0,0.8,0.0,0.0,0.4
124,4,0,-23.046348278625445,-28.832993293053043,0,0.8,0.0,0.0,0.4
125,4,1,-22.046348278625445,-28.832993293053043,0,0.8,0.0,0.0,0.4
126,4,2,-21.046348278625445,-28.832993293053043,0,0.8,0.0,0.0,0.4
127,4,3,-20.046348278625445,-28.832993293053043,0,0.8,0.0,0.0,0.4
128,4,4,-19.046348278625445,-28.832993293053043,0,0.8,0.0,0.0,0.4
129,4,5,-18.046348278625445,-28.832993293053043,0,0.8,0.0,0.0,0.4
130,4,6,-17.046348278625445,-28.832993293053043,0,0.8,0.0,0.0,0.4
131,4,7,-16.046348278625445,-28.832993293053043,0,0.8,0.0,0.0,0.4
132,4,8,-15.046348278625445,-28.832993293053043,0,0.8,0.0,0.0,0.4
133,4,9,-14.046348278625445,-28.832993293053043,0,0.8,0.0,0.0,0.4
134,4,10,-13.046348278625445,-28.832993293053043,0,0.8,0.0,0.0,0.4
135,4,11,-12.046348278625445,-28.832993293053043,0,0.8,0.0,0.0,0.4
136,4,12,-11.046348278625445,-28.832993293053043,1,0.2,0.0,0.0,0.1
137,4,13,-10.046348278625445,-28.832993293053043,1,0.2,0.0,0.0,0.1
138,4,14,-9.046348278625445,-28.832993293053043,1,0.2,0.0,0.0,0.1
139,4,15,-8.046348278625445,-28.832993293053043,1,0.2,0.037238551184131635,0.3227863879205524,0.2613931939602762
140,4,16,-7.0463482786254446,-28.832993293053043,1,0.2,0.053166461363832795,0.4627570599612971,0.33137852998064854
141,4,17,-6.0463482786254446,-28.832993293053043,1,0.2,0.0,0.0,0.1
142,4,18,-5.0463482786254446,-28.832993293053043,1,0.2,0.0,0.0,0.1
143,4,19,-4.0463482786254446,-28.832993293053043,1,0.2,0.0,0.0,0.1
144,4,20,-3.046348278625445,-28.832993293053043,1,0.2,0.03273332857878264,0.2831955672385334,0.2415977836192667
145,4,21,-2.046348278625445,-28.832993293053043,1,0.2,0.0,0.0,0.1
146,4,22,-1.0463482786254446,-28.832993293053043,1,0.2,0.0,0.0,0.1
147,4,23,-0.0463482786254445,-28.832993293053043,1,0.2,0.0,0.0,0.1
148,4,24,0.9536517213745554,-28.832993293053043,1,0.2,0.0,0.0,0.1
149,4,25,1.953651721374556,-28.832993293053043,1,0.2,0.029238445879613165,0.25248337244415636,0.2262416862220782
150,4,26,2.9536517213745554,-28.832993293053043,1,0.2,0.0335595562212433,0.2904562585074509,0.24522812925372545
151,4,27,3.953651721374555,-28.832993293053043,1,0.2,0.08601610417531826,0.7514318784871954,0.4757159392435977
152,4,28,4.9536517213745554,-28.832993293053043,1,0.2,0.0,0.0,0.1
153,4,29,5.9536517213745554,-28.832993293053043,0,0.8,0.0,0.0,0.4
154,4,30,6.9536517213745554,-28.832993293053043,0,0.8,0.0,0.0,0.4
155,5,0,-23.046348278625445,-27.832993293053043,0,0.8,0.0,0.0,0.4
156,5,1,-22.046348278625445,-27.832993293053043,0,0.8,0.0,0.0,0.4
157,5,2,-21.046348278625445,-27.832993293053043,0,0.8,0.0,0.0,0.4
158,5,3,-20.046348278625445,-27.832993293053043,0,0.8,0.0,0.0,0.4
159,5,4,-19.046348278625445,-27.832993293053043,0,0.8,0.0,0.0,0.4
160,5,5,-18.046348278625445,-27.832993293053043,1,0.2,0.0,0.0,0.1
161,5,6,-17.046348278625445,-27.832993293053043,1,0.2,0.0,0.0,0.1
162,5,7,-16.046348278625445,-27.832993293053043,1,0.2,0.0,0.0,0.1
163,5,8,-15.046348278625445,-27.832993293053043,1,0.2,0.0,0.0,0.1
164,5,9,-14.046348278625445,-27.832993293053043,0,0.8,0.0,0.0,0.4
165,5,10,-13.046348278625445,-27.832993293053043,0,0.8,0.0,0.0,0.4
166,5,11,-12.046348278625445,-27.832993293053043,0,0.8,0.0,0.0,0.4
167,5,12,-11.046348278625445,-27.832993293053043,1,0.2,0.0,0.0,0.1
168,5,13,-10.046348278625445,-27.832993293053043,1,0.2,0.06148494069755945,0.535857870397975,0.3679289351989875
169,5,14,-9.046348278625445,-27.832993293053043,1,0.2,0.05162782790027037,0.44923591641581967,0.32461795820790984
170,5,15,-8.046348278625445,-27.832993293053043,1,0.2,0.06778476495927711,0.5912192219941801,0.39560961099709
171,5,16,-7.0463482786254446,-27.832993293053043,1,0.2,0.04734156800683598,0.41156928777109686,0.30578464388554844
172,5,17,-6.0463482786254446,-27.832993293053043,1,0.2,0.01626944092108926,0.13851485308009248,0.16925742654004625
173,5,18,-5.0463482786254446,-27.832993293053043,1,0.2,0.0,0.0,0.1
174,5,19,-4.0463482786254446,-27.832993293053043,1,0.2,0.0,0.0,0.1
175,5,20,-3.046348278625445,-27.832993293053043,1,0.2,0.056671424434294466,0.493557838652009,0.34677891932600446
176,5,21,-2.046348278625445,-27.832993293053043,1,0.2,0.05906673205309215,0.5146072301518874,0.35730361507594366
177,5,22,-1.0463482786254446,-27.832993293053043,1,0.2,0.04216425641530469,0.36607230953257647,0.28303615476628824
178,5,23,-0.0463482786254445,-27.832993293053043,1,0.2,0.020479818610067393,0.1755146470281196,0.18775732351405983
179,5,24,0.9536517213745554,-27.832993293053043,1,0.2,0.02317137542349247,0.1991674057240518,0.19958370286202592
180,5,25,1.953651721374556,-27.832993293053043,1,0.2,0.05861512041878506,0.5106385749270518,0.3553192874635259
181,5,26,2.9536517213745554,-27.832993293053043,1,0.2,0.0,0.0,0.1
182,5,27,3.953651721374555,-27.832993293053043,1,0.2,0.02975236453188834,0.2569995668677602,0.2284997834338801
183,5,28,4.9536517213745554,-27.832993293053043,1,0.2,0.0,0.0,0.1
184,5,29,5.9536517213745554,-27.832993293053043,0,0.8,0.0,0.0,0.4
185,5,30,6.9536517213745554,-27.832993293053043,0,0.8,0.0,0.0,0.4
186,6,0,-23.046348278625445,-26.832993293053043,0,0.8,0.0,0.0,0.4
187,6,1,-22.046348278625445,-26.832993293053043,0,0.8,0.0,0.0,0.4
188,6,2,-21.046348278625445,-26.832993293053043,0,0.8,0.0,0.0,0.4
189,6,3,-20.046348278625445,-26.832993293053043,0,0.8,0.0,0.0,0.4
190,6,4,-19.046348278625445,-26.832993293053043,1,0.2,0.0,0.0,0.1
191,6,5,-18.046348278625445,-26.832993293053043,1,0.2,0.026146973196813115,0.2253162485638002,0.21265812428190012
192,6,6,-17.046348278625445,-26.832993293053043,1,0.2,0.049346292178709006,0.4291863251870285,0.3145931625935142
193,6,7,-16.046348278625445,-26.832993293053043,1,0.2,0.06941216905654128,0.6055204606755876,0.40276023033779385
194,6,8,-15.046348278625445,-26.832993293053043,1,0.2,0.0,0.0,0.1
195,6,9,-14.046348278625445,-26.832993293053043,1,0.2,0.0,0.0,0.1
196,6,10,-13.046348278625445,-26.832993293053043,0,0.8,0.0,0.0,0.4
197,6,11,-12.046348278625445,-26.832993293053043,1,0.2,0.0,0.0,0.1
198,6,12,-11.046348278625445,-26.832993293053043,1,0.2,0.03313124945381138,0.2866924008889262,0.24334620044446312
199,6,13,-10.046348278625445,-26.832993293053043,1,0.2,0.0,0.0,0.1
200,6,14,-9.046348278625445,-26.832993293053043,1,0.2,0.0,0.0,0.1
201,6,15,-8.046348278625445,-26.832993293053043,1,0.2,0.0,0.0,0.1
202,6,16,-7.0463482786254446,-26.832993293053043,1,0.2,0.018889297782316135,0.1615375297137048,0.1807687648568524
203,6,17,-6.0463482786254446,-26.832993293053043,1,0.2,0.0,0.0,0.1
204,6,18,-5.0463482786254446,-26.832993293053043,1,0.2,0.07384324836557978,0.6444597277705503,0.42222986388527517
205,6,19,-4.0463482786254446,-26.832993293053043,1,0.2,0.022852270498121795,0.19636318782278767,0.19818159391139384
206,6,20,-3.046348278625445,-26.832993293053043,1,0.2,0.06678763730885896,0.5824567022558841,0.3912283511279421
207,6,21,-2.046348278625445,-26.832993293053043,1,0.2,0.06433106121839628,0.5608688980542071,0.38043444902710355
208,6,22,-1.0463482786254446,-26.832993293053043,1,0.2,0.05894421462926325,0.5135305762810056,0.3567652881405028
209,6,23,-0.0463482786254445,-26.832993293053043,1,0.2,0.046502059410530955,0.404191886650481,0.3020959433252405
210,6,24,0.9536517213745554,-26.832993293053043,1,0.2,0.0,0.0,0.1
211,6,25,1.953651721374556,-26.832993293053043,1,0.2,0.0,0.0,0.1
212,6,26,2.9536517213745554,-26.832993293053043,1,0.2,0.03403707005896046,0.29465253611197967,0.24732626805598984
213,6,27,3.953651721374555,-26.832993293053043,1,0.2,0.0,0.0,0.1
214,6,28,4.9536517213745554,-26.832993293053043,1,0.2,0.0,0.0,0.1
215,6,29,5.9536517213745554,-26.832993293053043,0,0.8,0.0,0.0,0.4
216,6,30,6.9536517213745554,-26.832993293053043,0,0.8,0.0,0.0,0.4
217,7,0,-23.046348278625445,-25.832993293053043,0,0.8,0.0,0.0,0.4
218,7,1,-22.046348278625445,-25.832993293053043,0,0.8,0.0,0.0,0.4
219,7,2,-21.046348278625445,-25.832993293053043,0,0.8,0.0,0.0,0.4
220,7,3,-20.046348278625445,-25.832993293053043,0,0.8,0.0,0.0,0.4
221,7,4,-19.046348278625445,-25.832993293053043,1,0.2,0.0,0.0,0.1
222,7,5,-18.046348278625445,-25.832993293053043,1,0.2,0.023504091012721454,0.20209123088990208,0.20104561544495103
223,7,6,-17.046348278625445,-25.832993293053043,1,0.2,0.0,0.0,0.1
224,7,7,-16.046348278625445,-25.832993293053043,1,0.2,0.033252622636791004,0.2877589994443998,0.2438794997221999
225,7,8,-15.046348278625445,-25.832993293053043,1,0.2,0.014170204755194413,0.12006726682442645,0.16003363341221322
226,7,9,-14.046348278625445,-25.832993293053043,1,0.2,0.016469708577909956,0.14027475743646825,0.17013737871823414
227,7,10,-13.046348278625445,-25.832993293053043,1,0.2,0.0,0.0,0.1
228,7,11,-12.046348278625445,-25.832993293053043,1,0.2,0.0,0.0,0.1
229,7,12,-11.046348278625445,-25.832993293053043,1,0.2,0.031520002139284284,0.27253314415695273,0.23626657207847637
230,7,13,-10.046348278625445,-25.832993293053043,1,0.2,0.0,0.0,0.1
231,7,14,-9.046348278625445,-25.832993293053043,0,0.8,0.0,0.0,0.4
232,7,15,-8.046348278625445,-25.832993293053043,1,0.2,0.0,0.0,0.1
233,7,16,-7.0463482786254446,-25.832993293053043,1,0.2,0.034261373712086714,0.29662366306555127,0.24831183153277564
234,7,17,-6.0463482786254446,-25.832993293053043,1,0.2,0.031829557781052925,0.2752534452337117,0.23762672261685586
235,7,18,-5.0463482786254446,-25.832993293053043,1,0.2,0.019125837845336145,0.1636161873161105,0.18180809365805525
236,7,19,-4.0463482786254446,-25.832993293053043,1,0.2,0.0,0.0,0.1
237,7,20,-3.046348278625445,-25.832993293053043,1,0.2,0.0,0.0,0.1
238,7,21,-2.046348278625445,-25.832993293053043,1,0.2,0.0,0.0,0.1
239,7,22,-1.0463482786254446,-25.832993293053043,1,0.2,0.0,0.0,0.1
240,7,23,-0.0463482786254445,-25.832993293053043,1,0.2,0.0,0.0,0.1
241,7,24,0.9536517213745554,-25.832993293053043,0,0.8,0.0,0.0,0.4
242,7,25,1.953651721374556,-25.832993293053043,1,0.2,0.0,0.0,0.1
243,7,26,2.9536517213745554,-25.832993293053043,1,0.2,0.007499034635832263,0.06144261648609972,0.13072130824304987
244,7,27,3.953651721374555,-25.832993293053043,1,0.2,0.0,0.0,0.1
245,7,28,4.9536517213745554,-25.832993293053043,0,0.8,0.0,0.0,0.4
246,7,29,5.9536517213745554,-25.832993293053043,0,0.8,0.0,0.0,0.4
247,7,30,6.9536517213745554,-25.832993293053043,0,0.8,0.0,0.0,0.4
248,8,0,-23.046348278625445,-24.832993293053043,0,0.8,0.0,0.0,0.4
249,8,1,-22.046348278625445,-24.832993293053043,0,0.8,0.0,0.0,0.4
250,8,2,-21.046348278625445,-24.832993293053043,0,0.8,0.0,0.0,0.4
251,8,3,-20.046348278625445,-24.832993293053043,0,0.8,0.0,0.0,0.4
252,8,4,-19.046348278625445,-24.832993293053043,1,0.2,0.0,0.0,0.1
253,8,5,-18.046348278625445,-24.832993293053043,1,0.2,0.02819180915733472,0.24328577880211427,0.22164288940105714
254,8,6,-17.046348278625445,-24.832993293053043,1,0.2,0.03417991917134342,0.295907860007901,0.2479539300039505
255,8,7,-16.046348278625445,-24.832993293053043,1,0.2,0.08702262849080211,0.7602769738747354,0.4801384869373677
256,8,8,-15.046348278625445,-24.832993293053043,1,0.2,0.0,0.0,0.1
257,8,9,-14.046348278625445,-24.832993293053043,1,0.2,0.05976992354452028,0.5207867090990982,0.3603933545495491
258,8,10,-13.046348278625445,-24.832993293053043,1,0.2,0.0,0.0,0.1
259,8,11,-12.046348278625445,-24.832993293053043,1,0.2,0.0,0.0,0.1
260,8,12,-11.046348278625445,-24.832993293053043,1,0.2,0.043611057497320804,0.3787864520330254,0.28939322601651274
261,8,13,-10.046348278625445,-24.832993293053043,1,0.2,0.0,0.0,0.1
262,8,14,-9.046348278625445,-24.832993293053043,0,0.8,0.0,0.0,0.4
263,8,15,-8.046348278625445,-24.832993293053043,1,0.2,0.0,0.0,0.1
264,8,16,-7.0463482786254446,-24.832993293053043,1,0.2,0.019927236561720362,0.1706586879103092,0.1853293439551546
265,8,17,-6.0463482786254446,-24.832993293053043,1,0.2,0.0,0.0,0.1
266,8,18,-5.0463482786254446,-24.832993293053043,1,0.2,0.0,0.0,0.1
267,8,19,-4.0463482786254446,-24.832993293053043,0,0.8,0.0,0.0,0.4
268,8,20,-3.046348278625445,-24.832993293053043,0,0.8,0.0,0.0,0.4
269,8,21,-2.046348278625445,-24.832993293053043,0,0.8,0.0,0.0,0.4
270,8,22,-1.0463482786254446,-24.832993293053043,0,0.8,0.0,0.0,0.4
271,8,23,-0.0463482786254445,-24.832993293053043,0,0.8,0.0,0.0,0.4
272,8,24,0.9536517213745554,-24.832993293053043,0,0.8,0.0,0.0,0.4
273,8,25,1.953651721374556,-24.832993293053043,1,0.2,0.0,0.0,0.1
274,8,26,2.9536517213745554,-24.832993293053043,1,0.2,0.015240529566789401,0.12947302574010391,0.16473651287005198
275,8,27,3.953651721374555,-24.832993293053043,1,0.2,0.0,0.0,0.1
276,8,28,4.9536517213745554,-24.832993293053043,0,0.8,0.0,0.0,0.4
277,8,29,5.9536517213745554,-24.832993293053043,0,0.8,0.0,0.0,0.4
278,8,30,6.9536517213745554,-24.832993293053043,0,0.8,0.0,0.0,0.4
279,9,0,-23.046348278625445,-23.832993293053043,0,0.8,0.0,0.0,0.4
280,9,1,-22.046348278625445,-23.832993293053043,0,0.8,0.0,0.0,0.4
281,9,2,-21.046348278625445,-23.832993293053043,0,0.8,0.0,0.0,0.4
282,9,3,-20.046348278625445,-23.832993293053043,1,0.2,0.0,0.0,0.1
283,9,4,-19.046348278625445,-23.832993293053043,0,0.8,0.0,0.0,0.4
284,9,5,-18.046348278625445,-23.832993293053043,1,0.2,0.0,0.0,0.1
285,9,6,-17.046348278625445,-23.832993293053043,1,0.2,0.034647205253699485,0.30001425854008384,0.25000712927004193
286,9,7,-16.046348278625445,-23.832993293053043,1,0.2,0.03745776969450916,0.32471282785367167,0.26235641392683584
287,9,8,-15.046348278625445,-23.832993293053043,1,0.2,0.06552905273674157,0.5713965615097433,0.38569828075487167
288,9,9,-14.046348278625445,-23.832993293053043,1,0.2,0.006375020743305581,0.05156505074488929,0.12578252537244466
289,9,10,-13.046348278625445,-23.832993293053043,1,0.2,0.018605979469903167,0.1590477960234413,0.17952389801172064
290,9,11,-12.046348278625445,-23.832993293053043,1,0.2,0.000507195114539248,0.0,0.1
291,9,12,-11.046348278625445,-23.832993293053043,1,0.2,0.0036387916358185677,0.027519722593773985,0.113759861296887
292,9,13,-10.046348278625445,-23.832993293053043,1,0.2,0.0,0.0,0.1
293,9,14,-9.046348278625445,-23.832993293053043,0,0.8,0.0,0.0,0.4
294,9,15,-8.046348278625445,-23.832993293053043,0,0.8,0.0,0.0,0.4
295,9,16,-7.0463482786254446,-23.832993293053043,1,0.2,0.0,0.0,0.1
296,9,17,-6.0463482786254446,-23.832993293053043,1,0.2,0.0,0.0,0.1
297,9,18,-5.0463482786254446,-23.832993293053043,0,0.8,0.0,0.0,0.4
298,9,19,-4.0463482786254446,-23.832993293053043,0,0.8,0.0,0.0,0.4
299,9,20,-3.046348278625445,-23.832993293053043,0,0.8,0.0,0.0,0.4
300,9,21,-2.046348278625445,-23.832993293053043,0,0.8,0.0,0.0,0.4
301,9,22,-1.0463482786254446,-23.832993293053043,0,0.8,0.0,0.0,0.4
302,9,23,-0.0463482786254445,-23.832993293053043,0,0.8,0.0,0.0,0.4
303,9,24,0.9536517213745554,-23.832993293053043,1,0.2,0.0,0.0,0.1
304,9,25,1.953651721374556,-23.832993293053043,1,0.2,0.09273896818906772,0.8105108024280325,0.5052554012140162
305,9,26,2.9536517213745554,-23.832993293053043,1,0.2,0.0,0.0,0.1
306,9,27,3.953651721374555,-23.832993293053043,0,0.8,0.0,0.0,0.4
307,9,28,4.9536517213745554,-23.832993293053043,0,0.8,0.0,0.0,0.4
308,9,29,5.9536517213745554,-23.832993293053043,0,0.8,0.0,0.0,0.4
309,9,30,6.9536517213745554,-23.832993293053043,0,0.8,0.0,0.0,0.4
310,10,0,-23.046348278625445,-22.832993293053043,0,0.8,0.0,0.0,0.4
311,10,1,-22.046348278625445,-22.832993293053043,1,0.2,0.0,0.0,0.1
312,10,2,-21.046348278625445,-22.832993293053043,1,0.2,0.0,0.0,0.1
313,10,3,-20.046348278625445,-22.832993293053043,1,0.2,0.036877093546492594,0.31960998449513167,0.2598049922475658
314,10,4,-19.046348278625445,-22.832993293053043,1,0.2,0.0,0.0,0.1
315,10,5,-18.046348278625445,-22.832993293053043,1,0.2,0.0,0.0,0.1
316,10,6,-17.046348278625445,-22.832993293053043,1,0.2,0.05791687598761277,0.5045025695643114,0.3522512847821557
317,10,7,-16.046348278625445,-22.832993293053043,1,0.2,0.02119109221763349,0.18176514968243201,0.190882574841216
318,10,8,-15.046348278625445,-22.832993293053043,1,0.2,0.06017583203732394,0.5243537360275387,0.36217686801376936
319,10,9,-14.046348278625445,-22.832993293053043,1,0.2,0.033535184643244884,0.2902420868984548,0.24512104344922742
320,10,10,-13.046348278625445,-22.832993293053043,1,0.2,0.04901785254755698,0.42630007611991916,0.31315003805995956
321,10,11,-12.046348278625445,-22.832993293053043,1,0.2,0.03014405091357955,0.2604416132791216,0.2302208066395608
322,10,12,-11.046348278625445,-22.832993293053043,1,0.2,0.040305932158886504,0.3497417996222455,0.2748708998111228
323,10,13,-10.046348278625445,-22.832993293053043,1,0.2,0.0,0.0,0.1
324,10,14,-9.046348278625445,-22.832993293053043,0,0.8,0.0,0.0,0.4
325,10,15,-8.046348278625445,-22.832993293053043,0,0.8,0.0,0.0,0.4
326,10,16,-7.0463482786254446,-22.832993293053043,0,0.8,0.0,0.0,0.4
327,10,17,-6.0463482786254446,-22.832993293053043,0,0.8,0.0,0.0,0.4
328,10,18,-5.0463482786254446,-22.832993293053043,0,0.8,0.0,0.0,0.4
329,10,19,-4.0463482786254446,-22.832993293053043,0,0.8,0.0,0.0,0.4
330,10,20,-3.046348278625445,-22.832993293053043,0,0.8,0.0,0.0,0.4
331,10,21,-2.046348278625445,-22.832993293053043,0,0.8,0.0,0.0,0.4
332,10,22,-1.0463482786254446,-22.832993293053043,0,0.8,0.0,0.0,0.4
333,10,23,-0.0463482786254445,-22.832993293053043,0,0.8,0.0,0.0,0.4
334,10,24,0.9536517213745554,-22.832993293053043,1,0.2,0.0,0.0,0.1
335,10,25,1.953651721374556,-22.832993293053043,1,0.2,0.03456204974364425,0.2992659322476871,0.24963296612384356
336,10,26,2.9536517213745554,-22.832993293053043,1,0.2,0.0,0.0,0.1
337,10,27,3.953651721374555,-22.832993293053043,0,0.8,0.0,0.0,0.4
338,10,28,4.9536517213745554,-22.832993293053043,0,0.8,0.0,0.0,0.4
339,10,29,5.9536517213745554,-22.832993293053043,0,0.8,0.0,0.0,0.4
340,10,30,6.9536517213745554,-22.832993293053043,0,0.8,0.0,0.0,0.4
341,11,0,-23.046348278625445,-21.832993293053043,0,0.8,0.0,0.0,0.4
342,11,1,-22.046348278625445,-21.832993293053043,1,0.2,0.0,0.0,0.1
343,11,2,-21.046348278625445,-21.832993293053043,1,0.2,0.07326822015368395,0.6394065171262548,0.4197032585631274
344,11,3,-20.046348278625445,-21.832993293053043,1,0.2,0.0,0.0,0.1
345,11,4,-19.046348278625445,-21.832993293053043,1,0.2,0.053329374669031475,0.46418870319357114,0.3320943515967856
346,11,5,-18.046348278625445,-21.832993293053043,1,0.2,0.04647584543662805,0.4039615245061286,0.3019807622530643
347,11,6,-17.046348278625445,-21.832993293053043,1,0.2,0.04026742704012244,0.34940342583123285,0.2747017129156164
348,11,7,-16.046348278625445,-21.832993293053043,1,0.2,0.03481887730188484,0.30152287151466844,0.25076143575733423
349,11,8,-15.046348278625445,-21.832993293053043,1,0.2,0.04111956408126301,0.35689180271015714,0.2784459013550786
350,11,9,-14.046348278625445,-21.832993293053043,1,0.2,0.036110917887609326,0.3128770157211224,0.2564385078605612
351,11,10,-13.046348278625445,-21.832993293053043,1,0.2,0.05758720857662427,0.5016055310611185,0.3508027655305592
352,11,11,-12.046348278625445,-21.832993293053043,1,0.2,0.04583841593668749,0.3983599462401373,0.29917997312006867
353,11,12,-11.046348278625445,-21.832993293053043,1,0.2,0.04319476409130672,0.37512816496657897,0.28756408248328946
354,11,13,-10.046348278625445,-21.832993293053043,1,0.2,0.0,0.0,0.1
355,11,14,-9.046348278625445,-21.832993293053043,0,0.8,0.0,0.0,0.4
356,11,15,-8.046348278625445,-21.832993293053043,0,0.8,0.0,0.0,0.4
357,11,16,-7.0463482786254446,-21.832993293053043,0,0.8,0.0,0.0,0.4
358,11,17,-6.0463482786254446,-21.832993293053043,0,0.8,0.0,0.0,0.4
359,11,18,-5.0463482786254446,-21.832993293053043,0,0.8,0.0,0.0,0.4
360,11,19,-4.0463482786254446,-21.832993293053043,0,0.8,0.0,0.0,0.4
361,11,20,-3.046348278625445,-21.832993293053043,0,0.8,0.0,0.0,0.4
362,11,21,-2.046348278625445,-21.832993293053043,0,0.8,0.0,0.0,0.4
363,11,22,-1.0463482786254446,-21.832993293053043,0,0.8,0.0,0.0,0.4
364,11,23,-0.0463482786254445,-21.832993293053043,1,0.2,0.0,0.0,0.1
365,11,24,0.9536517213745554,-21.832993293053043,1,0.2,0.03756229528632756,0.3256313738002029,0.2628156869001015
366,11,25,1.953651721374556,-21.832993293053043,1,0.2,0.0,0.0,0.1
367,11,26,2.9536517213745554,-21.832993293053043,1,0.2,0.0,0.0,0.1
368,11,27,3.953651721374555,-21.832993293053043,0,0.8,0.0,0.0,0.4
369,11,28,4.9536517213745554,-21.832993293053043,0,0.8,0.0,0.0,0.4
370,11,29,5.9536517213745554,-21.832993293053043,0,0.8,0.0,0.0,0.4
371,11,30,6.9536517213745554,-21.832993293053043,0,0.8,0.0,0.0,0.4
372,12,0,-23.046348278625445,-20.832993293053043,0,0.8,0.0,0.0,0.4
373,12,1,-22.046348278625445,-20.832993293053043,1,0.2,0.0,0.0,0.1
374,12,2,-21.046348278625445,-20.832993293053043,1,0.2,0.024082507698315648,0.2071742186320968,0.2035871093160484
375,12,3,-20.046348278625445,-20.832993293053043,1,0.2,0.0452317720939806,0.3930289049801685,0.29651445249008423
376,12,4,-19.046348278625445,-20.832993293053043,1,0.2,0.05476211452307313,0.4767792789795486,0.3383896394897743
377,12,5,-18.046348278625445,-20.832993293053043,1,0.2,0.026633363297882486,0.22959052865155513,0.21479526432577756
378,12,6,-17.046348278625445,-20.832993293053043,1,0.2,0.0,0.0,0.1
379,12,7,-16.046348278625445,-20.832993293053043,1,0.2,0.0,0.0,0.1
380,12,8,-15.046348278625445,-20.832993293053043,1,0.2,0.040826050329706876,0.35431247393475573,0.2771562369673779
381,12,9,-14.046348278625445,-20.832993293053043,1,0.2,0.0,0.0,0.1
382,12,10,-13.046348278625445,-20.832993293053043,1,0.2,0.0,0.0,0.1
383,12,11,-12.046348278625445,-20.832993293053043,1,0.2,0.0,0.0,0.1
384,12,12,-11.046348278625445,-20.832993293053043,1,0.2,0.0,0.0,0.1
385,12,13,-10.046348278625445,-20.832993293053043,0,0.8,0.0,0.0,0.4
386,12,14,-9.046348278625445,-20.832993293053043,0,0.8,0.0,0.0,0.4
387,12,15,-8.046348278625445,-20.832993293053043,0,0.8,0.0,0.0,0.4
388,12,16,-7.0463482786254446,-20.832993293053043,0,0.8,0.0,0.0,0.4
389,12,17,-6.0463482786254446,-20.832993293053043,0,0.8,0.0,0.0,0.4
390,12,18,-5.0463482786254446,-20.832993293053043,0,0.8,0.0,0.0,0.4
391,12,19,-4.0463482786254446,-20.832993293053043,0,0.8,0.0,0.0,0.4
392,12,20,-3.046348278625445,-20.832993293053043,0,0.8,0.0,0.0,0.4
393,12,21,-2.046348278625445,-20.832993293053043,0,0.8,0.0,0.0,0.4
394,12,22,-1.0463482786254446,-20.832993293053043,0,0.8,0.0,0.0,0.4
395,12,23,-0.0463482786254445,-20.832993293053043,1,0.2,0.0,0.0,0.1
396,12,24,0.9536517213745554,-20.832993293053043,1,0.2,0.0736541259130143,0.6427977648083708,0.42139888240418544
397,12,25,1.953651721374556,-20.832993293053043,1,0.2,0.0,0.0,0.1
398,12,26,2.9536517213745554,-20.832993293053043,0,0.8,0.0,0.0,0.4
399,12,27,3.953651721374555,-20.832993293053043,0,0.8,0.0,0.0,0.4
400,12,28,4.9536517213745554,-20.832993293053043,0,0.8,0.0,0.0,0.4
401,12,29,5.9536517213745554,-20.832993293053043,0,0.8,0.0,0.0,0.4
402,12,30,6.9536517213745554,-20.832993293053043,0,0.8,0.0,0.0,0.4
403,13,0,-23.046348278625445,-19.832993293053043,0,0.8,0.0,0.0,0.4
404,13,1,-22.046348278625445,-19.832993293053043,0,0.8,0.0,0.0,0.4
405,13,2,-21.046348278625445,-19.832993293053043,1,0.2,0.0,0.0,0.1
406,13,3,-20.046348278625445,-19.832993293053043,1,0.2,0.028956843307737637,0.2500087162721211,0.22500435813606057
407,13,4,-19.046348278625445,-19.832993293053043,1,0.2,0.0,0.0,0.1
408,13,5,-18.046348278625445,-19.832993293053043,1,0.2,0.0,0.0,0.1
409,13,6,-17.046348278625445,-19.832993293053043,1,0.2,0.05197078902863171,0.452249776933552,0.326124888466776
410,13,7,-16.046348278625445,-19.832993293053043,1,0.2,0.07051673043397352,0.6152270823582284,0.4076135411791142
411,13,8,-15.046348278625445,-19.832993293053043,1,0.2,0.0,0.0,0.1
412,13,9,-14.046348278625445,-19.832993293053043,0,0.8,0.0,0.0,0.4
413,13,10,-13.046348278625445,-19.832993293053043,0,0.8,0.0,0.0,0.4
414,13,11,-12.046348278625445,-19.832993293053043,0,0.8,0.0,0.0,0.4
415,13,12,-11.046348278625445,-19.832993293053043,0,0.8,0.0,0.0,0.4
416,13,13,-10.046348278625445,-19.832993293053043,0,0.8,0.0,0.0,0.4
417,13,14,-9.046348278625445,-19.832993293053043,0,0.8,0.0,0.0,0.4
418,13,15,-8.046348278625445,-19.832993293053043,0,0.8,0.0,0.0,0.4
419,13,16,-7.0463482786254446,-19.832993293053043,0,0.8,0.0,0.0,0.4
420,13,17,-6.0463482786254446,-19.832993293053043,0,0.8,0.0,0.0,0.4
421,13,18,-5.0463482786254446,-19.832993293053043,0,0.8,0.0,0.0,0.4
422,13,19,-4.0463482786254446,-19.832993293053043,0,0.8,0.0,0.0,0.4
423,13,20,-3.046348278625445,-19.832993293053043,0,0.8,0.0,0.0,0.4
424,13,21,-2.046348278625445,-19.832993293053043,0,0.8,0.0,0.0,0.4
425,13,22,-1.0463482786254446,-19.832993293053043,0,0.8,0.0,0.0,0.4
426,13,23,-0.0463482786254445,-19.832993293053043,1,0.2,0.0,0.0,0.1
427,13,24,0.9536517213745554,-19.832993293053043,1,0.2,0.06130069449350601,0.5342387587435671,0.3671193793717835
428,13,25,1.953651721374556,-19.832993293053043,1,0.2,0.0,0.0,0.1
429,13,26,2.9536517213745554,-19.832993293053043,0,0.8,0.0,0.0,0.4
430,13,27,3.953651721374555,-19.832993293053043,0,0.8,0.0,0.0,0.4
431,13,28,4.9536517213745554,-19.832993293053043,0,0.8,0.0,0.0,0.4
432,13,29,5.9536517213745554,-19.832993293053043,0,0.8,0.0,0.0,0.4
433,13,30,6.9536517213745554,-19.832993293053043,0,0.8,0.0,0.0,0.4
434,14,0,-23.046348278625445,-18.832993293053043,0,0.8,0.0,0.0,0.4
435,14,1,-22.046348278625445,-18.832993293053043,0,0.8,0.0,0.0,0.4
436,14,2,-21.046348278625445,-18.832993293053043,1,0.2,0.0,0.0,0.1
437,14,3,-20.046348278625445,-18.832993293053043,1,0.2,0.07714636356958893,0.6734867155999,0.43674335779995
438,14,4,-19.046348278625445,-18.832993293053043,1,0.2,0.0,0.0,0.1
439,14,5,-18.046348278625445,-18.832993293053043,1,0.2,0.06155496649251819,0.5364732403661616,0.3682366201830808
440,14,6,-17.046348278625445,-18.832993293053043,1,0.2,0.0,0.0,0.1
441,14,7,-16.046348278625445,-18.832993293053043,1,0.2,0.0,0.0,0.1
442,14,8,-15.046348278625445,-18.832993293053043,0,0.8,0.0,0.0,0.4
443,14,9,-14.046348278625445,-18.832993293053043,0,0.8,0.0,0.0,0.4
444,14,10,-13.046348278625445,-18.832993293053043,0,0.8,0.0,0.0,0.4
445,14,11,-12.046348278625445,-18.832993293053043,0,0.8,0.0,0.0,0.4
446,14,12,-11.046348278625445,-18.832993293053043,0,0.8,0.0,0.0,0.4
447,14,13,-10.046348278625445,-18.832993293053043,0,0.8,0.0,0.0,0.4
448,14,14,-9.046348278625445,-18.832993293053043,0,0.8,0.0,0.0,0.4
449,14,15,-8.046348278625445,-18.832993293053043,0,0.8,0.0,0.0,0.4
450,14,16,-7.0463482786254446,-18.832993293053043,0,0.8,0.0,0.0,0.4
451,14,17,-6.0463482786254446,-18.832993293053043,0,0.8,0.0,0.0,0.4
452,14,18,-5.0463482786254446,-18.832993293053043,0,0.8,0.0,0.0,0.4
453,14,19,-4.0463482786254446,-18.832993293053043,0,0.8,0.0,0.0,0.4
454,14,20,-3.046348278625445,-18.832993293053043,0,0.8,0.0,0.0,0.4
455,14,21,-2.046348278625445,-18.832993293053043,0,0.8,0.0,0.0,0.4
456,14,22,-1.0463482786254446,-18.832993293053043,1,0.2,0.0,0.0,0.1
457,14,23,-0.0463482786254445,-18.832993293053043,1,0.2,0.013407059233442438,0.11336092617211416,0.1566804630860571
458,14,24,0.9536517213745554,-18.832993293053043,1,0.2,0.0,0.0,0.1
459,14,25,1.953651721374556,-18.832993293053043,0,0.8,0.0,0.0,0.4
460,14,26,2.9536517213745554,-18.832993293053043,0,0.8,0.0,0.0,0.4
461,14,27,3.953651721374555,-18.832993293053043,0,0.8,0.0,0.0,0.4
462,14,28,4.9536517213745554,-18.832993293053043,0,0.8,0.0,0.0,0.4
463,14,29,5.9536517213745554,-18.832993293053043,0,0.8,0.0,0.0,0.4
464,14,30,6.9536517213745554,-18.832993293053043,0,0.8,0.0,0.0,0.4
465,15,0,-23.046348278625445,-17.832993293053043,0,0.8,0.0,0.0,0.4
466,15,1,-22.046348278625445,-17.832993293053043,0,0.8,0.0,0.0,0.4
467,15,2,-21.046348278625445,-17.832993293053043,1,0.2,0.0,0.0,0.1
468,15,3,-20.046348278625445,-17.832993293053043,1,0.2,0.0,0.0,0.1
469,15,4,-19.046348278625445,-17.832993293053043,1,0.2,0.0503759342044796,0.43823457349346184,0.3191172867467309
470,15,5,-18.046348278625445,-17.832993293053043,1,0.2,0.038025058765345544,0.3296980287739739,0.26484901438698694
471,15,6,-17.046348278625445,-17.832993293053043,1,0.2,0.0,0.0,0.1
472,15,7,-16.046348278625445,-17.832993293053043,0,0.8,0.0,0.0,0.4
473,15,8,-15.046348278625445,-17.832993293053043,0,0.8,0.0,0.0,0.4
474,15,9,-14.046348278625445,-17.832993293053043,0,0.8,0.0,0.0,0.4
475,15,10,-13.046348278625445,-17.832993293053043,0,0.8,0.0,0.0,0.4
476,15,11,-12.046348278625445,-17.832993293053043,0,0.8,0.0,0.0,0.4
477,15,12,-11.046348278625445,-17.832993293053043,0,0.8,0.0,0.0,0.4
478,15,13,-10.046348278625445,-17.832993293053043,0,0.8,0.0,0.0,0.4
479,15,14,-9.046348278625445,-17.832993293053043,0,0.8,0.0,0.0,0.4
480,15,15,-8.046348278625445,-17.832993293053043,0,0.8,0.0,0.0,0.4
481,15,16,-7.0463482786254446,-17.832993293053043,0,0.8,0.0,0.0,0.4
482,15,17,-6.0463482786254446,-17.832993293053043,0,0.8,0.0,0.0,0.4
483,15,18,-5.0463482786254446,-17.832993293053043,0,0.8,0.0,0.0,0.4
484,15,19,-4.0463482786254446,-17.832993293053043,0,0.8,0.0,0.0,0.4
485,15,20,-3.046348278625445,-17.832993293053043,0,0.8,0.0,0.0,0.4
486,15,21,-2.046348278625445,-17.832993293053043,0,0.8,0.0,0.0,0.4
487,15,22,-1.0463482786254446,-17.832993293053043,1,0.2,0.0,0.0,0.1
488,15,23,-0.0463482786254445,-17.832993293053043,1,0.2,0.032874329988373696,0.28443465396343875,0.24221732698171938
489,15,24,0.9536517213745554,-17.832993293053043,1,0.2,0.0,0.0,0.1
490,15,25,1.953651721374556,-17.832993293053043,0,0.8,0.0,0.0,0.4
491,15,26,2.9536517213745554,-17.832993293053043,0,0.8,0.0,0.0,0.4
492,15,27,3.953651721374555,-17.832993293053043,0,0.8,0.0,0.0,0.4
493,15,28,4.9536517213745554,-17.832993293053043,0,0.8,0.0,0.0,0.4
494,15,29,5.9536517213745554,-17.832993293053043,0,0.8,0.0,0.0,0.4
495,15,30,6.9536517213745554,-17.832993293053043,0,0.8,0.0,0.0,0.4
496,16,0,-23.046348278625445,-16.832993293053043,0,0.8,0.0,0.0,0.4
497,16,1,-22.046348278625445,-16.832993293053043,0,0.8,0.0,0.0,0.4
498,16,2,-21.046348278625445,-16.832993293053043,0,0.8,0.0,0.0,0.4
499,16,3,-20.046348278625445,-16.832993293053043,1,0.2,0.0,0.0,0.1
500,16,4,-19.046348278625445,-16.832993293053043,1,0.2,0.08170250553225253,0.713525003437547,0.45676250171877353
501,16,5,-18.046348278625445,-16.832993293053043,1,0.2,0.0,0.0,0.1
502,16,6,-17.046348278625445,-16.832993293053043,0,0.8,0.0,0.0,0.4
503,16,7,-16.046348278625445,-16.832993293053043,0,0.8,0.0,0.0,0.4
504,16,8,-15.046348278625445,-16.832993293053043,0,0.8,0.0,0.0,0.4
505,16,9,-14.046348278625445,-16.832993293053043,0,0.8,0.0,0.0,0.4
506,16,10,-13.046348278625445,-16.832993293053043,0,0.8,0.0,0.0,0.4
507,16,11,-12.046348278625445,-16.832993293053043,0,0.8,0.0,0.0,0.4
508,16,12,-11.046348278625445,-16.832993293053043,0,0.8,0.0,0.0,0.4
509,16,13,-10.046348278625445,-16.832993293053043,0,0.8,0.0,0.0,0.4
510,16,14,-9.046348278625445,-16.832993293053043,0,0.8,0.0,0.0,0.4
511,16,15,-8.046348278625445,-16.832993293053043,0,0.8,0.0,0.0,0.4
512,16,16,-7.0463482786254446,-16.832993293053043,0,0.8,0.0,0.0,0.4
513,16,17,-6.0463482786254446,-16.832993293053043,0,0.8,0.0,0.0,0.4
514,16,18,-5.0463482786254446,-16.832993293053043,0,0.8,0.0,0.0,0.4
515,16,19,-4.0463482786254446,-16.832993293053043,0,0.8,0.0,0.0,0.4
516,16,20,-3.046348278625445,-16.832993293053043,0,0.8,0.0,0.0,0.4
517,16,21,-2.046348278625445,-16.832993293053043,1,0.2,0.0,0.0,0.1
518,16,22,-1.0463482786254446,-16.832993293053043,1,0.2,0.0,0.0,0.1
519,16,23,-0.0463482786254445,-16.832993293053043,1,0.2,0.0657675794557651,0.573492677370815,0.38674633868540753
520,16,24,0.9536517213745554,-16.832993293053043,1,0.2,0.0,0.0,0.1
521,16,25,1.953651721374556,-16.832993293053043,0,0.8,0.0,0.0,0.4
522,16,26,2.9536517213745554,-16.832993293053043,0,0.8,0.0,0.0,0.4
523,16,27,3.953651721374555,-16.832993293053043,0,0.8,0.0,0.0,0.4
524,16,28,4.9536517213745554,-16.832993293053043,0,0.8,0.0,0.0,0.4
525,16,29,5.9536517213745554,-16.832993293053043,0,0.8,0.0,0.0,0.4
526,16,30,6.9536517213745554,-16.832993293053043,0,0.8,0.0,0.0,0.4
527,17,0,-23.046348278625445,-15.832993293053043,0,0.8,0.0,0.0,0.4
528,17,1,-22.046348278625445,-15.832993293053043,0,0.8,0.0,0.0,0.4
529,17,2,-21.046348278625445,-15.832993293053043,0,0.8,0.0,0.0,0.4
530,17,3,-20.046348278625445,-15.832993293053043,1,0.2,0.0,0.0,0.1
531,17,4,-19.046348278625445,-15.832993293053043,1,0.2,0.09974198322884285,0.8720516267025175,0.5360258133512588
532,17,5,-18.046348278625445,-15.832993293053043,1,0.2,0.0,0.0,0.1
533,17,6,-17.046348278625445,-15.832993293053043,0,0.8,0.0,0.0,0.4
534,17,7,-16.046348278625445,-15.832993293053043,0,0.8,0.0,0.0,0.4
535,17,8,-15.046348278625445,-15.832993293053043,0,0.8,0.0,0.0,0.4
536,17,9,-14.046348278625445,-15.832993293053043,0,0.8,0.0,0.0,0.4
537,17,10,-13.046348278625445,-15.832993293053043,0,0.8,0.0,0.0,0.4
538,17,11,-12.046348278625445,-15.832993293053043,0,0.8,0.0,0.0,0.4
539,17,12,-11.046348278625445,-15.832993293053043,0,0.8,0.0,0.0,0.4
540,17,13,-10.046348278625445,-15.832993293053043,0,0.8,0.0,0.0,0.4
541,17,14,-9.046348278625445,-15.832993293053043,0,0.8,0.0,0.0,0.4
542,17,15,-8.046348278625445,-15.832993293053043,0,0.8,0.0,0.0,0.4
543,17,16,-7.0463482786254446,-15.832993293053043,0,0.8,0.0,0.0,0.4
544,17,17,-6.0463482786254446,-15.832993293053043,0,0.8,0.0,0.0,0.4
545,17,18,-5.0463482786254446,-15.832993293053043,0,0.8,0.0,0.0,0.4
546,17,19,-4.0463482786254446,-15.832993293053043,0,0.8,0.0,0.0,0.4
547,17,20,-3.046348278625445,-15.832993293053043,0,0.8,0.0,0.0,0.4
548,17,21,-2.046348278625445,-15.832993293053043,1,0.2,0.0,0.0,0.1
549,17,22,-1.0463482786254446,-15.832993293053043,1,0.2,0.03617897470191148,0.3134750827573721,0.2567375413786861
550,17,23,-0.0463482786254445,-15.832993293053043,1,0.2,0.0,0.0,0.1
551,17,24,0.9536517213745554,-15.832993293053043,0,0.8,0.0,0.0,0.4
552,17,25,1.953651721374556,-15.832993293053043,0,0.8,0.0,0.0,0.4
553,17,26,2.9536517213745554,-15.832993293053043,0,0.8,0.0,0.0,0.4
554,17,27,3.953651721374555,-15.832993293053043,0,0.8,0.0,0.0,0.4
555,17,28,4.9536517213745554,-15.832993293053043,0,0.8,0.0,0.0,0.4
556,17,29,5.9536517213745554,-15.832993293053043,0,0.8,0.0,0.0,0.4
557,17,30,6.9536517213745554,-15.832993293053043,0,0.8,0.0,0.0,0.4
558,18,0,-23.046348278625445,-14.832993293053043,0,0.8,0.0,0.0,0.4
559,18,1,-22.046348278625445,-14.832993293053043,0,0.8,0.0,0.0,0.4
560,18,2,-21.046348278625445,-14.832993293053043,0,0.8,0.0,0.0,0.4
561,18,3,-20.046348278625445,-14.832993293053043,1,0.2,0.0,0.0,0.1
562,18,4,-19.046348278625445,-14.832993293053043,1,0.2,0.0,0.0,0.1
563,18,5,-18.046348278625445,-14.832993293053043,1,0.2,0.0,0.0,0.1
564,18,6,-17.046348278625445,-14.832993293053043,0,0.8,0.0,0.0,0.4
565,18,7,-16.046348278625445,-14.832993293053043,0,0.8,0.0,0.0,0.4
566,18,8,-15.046348278625445,-14.832993293053043,0,0.8,0.0,0.0,0.4
567,18,9,-14.046348278625445,-14.832993293053043,0,0.8,0.0,0.0,0.4
568,18,10,-13.046348278625445,-14.832993293053043,0,0.8,0.0,0.0,0.4
569,18,11,-12.046348278625445,-14.832993293053043,0,0.8,0.0,0.0,0.4
570,18,12,-11.046348278625445,-14.832993293053043,0,0.8,0.0,0.0,0.4
571,18,13,-10.046348278625445,-14.832993293053043,0,0.8,0.0,0.0,0.4
572,18,14,-9.046348278625445,-14.832993293053043,0,0.8,0.0,0.0,0.4
573,18,15,-8.046348278625445,-14.832993293053043,0,0.8,0.0,0.0,0.4
574,18,16,-7.0463482786254446,-14.832993293053043,0,0.8,0.0,0.0,0.4
575,18,17,-6.0463482786254446,-14.832993293053043,0,0.8,0.0,0.0,0.4
576,18,18,-5.0463482786254446,-14.832993293053043,0,0.8,0.0,0.0,0.4
577,18,19,-4.0463482786254446,-14.832993293053043,0,0.8,0.0,0.0,0.4
578,18,20,-3.046348278625445,-14.832993293053043,0,0.8,0.0,0.0,0.4
579,18,21,-2.046348278625445,-14.832993293053043,1,0.2,0.0,0.0,0.1
580,18,22,-1.0463482786254446,-14.832993293053043,1,0.2,0.051995837260544076,0.45246989481559996,0.3262349474078
581,18,23,-0.0463482786254445,-14.832993293053043,1,0.2,0.0,0.0,0.1
582,18,24,0.9536517213745554,-14.832993293053043,0,0.8,0.0,0.0,0.4
583,18,25,1.953651721374556,-14.832993293053043,0,0.8,0.0,0.0,0.4
584,18,26,2.9536517213745554,-14.832993293053043,0,0.8,0.0,0.0,0.4
585,18,27,3.953651721374555,-14.832993293053043,0,0.8,0.0,0.0,0.4
586,18,28,4.9536517213745554,-14.832993293053043,0,0.8,0.0,0.0,0.4
587,18,29,5.9536517213745554,-14.832993293053043,0,0.8,0.0,0.0,0.4
588,18,30,6.9536517213745554,-14.832993293053043,0,0.8,0.0,0.0,0.4
589,19,0,-23.046348278625445,-13.832993293053043,0,0.8,0.0,0.0,0.4
590,19,1,-22.046348278625445,-13.832993293053043,0,0.8,0.0,0.0,0.4
591,19,2,-21.046348278625445,-13.832993293053043,0,0.8,0.0,0.0,0.4
592,19,3,-20.046348278625445,-13.832993293053043,0,0.8,0.0,0.0,0.4
593,19,4,-19.046348278625445,-13.832993293053043,0,0.8,0.0,0.0,0.4
594,19,5,-18.046348278625445,-13.832993293053043,0,0.8,0.0,0.0,0.4
595,19,6,-17.046348278625445,-13.832993293053043,0,0.8,0.0,0.0,0.4
596,19,7,-16.046348278625445,-13.832993293053043,0,0.8,0.0,0.0,0.4
597,19,8,-15.046348278625445,-13.832993293053043,0,0.8,0.0,0.0,0.4
598,19,9,-14.046348278625445,-13.832993293053043,0,0.8,0.0,0.0,0.4
599,19,10,-13.046348278625445,-13.832993293053043,0,0.8,0.0,0.0,0.4
600,19,11,-12.046348278625445,-13.832993293053043,0,0.8,0.0,0.0,0.4
601,19,12,-11.046348278625445,-13.832993293053043,0,0.8,0.0,0.0,0.4
602,19,13,-10.046348278625445,-13.832993293053043,0,0.8,0.0,0.0,0.4
603,19,14,-9.046348278625445,-13.832993293053043,0,0.8,0.0,0.0,0.4
604,19,15,-8.046348278625445,-13.832993293053043,0,0.8,0.0,0.0,0.4
605,19,16,-7.0463482786254446,-13.832993293053043,0,0.8,0.0,0.0,0.4
606,19,17,-6.0463482786254446,-13.832993293053043,0,0.8,0.0,0.0,0.4
607,19,18,-5.0463482786254446,-13.832993293053043,0,0.8,0.0,0.0,0.4
608,19,19,-4.0463482786254446,-13.832993293053043,0,0.8,0.0,0.0,0.4
609,19,20,-3.046348278625445,-13.832993293053043,1,0.2,0.0,0.0,0.1
610,19,21,-2.046348278625445,-13.832993293053043,1,0.2,0.03976045778039037,0.3449483010102045,0.27247415050510226
611,19,22,-1.0463482786254446,-13.832993293053043,1,0.2,0.0,0.0,0.1
612,19,23,-0.0463482786254445,-13.832993293053043,0,0.8,0.0,0.0,0.4
613,19,24,0.9536517213745554,-13.832993293053043,0,0.8,0.0,0.0,0.4
614,19,25,1.953651721374556,-13.832993293053043,0,0.8,0.0,0.0,0.4
615,19,26,2.9536517213745554,-13.832993293053043,0,0.8,0.0,0.0,0.4
616,19,27,3.953651721374555,-13.832993293053043,0,0.8,0.0,0.0,0.4
617,19,28,4.9536517213745554,-13.832993293053043,0,0.8,0.0,0.0,0.4
618,19,29,5.9536517213745554,-13.832993293053043,0,0.8,0.0,0.0,0.4
619,19,30,6.9536517213745554,-13.832993293053043,0,0.8,0.0,0.0,0.4
620,20,0,-23.046348278625445,-12.832993293053043,0,0.8,0.0,0.0,0.4
621,20,1,-22.046348278625445,-12.832993293053043,0,0.8,0.0,0.0,0.4
622,20,2,-21.046348278625445,-12.832993293053043,0,0.8,0.0,0.0,0.4
623,20,3,-20.046348278625445,-12.832993293053043,0,0.8,0.0,0.0,0.4
624,20,4,-19.046348278625445,-12.832993293053043,0,0.8,0.0,0.0,0.4
625,20,5,-18.046348278625445,-12.832993293053043,0,0.8,0.0,0.0,0.4
626,20,6,-17.046348278625445,-12.832993293053043,0,0.8,0.0,0.0,0.4
627,20,7,-16.046348278625445,-12.832993293053043,0,0.8,0.0,0.0,0.4
628,20,8,-15.046348278625445,-12.832993293053043,0,0.8,0.0,0.0,0.4
629,20,9,-14.046348278625445,-12.832993293053043,0,0.8,0.0,0.0,0.4
630,20,10,-13.046348278625445,-12.832993293053043,0,0.8,0.0,0.0,0.4
631,20,11,-12.046348278625445,-12.832993293053043,0,0.8,0.0,0.0,0.4
632,20,12,-11.046348278625445,-12.832993293053043,0,0.8,0.0,0.0,0.4
633,20,13,-10.046348278625445,-12.832993293053043,0,0.8,0.0,0.0,0.4
634,20,14,-9.046348278625445,-12.832993293053043,0,0.8,0.0,0.0,0.4
635,20,15,-8.046348278625445,-12.832993293053043,0,0.8,0.0,0.0,0.4
636,20,16,-7.0463482786254446,-12.832993293053043,0,0.8,0.0,0.0,0.4
637,20,17,-6.0463482786254446,-12.832993293053043,0,0.8,0.0,0.0,0.4
638,20,18,-5.0463482786254446,-12.832993293053043,0,0.8,0.0,0.0,0.4
639,20,19,-4.0463482786254446,-12.832993293053043,0,0.8,0.0,0.0,0.4
640,20,20,-3.046348278625445,-12.832993293053043,1,0.2,0.0,0.0,0.1
641,20,21,-2.046348278625445,-12.832993293053043,1,0.2,0.01182260015190546,0.09943707803625325,0.14971853901812662
642,20,22,-1.0463482786254446,-12.832993293053043,1,0.2,0.0,0.0,0.1
643,20,23,-0.0463482786254445,-12.832993293053043,0,0.8,0.0,0.0,0.4
644,20,24,0.9536517213745554,-12.832993293053043,0,0.8,0.0,0.0,0.4
645,20,25,1.953651721374556,-12.832993293053043,0,0.8,0.0,0.0,0.4
646,20,26,2.9536517213745554,-12.832993293053043,0,0.8,0.0,0.0,0.4
647,20,27,3.953651721374555,-12.832993293053043,0,0.8,0.0,0.0,0.4
648,20,28,4.9536517213745554,-12.832993293053043,0,0.8,0.0,0.0,0.4
649,20,29,5.9536517213745554,-12.832993293053043,0,0.8,0.0,0.0,0.4
650,20,30,6.9536517213745554,-12.832993293053043,0,0.8,0.0,0.0,0.4
651,21,0,-23.046348278625445,-11.832993293053043,0,0.8,0.0,0.0,0.4
652,21,1,-22.046348278625445,-11.832993293053043,0,0.8,0.0,0.0,0.4
653,21,2,-21.046348278625445,-11.832993293053043,0,0.8,0.0,0.0,0.4
654,21,3,-20.046348278625445,-11.832993293053043,0,0.8,0.0,0.0,0.4
655,21,4,-19.046348278625445,-11.832993293053043,0,0.8,0.0,0.0,0.4
656,21,5,-18.046348278625445,-11.832993293053043,0,0.8,0.0,0.0,0.4
657,21,6,-17.046348278625445,-11.832993293053043,0,0.8,0.0,0.0,0.4
658,21,7,-16.046348278625445,-11.832993293053043,0,0.8,0.0,0.0,0.4
659,21,8,-15.046348278625445,-11.832993293053043,0,0.8,0.0,0.0,0.4
660,21,9,-14.046348278625445,-11.832993293053043,0,0.8,0.0,0.0,0.4
661,21,10,-13.046348278625445,-11.832993293053043,0,0.8,0.0,0.0,0.4
662,21,11,-12.046348278625445,-11.832993293053043,0,0.8,0.0,0.0,0.4
663,21,12,-11.046348278625445,-11.832993293053043,0,0.8,0.0,0.0,0.4
664,21,13,-10.046348278625445,-11.832993293053043,0,0.8,0.0,0.0,0.4
665,21,14,-9.046348278625445,-11.832993293053043,0,0.8,0.0,0.0,0.4
666,21,15,-8.046348278625445,-11.832993293053043,0,0.8,0.0,0.0,0.4
667,21,16,-7.0463482786254446,-11.832993293053043,0,0.8,0.0,0.0,0.4
668,21,17,-6.0463482786254446,-11.832993293053043,0,0.8,0.0,0.0,0.4
669,21,18,-5.0463482786254446,-11.832993293053043,0,0.8,0.0,0.0,0.4
670,21,19,-4.0463482786254446,-11.832993293053043,1,0.2,0.0,0.0,0.1
671,21,20,-3.046348278625445,-11.832993293053043,1,0.2,0.021095218625557622,0.18092263544406562,0.1904613177220328
672,21,21,-2.046348278625445,-11.832993293053043,1,0.2,0.0,0.0,0.1
673,21,22,-1.0463482786254446,-11.832993293053043,1,0.2,0.0,0.0,0.1
674,21,23,-0.0463482786254445,-11.832993293053043,0,0.8,0.0,0.0,0.4
675,21,24,0.9536517213745554,-11.832993293053043,0,0.8,0.0,0.0,0.4
676,21,25,1.953651721374556,-11.832993293053043,0,0.8,0.0,0.0,0.4
677,21,26,2.9536517213745554,-11.832993293053043,0,0.8,0.0,0.0,0.4
678,21,27,3.953651721374555,-11.832993293053043,0,0.8,0.0,0.0,0.4
679,21,28,4.9536517213745554,-11.832993293053043,0,0.8,0.0,0.0,0.4
680,21,29,5.9536517213745554,-11.832993293053043,0,0.8,0.0,0.0,0.4
681,21,30,6.9536517213745554,-11.832993293053043,0,0.8,0.0,0.0,0.4
682,22,0,-23.046348278625445,-10.832993293053043,0,0.8,0.0,0.0,0.4
683,22,1,-22.046348278625445,-10.832993293053043,0,0.8,0.0,0.0,0.4
684,22,2,-21.046348278625445,-10.832993293053043,0,0.8,0.0,0.0,0.4
685,22,3,-20.046348278625445,-10.832993293053043,0,0.8,0.0,0.0,0.4
686,22,4,-19.046348278625445,-10.832993293053043,0,0.8,0.0,0.0,0.4
687,22,5,-18.046348278625445,-10.832993293053043,0,0.8,0.0,0.0,0.4
688,22,6,-17.046348278625445,-10.832993293053043,0,0.8,0.0,0.0,0.4
689,22,7,-16.046348278625445,-10.832993293053043,0,0.8,0.0,0.0,0.4
690,22,8,-15.046348278625445,-10.832993293053043,0,0.8,0.0,0.0,0.4
691,22,9,-14.046348278625445,-10.832993293053043,0,0.8,0.0,0.0,0.4
692,22,10,-13.046348278625445,-10.832993293053043,0,0.8,0.0,0.0,0.4
693,22,11,-12.046348278625445,-10.832993293053043,0,0.8,0.0,0.0,0.4
694,22,12,-11.046348278625445,-10.832993293053043,0,0.8,0.0,0.0,0.4
695,22,13,-10.046348278625445,-10.832993293053043,0,0.8,0.0,0.0,0.4
696,22,14,-9.046348278625445,-10.832993293053043,0,0.8,0.0,0.0,0.4
697,22,15,-8.046348278625445,-10.832993293053043,0,0.8,0.0,0.0,0.4
698,22,16,-7.0463482786254446,-10.832993293053043,0,0.8,0.0,0.0,0.4
699,22,17,-6.0463482786254446,-10.832993293053043,0,0.8,0.0,0.0,0.4
700,22,18,-5.0463482786254446,-10.832993293053043,0,0.8,0.0,0.0,0.4
701,22,19,-4.0463482786254446,-10.832993293053043,1,0.2,0.0,0.0,0.1
702,22,20,-3.046348278625445,-10.832993293053043,1,0.2,0.019074154062600244,0.16316200257237862,0.18158100128618931
703,22,21,-2.046348278625445,-10.832993293053043,1,0.2,0.0,0.0,0.1
704,22,22,-1.0463482786254446,-10.832993293053043,0,0.8,0.0,0.0,0.4
705,22,23,-0.0463482786254445,-10.832993293053043,0,0.8,0.0,0.0,0.4
706,22,24,0.9536517213745554,-10.832993293053043,0,0.8,0.0,0.0,0.4
707,22,25,1.953651721374556,-10.832993293053043,0,0.8,0.0,0.0,0.4
708,22,26,2.9536517213745554,-10.832993293053043,0,0.8,0.0,0.0,0.4
709,22,27,3.953651721374555,-10.832993293053043,0,0.8,0.0,0.0,0.4
710,22,28,4.9536517213745554,-10.832993293053043,0,0.8,0.0,0.0,0.4
711,22,29,5.9536517213745554,-10.832993293053043,0,0.8,0.0,0.0,0.4
712,22,30,6.9536517213745554,-10.832993293053043,0,0.8,0.0,0.0,0.4
713,23,0,-23.046348278625445,-9.832993293053043,0,0.8,0.0,0.0,0.4
714,23,1,-22.046348278625445,-9.832993293053043,0,0.8,0.0,0.0,0.4
715,23,2,-21.046348278625445,-9.832993293053043,0,0.8,0.0,0.0,0.4
716,23,3,-20.046348278625445,-9.832993293053043,0,0.8,0.0,0.0,0.4
717,23,4,-19.046348278625445,-9.832993293053043,0,0.8,0.0,0.0,0.4
718,23,5,-18.046348278625445,-9.832993293053043,0,0.8,0.0,0.0,0.4
719,23,6,-17.046348278625445,-9.832993293053043,0,0.8,0.0,0.0,0.4
720,23,7,-16.046348278625445,-9.832993293053043,0,0.8,0.0,0.0,0.4
721,23,8,-15.046348278625445,-9.832993293053043,0,0.8,0.0,0.0,0.4
722,23,9,-14.046348278625445,-9.832993293053043,0,0.8,0.0,0.0,0.4
723,23,10,-13.046348278625445,-9.832993293053043,0,0.8,0.0,0.0,0.4
724,23,11,-12.046348278625445,-9.832993293053043,0,0.8,0.0,0.0,0.4
725,23,12,-11.046348278625445,-9.832993293053043,0,0.8,0.0,0.0,0.4
726,23,13,-10.046348278625445,-9.832993293053043,0,0.8,0.0,0.0,0.4
727,23,14,-9.046348278625445,-9.832993293053043,0,0.8,0.0,0.0,0.4
728,23,15,-8.046348278625445,-9.832993293053043,0,0.8,0.0,0.0,0.4
729,23,16,-7.0463482786254446,-9.832993293053043,0,0.8,0.0,0.0,0.4
730,23,17,-6.0463482786254446,-9.832993293053043,0,0.8,0.0,0.0,0.4
731,23,18,-5.0463482786254446,-9.832993293053043,0,0.8,0.0,0.0,0.4
732,23,19,-4.0463482786254446,-9.832993293053043,1,0.2,0.0,0.0,0.1
733,23,20,-3.046348278625445,-9.832993293053043,1,0.2,0.033985657335681485,0.29420073337404273,0.24710036668702137
734,23,21,-2.046348278625445,-9.832993293053043,1,0.2,0.013384681975669718,0.11316428017313883,0.15658214008656943
735,23,22,-1.0463482786254446,-9.832993293053043,1,0.2,0.0,0.0,0.1
736,23,23,-0.0463482786254445,-9.832993293053043,0,0.8,0.0,0.0,0.4
737,23,24,0.9536517213745554,-9.832993293053043,0,0.8,0.0,0.0,0.4
738,23,25,1.953651721374556,-9.832993293053043,0,0.8,0.0,0.0,0.4
739,23,26,2.9536517213745554,-9.832993293053043,0,0.8,0.0,0.0,0.4
740,23,27,3.953651721374555,-9.832993293053043,0,0.8,0.0,0.0,0.4
741,23,28,4.9536517213745554,-9.832993293053043,0,0.8,0.0,0.0,0.4
742,23,29,5.9536517213745554,-9.832993293053043,0,0.8,0.0,0.0,0.4
743,23,30,6.9536517213745554,-9.832993293053043,0,0.8,0.0,0.0,0.4
744,24,0,-23.046348278625445,-8.832993293053043,0,0.8,0.0,0.0,0.4
745,24,1,-22.046348278625445,-8.832993293053043,0,0.8,0.0,0.0,0.4
746,24,2,-21.046348278625445,-8.832993293053043,0,0.8,0.0,0.0,0.4
747,24,3,-20.046348278625445,-8.832993293053043,0,0.8,0.0,0.0,0.4
748,24,4,-19.046348278625445,-8.832993293053043,0,0.8,0.0,0.0,0.4
749,24,5,-18.046348278625445,-8.832993293053043,0,0.8,0.0,0.0,0.4
750,24,6,-17.046348278625445,-8.832993293053043,0,0.8,0.0,0.0,0.4
751,24,7,-16.046348278625445,-8.832993293053043,0,0.8,0.0,0.0,0.4
752,24,8,-15.046348278625445,-8.832993293053043,0,0.8,0.0,0.0,0.4
753,24,9,-14.046348278625445,-8.832993293053043,0,0.8,0.0,0.0,0.4
754,24,10,-13.046348278625445,-8.832993293053043,0,0.8,0.0,0.0,0.4
755,24,11,-12.046348278625445,-8.832993293053043,0,0.8,0.0,0.0,0.4
756,24,12,-11.046348278625445,-8.832993293053043,0,0.8,0.0,0.0,0.4
757,24,13,-10.046348278625445,-8.832993293053043,0,0.8,0.0,0.0,0.4
758,24,14,-9.046348278625445,-8.832993293053043,0,0.8,0.0,0.0,0.4
759,24,15,-8.046348278625445,-8.832993293053043,0,0.8,0.0,0.0,0.4
760,24,16,-7.0463482786254446,-8.832993293053043,0,0.8,0.0,0.0,0.4
761,24,17,-6.0463482786254446,-8.832993293053043,0,0.8,0.0,0.0,0.4
762,24,18,-5.0463482786254446,-8.832993293053043,0,0.8,0.0,0.0,0.4
763,24,19,-4.0463482786254446,-8.832993293053043,1,0.2,0.0,0.0,0.1
764,24,20,-3.046348278625445,-8.832993293053043,1,0.2,0.059745170108525696,0.5205691818131963,0.36028459090659815
765,24,21,-2.046348278625445,-8.832993293053043,1,0.2,0.0,0.0,0.1
766,24,22,-1.0463482786254446,-8.832993293053043,0,0.8,0.0,0.0,0.4
767,24,23,-0.0463482786254445,-8.832993293053043,0,0.8,0.0,0.0,0.4
768,24,24,0.9536517213745554,-8.832993293053043,0,0.8,0.0,0.0,0.4
769,24,25,1.953651721374556,-8.832993293053043,0,0.8,0.0,0.0,0.4
770,24,26,2.9536517213745554,-8.832993293053043,0,0.8,0.0,0.0,0.4
771,24,27,3.953651721374555,-8.832993293053043,0,0.8,0.0,0.0,0.4
772,24,28,4.9536517213745554,-8.832993293053043,0,0.8,0.0,0.0,0.4
773,24,29,5.9536517213745554,-8.832993293053043,0,0.8,0.0,0.0,0.4
774,24,30,6.9536517213745554,-8.832993293053043,0,0.8,0.0,0.0,0.4
775,25,0,-23.046348278625445,-7.832993293053043,0,0.8,0.0,0.0,0.4
776,25,1,-22.046348278625445,-7.832993293053043,0,0.8,0.0,0.0,0.4
777,25,2,-21.046348278625445,-7.832993293053043,0,0.8,0.0,0.0,0.4
778,25,3,-20.046348278625445,-7.832993293053043,0,0.8,0.0,0.0,0.4
779,25,4,-19.046348278625445,-7.832993293053043,0,0.8,0.0,0.0,0.4
780,25,5,-18.046348278625445,-7.832993293053043,0,0.8,0.0,0.0,0.4
781,25,6,-17.046348278625445,-7.832993293053043,0,0.8,0.0,0.0,0.4
782,25,7,-16.046348278625445,-7.832993293053043,0,0.8,0.0,0.0,0.4
783,25,8,-15.046348278625445,-7.832993293053043,0,0.8,0.0,0.0,0.4
784,25,9,-14.046348278625445,-7.832993293053043,0,0.8,0.0,0.0,0.4
785,25,10,-13.046348278625445,-7.832993293053043,0,0.8,0.0,0.0,0.4
786,25,11,-12.046348278625445,-7.832993293053043,0,0.8,0.0,0.0,0.4
787,25,12,-11.046348278625445,-7.832993293053043,0,0.8,0.0,0.0,0.4
788,25,13,-10.046348278625445,-7.832993293053043,0,0.8,0.0,0.0,0.4
789,25,14,-9.046348278625445,-7.832993293053043,0,0.8,0.0,0.0,0.4
790,25,15,-8.046348278625445,-7.832993293053043,0,0.8,0.0,0.0,0.4
791,25,16,-7.0463482786254446,-7.832993293053043,0,0.8,0.0,0.0,0.4
792,25,17,-6.0463482786254446,-7.832993293053043,0,0.8,0.0,0.0,0.4
793,25,18,-5.0463482786254446,-7.832993293053043,0,0.8,0.0,0.0,0.4
794,25,19,-4.0463482786254446,-7.832993293053043,1,0.2,0.0,0.0,0.1
795,25,20,-3.046348278625445,-7.832993293053043,1,0.2,0.018187874813377837,0.15537359211991872,0.17768679605995935
796,25,21,-2.046348278625445,-7.832993293053043,1,0.2,0.0,0.0,0.1
797,25,22,-1.0463482786254446,-7.832993293053043,1,0.2,0.0,0.0,0.1
798,25,23,-0.0463482786254445,-7.832993293053043,0,0.8,0.0,0.0,0.4
799,25,24,0.9536517213745554,-7.832993293053043,0,0.8,0.0,0.0,0.4
800,25,25,1.953651721374556,-7.832993293053043,0,0.8,0.0,0.0,0.4
801,25,26,2.9536517213745554,-7.832993293053043,0,0.8,0.0,0.0,0.4
802,25,27,3.953651721374555,-7.832993293053043,0,0.8,0.0,0.0,0.4
803,25,28,4.9536517213745554,-7.832993293053043,0,0.8,0.0,0.0,0.4
804,25,29,5.9536517213745554,-7.832993293053043,0,0.8,0.0,0.0,0.4
805,25,30,6.9536517213745554,-7.832993293053043,0,0.8,0.0,0.0,0.4
806,26,0,-23.046348278625445,-6.832993293053043,0,0.8,0.0,0.0,0.4
807,26,1,-22.046348278625445,-6.832993293053043,0,0.8,0.0,0.0,0.4
808,26,2,-21.046348278625445,-6.832993293053043,0,0.8,0.0,0.0,0.4
809,26,3,-20.046348278625445,-6.832993293053043,0,0.8,0.0,0.0,0.4
810,26,4,-19.046348278625445,-6.832993293053043,0,0.8,0.0,0.0,0.4
811,26,5,-18.046348278625445,-6.832993293053043,0,0.8,0.0,0.0,0.4
812,26,6,-17.046348278625445,-6.832993293053043,0,0.8,0.0,0.0,0.4
813,26,7,-16.046348278625445,-6.832993293053043,0,0.8,0.0,0.0,0.4
814,26,8,-15.046348278625445,-6.832993293053043,0,0.8,0.0,0.0,0.4
815,26,9,-14.046348278625445,-6.832993293053043,0,0.8,0.0,0.0,0.4
816,26,10,-13.046348278625445,-6.832993293053043,0,0.8,0.0,0.0,0.4
817,26,11,-12.046348278625445,-6.832993293053043,0,0.8,0.0,0.0,0.4
818,26,12,-11.046348278625445,-6.832993293053043,0,0.8,0.0,0.0,0.4
819,26,13,-10.046348278625445,-6.832993293053043,0,0.8,0.0,0.0,0.4
820,26,14,-9.046348278625445,-6.832993293053043,0,0.8,0.0,0.0,0.4
821,26,15,-8.046348278625445,-6.832993293053043,0,0.8,0.0,0.0,0.4
822,26,16,-7.0463482786254446,-6.832993293053043,0,0.8,0.0,0.0,0.4
823,26,17,-6.0463482786254446,-6.832993293053043,0,0.8,0.0,0.0,0.4
824,26,18,-5.0463482786254446,-6.832993293053043,1,0.2,0.0,0.0,0.1
825,26,19,-4.0463482786254446,-6.832993293053043,1,0.2,0.0,0.0,0.1
826,26,20,-3.046348278625445,-6.832993293053043,1,0.2,0.04381778197181784,0.3806030973616446,0.2903015486808223
827,26,21,-2.046348278625445,-6.832993293053043,1,0.2,0.07076825198463989,0.6174373936974,0.4087186968487
828,26,22,-1.0463482786254446,-6.832993293053043,1,0.2,0.0,0.0,0.1
829,26,23,-0.0463482786254445,-6.832993293053043,0,0.8,0.0,0.0,0.4
830,26,24,0.9536517213745554,-6.832993293053043,0,0.8,0.0,0.0,0.4
831,26,25,1.953651721374556,-6.832993293053043,0,0.8,0.0,0.0,0.4
832,26,26,2.9536517213745554,-6.832993293053043,0,0.8,0.0,0.0,0.4
833,26,27,3.953651721374555,-6.832993293053043,0,0.8,0.0,0.0,0.4
834,26,28,4.9536517213745554,-6.832993293053043,0,0.8,0.0,0.0,0.4
835,26,29,5.9536517213745554,-6.832993293053043,0,0.8,0.0,0.0,0.4
836,26,30,6.9536517213745554,-6.832993293053043,0,0.8,0.0,0.0,0.4
837,27,0,-23.046348278625445,-5.832993293053043,0,0.8,0.0,0.0,0.4
838,27,1,-22.046348278625445,-5.832993293053043,0,0.8,0.0,0.0,0.4
839,27,2,-21.046348278625445,-5.832993293053043,0,0.8,0.0,0.0,0.4
840,27,3,-20.046348278625445,-5.832993293053043,0,0.8,0.0,0.0,0.4
841,27,4,-19.046348278625445,-5.832993293053043,0,0.8,0.0,0.0,0.4
842,27,5,-18.046348278625445,-5.832993293053043,0,0.8,0.0,0.0,0.4
843,27,6,-17.046348278625445,-5.832993293053043,0,0.8,0.0,0.0,0.4
844,27,7,-16.046348278625445,-5.832993293053043,0,0.8,0.0,0.0,0.4
845,27,8,-15.046348278625445,-5.832993293053043,0,0.8,0.0,0.0,0.4
846,27,9,-14.046348278625445,-5.832993293053043,0,0.8,0.0,0.0,0.4
847,27,10,-13.046348278625445,-5.832993293053043,0,0.8,0.0,0.0,0.4
848,27,11,-12.046348278625445,-5.832993293053043,0,0.8,0.0,0.0,0.4
849,27,12,-11.046348278625445,-5.832993293053043,0,0.8,0.0,0.0,0.4
850,27,13,-10.046348278625445,-5.832993293053043,0,0.8,0.0,0.0,0.4
851,27,14,-9.046348278625445,-5.832993293053043,0,0.8,0.0,0.0,0.4
852,27,15,-8.046348278625445,-5.832993293053043,0,0.8,0.0,0.0,0.4
853,27,16,-7.0463482786254446,-5.832993293053043,0,0.8,0.0,0.0,0.4
854,27,17,-6.0463482786254446,-5.832993293053043,0,0.8,0.0,0.0,0.4
855,27,18,-5.0463482786254446,-5.832993293053043,1,0.2,0.0,0.0,0.1
856,27,19,-4.0463482786254446,-5.832993293053043,1,0.2,0.11430182042765219,1.0,0.6
857,27,20,-3.046348278625445,-5.832993293053043,1,0.2,0.013683023736763817,0.11578603634372416,0.15789301817186208
858,27,21,-2.046348278625445,-5.832993293053043,1,0.2,0.07140249675842167,0.6230109853502274,0.4115054926751137
859,27,22,-1.0463482786254446,-5.832993293053043,1,0.2,0.0,0.0,0.1
860,27,23,-0.0463482786254445,-5.832993293053043,0,0.8,0.0,0.0,0.4
861,27,24,0.9536517213745554,-5.832993293053043,0,0.8,0.0,0.0,0.4
862,27,25,1.953651721374556,-5.832993293053043,0,0.8,0.0,0.0,0.4
863,27,26,2.9536517213745554,-5.832993293053043,0,0.8,0.0,0.0,0.4
864,27,27,3.953651721374555,-5.832993293053043,0,0.8,0.0,0.0,0.4
865,27,28,4.9536517213745554,-5.832993293053043,0,0.8,0.0,0.0,0.4
866,27,29,5.9536517213745554,-5.832993293053043,0,0.8,0.0,0.0,0.4
867,27,30,6.9536517213745554,-5.832993293053043,0,0.8,0.0,0.0,0.4
868,28,0,-23.046348278625445,-4.832993293053043,0,0.8,0.0,0.0,0.4
869,28,1,-22.046348278625445,-4.832993293053043,0,0.8,0.0,0.0,0.4
870,28,2,-21.046348278625445,-4.832993293053043,0,0.8,0.0,0.0,0.4
871,28,3,-20.046348278625445,-4.832993293053043,0,0.8,0.0,0.0,0.4
872,28,4,-19.046348278625445,-4.832993293053043,0,0.8,0.0,0.0,0.4
873,28,5,-18.046348278625445,-4.832993293053043,0,0.8,0.0,0.0,0.4
874,28,6,-17.046348278625445,-4.832993293053043,0,0.8,0.0,0.0,0.4
875,28,7,-16.046348278625445,-4.832993293053043,0,0.8,0.0,0.0,0.4
876,28,8,-15.046348278625445,-4.832993293053043,0,0.8,0.0,0.0,0.4
877,28,9,-14.046348278625445,-4.832993293053043,0,0.8,0.0,0.0,0.4
878,28,10,-13.046348278625445,-4.832993293053043,0,0.8,0.0,0.0,0.4
879,28,11,-12.046348278625445,-4.832993293053043,0,0.8,0.0,0.0,0.4
880,28,12,-11.046348278625445,-4.832993293053043,0,0.8,0.0,0.0,0.4
881,28,13,-10.046348278625445,-4.832993293053043,0,0.8,0.0,0.0,0.4
882,28,14,-9.046348278625445,-4.832993293053043,0,0.8,0.0,0.0,0.4
883,28,15,-8.046348278625445,-4.832993293053043,0,0.8,0.0,0.0,0.4
884,28,16,-7.0463482786254446,-4.832993293053043,0,0.8,0.0,0.0,0.4
885,28,17,-6.0463482786254446,-4.832993293053043,0,0.8,0.0,0.0,0.4
886,28,18,-5.0463482786254446,-4.832993293053043,1,0.2,0.0,0.0,0.1
887,28,19,-4.0463482786254446,-4.832993293053043,1,0.2,0.025760455527746574,0.2219196235650095,0.21095981178250475
888,28,20,-3.046348278625445,-4.832993293053043,1,0.2,0.06375660454419894,0.5558207099467575,0.37791035497337877
889,28,21,-2.046348278625445,-4.832993293053043,1,0.2,0.04678116728973472,0.406644620058898,0.303322310029449
890,28,22,-1.0463482786254446,-4.832993293053043,1,0.2,0.0,0.0,0.1
891,28,23,-0.0463482786254445,-4.832993293053043,0,0.8,0.0,0.0,0.4
892,28,24,0.9536517213745554,-4.832993293053043,0,0.8,0.0,0.0,0.4
893,28,25,1.953651721374556,-4.832993293053043,0,0.8,0.0,0.0,0.4
894,28,26,2.9536517213745554,-4.832993293053043,0,0.8,0.0,0.0,0.4
895,28,27,3.953651721374555,-4.832993293053043,0,0.8,0.0,0.0,0.4
896,28,28,4.9536517213745554,-4.832993293053043,0,0.8,0.0,0.0,0.4
897,28,29,5.9536517213745554,-4.832993293053043,0,0.8,0.0,0.0,0.4
898,28,30,6.9536517213745554,-4.832993293053043,0,0.8,0.0,0.0,0.4
899,29,0,-23.046348278625445,-3.8329932930530433,0,0.8,0.0,0.0,0.4
900,29,1,-22.046348278625445,-3.8329932930530433,0,0.8,0.0,0.0,0.4
901,29,2,-21.046348278625445,-3.8329932930530433,0,0.8,0.0,0.0,0.4
902,29,3,-20.046348278625445,-3.8329932930530433,0,0.8,0.0,0.0,0.4
903,29,4,-19.046348278625445,-3.8329932930530433,0,0.8,0.0,0.0,0.4
904,29,5,-18.046348278625445,-3.8329932930530433,0,0.8,0.0,0.0,0.4
905,29,6,-17.046348278625445,-3.8329932930530433,0,0.8,0.0,0.0,0.4
906,29,7,-16.046348278625445,-3.8329932930530433,0,0.8,0.0,0.0,0.4
907,29,8,-15.046348278625445,-3.8329932930530433,0,0.8,0.0,0.0,0.4
908,29,9,-14.046348278625445,-3.8329932930530433,0,0.8,0.0,0.0,0.4
909,29,10,-13.046348278625445,-3.8329932930530433,0,0.8,0.0,0.0,0.4
910,29,11,-12.046348278625445,-3.8329932930530433,0,0.8,0.0,0.0,0.4
911,29,12,-11.046348278625445,-3.8329932930530433,0,0.8,0.0,0.0,0.4
912,29,13,-10.046348278625445,-3.8329932930530433,0,0.8,0.0,0.0,0.4
913,29,14,-9.046348278625445,-3.8329932930530433,0,0.8,0.0,0.0,0.4
914,29,15,-8.046348278625445,-3.8329932930530433,0,0.8,0.0,0.0,0.4
915,29,16,-7.0463482786254446,-3.8329932930530433,0,0.8,0.0,0.0,0.4
916,29,17,-6.0463482786254446,-3.8329932930530433,0,0.8,0.0,0.0,0.4
917,29,18,-5.0463482786254446,-3.8329932930530433,0,0.8,0.0,0.0,0.4
918,29,19,-4.0463482786254446,-3.8329932930530433,1,0.2,0.0,0.0,0.1
919,29,20,-3.046348278625445,-3.8329932930530433,1,0.2,0.037956773541344364,0.3290979545278196,0.2645489772639098
920,29,21,-2.046348278625445,-3.8329932930530433,1,0.2,0.04255389906703717,0.36949639613297913,0.28474819806648954
921,29,22,-1.0463482786254446,-3.8329932930530433,1,0.2,0.0,0.0,0.1
922,29,23,-0.0463482786254445,-3.8329932930530433,0,0.8,0.0,0.0,0.4
923,29,24,0.9536517213745554,-3.8329932930530433,0,0.8,0.0,0.0,0.4
924,29,25,1.953651721374556,-3.8329932930530433,0,0.8,0.0,0.0,0.4
925,29,26,2.9536517213745554,-3.8329932930530433,0,0.8,0.0,0.0,0.4
926,29,27,3.953651721374555,-3.8329932930530433,0,0.8,0.0,0.0,0.4
927,29,28,4.9536517213745554,-3.8329932930530433,0,0.8,0.0,0.0,0.4
928,29,29,5.9536517213745554,-3.8329932930530433,0,0.8,0.0,0.0,0.4
929,29,30,6.9536517213745554,-3.8329932930530433,0,0.8,0.0,0.0,0.4
930,30,0,-23.046348278625445,-2.832993293053044,0,0.8,0.0,0.0,0.4
931,30,1,-22.046348278625445,-2.832993293053044,0,0.8,0.0,0.0,0.4
932,30,2,-21.046348278625445,-2.832993293053044,0,0.8,0.0,0.0,0.4
933,30,3,-20.046348278625445,-2.832993293053044,0,0.8,0.0,0.0,0.4
934,30,4,-19.046348278625445,-2.832993293053044,0,0.8,0.0,0.0,0.4
935,30,5,-18.046348278625445,-2.832993293053044,0,0.8,0.0,0.0,0.4
936,30,6,-17.046348278625445,-2.832993293053044,0,0.8,0.0,0.0,0.4
937,30,7,-16.046348278625445,-2.832993293053044,0,0.8,0.0,0.0,0.4
938,30,8,-15.046348278625445,-2.832993293053044,0,0.8,0.0,0.0,0.4
939,30,9,-14.046348278625445,-2.832993293053044,0,0.8,0.0,0.0,0.4
940,30,10,-13.046348278625445,-2.832993293053044,0,0.8,0.0,0.0,0.4
941,30,11,-12.046348278625445,-2.832993293053044,0,0.8,0.0,0.0,0.4
942,30,12,-11.046348278625445,-2.832993293053044,0,0.8,0.0,0.0,0.4
943,30,13,-10.046348278625445,-2.832993293053044,0,0.8,0.0,0.0,0.4
944,30,14,-9.046348278625445,-2.832993293053044,0,0.8,0.0,0.0,0.4
945,30,15,-8.046348278625445,-2.832993293053044,0,0.8,0.0,0.0,0.4
946,30,16,-7.0463482786254446,-2.832993293053044,0,0.8,0.0,0.0,0.4
947,30,17,-6.0463482786254446,-2.832993293053044,0,0.8,0.0,0.0,0.4
948,30,18,-5.0463482786254446,-2.832993293053044,0,0.8,0.0,0.0,0.4
949,30,19,-4.0463482786254446,-2.832993293053044,1,0.2,0.0,0.0,0.1
950,30,20,-3.046348278625445,-2.832993293053044,1,0.2,0.05461021050882683,0.47544438276781337,0.3377221913839067
951,30,21,-2.046348278625445,-2.832993293053044,1,0.2,0.0,0.0,0.1
952,30,22,-1.0463482786254446,-2.832993293053044,1,0.2,0.0,0.0,0.1
953,30,23,-0.0463482786254445,-2.832993293053044,0,0.8,0.0,0.0,0.4
954,30,24,0.9536517213745554,-2.832993293053044,0,0.8,0.0,0.0,0.4
955,30,25,1.953651721374556,-2.832993293053044,0,0.8,0.0,0.0,0.4
956,30,26,2.9536517213745554,-2.832993293053044,0,0.8,0.0,0.0,0.4
957,30,27,3.953651721374555,-2.832993293053044,0,0.8,0.0,0.0,0.4
958,30,28,4.9536517213745554,-2.832993293053044,0,0.8,0.0,0.0,0.4
959,30,29,5.9536517213745554,-2.832993293053044,0,0.8,0.0,0.0,0.4
960,30,30,6.9536517213745554,-2.832993293053044,0,0.8,0.0,0.0,0.4
961,31,0,-23.046348278625445,-1.832993293053044,0,0.8,0.0,0.0,0.4
962,31,1,-22.046348278625445,-1.832993293053044,0,0.8,0.0,0.0,0.4
963,31,2,-21.046348278625445,-1.832993293053044,0,0.8,0.0,0.0,0.4
964,31,3,-20.046348278625445,-1.832993293053044,0,0.8,0.0,0.0,0.4
965,31,4,-19.046348278625445,-1.832993293053044,0,0.8,0.0,0.0,0.4
966,31,5,-18.046348278625445,-1.832993293053044,0,0.8,0.0,0.0,0.4
967,31,6,-17.046348278625445,-1.832993293053044,0,0.8,0.0,0.0,0.4
968,31,7,-16.046348278625445,-1.832993293053044,0,0.8,0.0,0.0,0.4
969,31,8,-15.046348278625445,-1.832993293053044,0,0.8,0.0,0.0,0.4
970,31,9,-14.046348278625445,-1.832993293053044,0,0.8,0.0,0.0,0.4
971,31,10,-13.046348278625445,-1.832993293053044,0,0.8,0.0,0.0,0.4
972,31,11,-12.046348278625445,-1.832993293053044,0,0.8,0.0,0.0,0.4
973,31,12,-11.046348278625445,-1.832993293053044,0,0.8,0.0,0.0,0.4
974,31,13,-10.046348278625445,-1.832993293053044,0,0.8,0.0,0.0,0.4
975,31,14,-9.046348278625445,-1.832993293053044,0,0.8,0.0,0.0,0.4
976,31,15,-8.046348278625445,-1.832993293053044,0,0.8,0.0,0.0,0.4
977,31,16,-7.0463482786254446,-1.832993293053044,0,0.8,0.0,0.0,0.4
978,31,17,-6.0463482786254446,-1.832993293053044,0,0.8,0.0,0.0,0.4
979,31,18,-5.0463482786254446,-1.832993293053044,0,0.8,0.0,0.0,0.4
980,31,19,-4.0463482786254446,-1.832993293053044,1,0.2,0.0,0.0,0.1
981,31,20,-3.046348278625445,-1.832993293053044,1,0.2,0.03645940495492513,0.31593943687112774,0.2579697184355639
982,31,21,-2.046348278625445,-1.832993293053044,1,0.2,0.0,0.0,0.1
983,31,22,-1.0463482786254446,-1.832993293053044,1,0.2,0.0,0.0,0.1
984,31,23,-0.0463482786254445,-1.832993293053044,1,0.2,0.0,0.0,0.1
985,31,24,0.9536517213745554,-1.832993293053044,0,0.8,0.0,0.0,0.4
986,31,25,1.953651721374556,-1.832993293053044,0,0.8,0.0,0.0,0.4
987,31,26,2.9536517213745554,-1.832993293053044,0,0.8,0.0,0.0,0.4
988,31,27,3.953651721374555,-1.832993293053044,0,0.8,0.0,0.0,0.4
989,31,28,4.9536517213745554,-1.832993293053044,0,0.8,0.0,0.0,0.4
990,31,29,5.9536517213745554,-1.832993293053044,0,0.8,0.0,0.0,0.4
991,31,30,6.9536517213745554,-1.832993293053044,0,0.8,0.0,0.0,0.4
992,32,0,-23.046348278625445,-0.8329932930530433,0,0.8,0.0,0.0,0.4
993,32,1,-22.046348278625445,-0.8329932930530433,0,0.8,0.0,0.0,0.4
994,32,2,-21.046348278625445,-0.8329932930530433,0,0.8,0.0,0.0,0.4
995,32,3,-20.046348278625445,-0.8329932930530433,0,0.8,0.0,0.0,0.4
996,32,4,-19.046348278625445,-0.8329932930530433,0,0.8,0.0,0.0,0.4
997,32,5,-18.046348278625445,-0.8329932930530433,0,0.8,0.0,0.0,0.4
998,32,6,-17.046348278625445,-0.8329932930530433,0,0.8,0.0,0.0,0.4
999,32,7,-16.046348278625445,-0.8329932930530433,0,0.8,0.0,0.0,0.4
1000,32,8,-15.046348278625445,-0.8329932930530433,0,0.8,0.0,0.0,0.4
1001,32,9,-14.046348278625445,-0.8329932930530433,0,0.8,0.0,0.0,0.4
1002,32,10,-13.046348278625445,-0.8329932930530433,0,0.8,0.0,0.0,0.4
1003,32,11,-12.046348278625445,-0.8329932930530433,0,0.8,0.0,0.0,0.4
1004,32,12,-11.046348278625445,-0.8329932930530433,0,0.8,0.0,0.0,0.4
1005,32,13,-10.046348278625445,-0.8329932930530433,0,0.8,0.0,0.0,0.4
1006,32,14,-9.046348278625445,-0.8329932930530433,0,0.8,0.0,0.0,0.4
1007,32,15,-8.046348278625445,-0.8329932930530433,0,0.8,0.0,0.0,0.4
1008,32,16,-7.0463482786254446,-0.8329932930530433,0,0.8,0.0,0.0,0.4
1009,32,17,-6.0463482786254446,-0.8329932930530433,0,0.8,0.0,0.0,0.4
1010,32,18,-5.0463482786254446,-0.8329932930530433,0,0.8,0.0,0.0,0.4
1011,32,19,-4.0463482786254446,-0.8329932930530433,1,0.2,0.0,0.0,0.1
1012,32,20,-3.046348278625445,-0.8329932930530433,1,0.2,0.055237578771874664,0.4809575452860043,0.3404787726430022
1013,32,21,-2.046348278625445,-0.8329932930530433,1,0.2,0.023814341251880325,0.20481763592269867,0.20240881796134935
1014,32,22,-1.0463482786254446,-0.8329932930530433,1,0.2,0.040402035155289326,0.35058632981106935,0.2752931649055347
1015,32,23,-0.0463482786254445,-0.8329932930530433,1,0.2,0.008662617954449928,0.07166790889701978,0.1358339544485099
1016,32,24,0.9536517213745554,-0.8329932930530433,1,0.2,0.0,0.0,0.1
1017,32,25,1.953651721374556,-0.8329932930530433,0,0.8,0.0,0.0,0.4
1018,32,26,2.9536517213745554,-0.8329932930530433,0,0.8,0.0,0.0,0.4
1019,32,27,3.953651721374555,-0.8329932930530433,0,0.8,0.0,0.0,0.4
1020,32,28,4.9536517213745554,-0.8329932930530433,0,0.8,0.0,0.0,0.4
1021,32,29,5.9536517213745554,-0.8329932930530433,0,0.8,0.0,0.0,0.4
1022,32,30,6.9536517213745554,-0.8329932930530433,0,0.8,0.0,0.0,0.4
1023,33,0,-23.046348278625445,0.1670067069469567,0,0.8,0.0,0.0,0.4
1024,33,1,-22.046348278625445,0.1670067069469567,0,0.8,0.0,0.0,0.4
1025,33,2,-21.046348278625445,0.1670067069469567,0,0.8,0.0,0.0,0.4
1026,33,3,-20.046348278625445,0.1670067069469567,0,0.8,0.0,0.0,0.4
1027,33,4,-19.046348278625445,0.1670067069469567,0,0.8,0.0,0.0,0.4
1028,33,5,-18.046348278625445,0.1670067069469567,0,0.8,0.0,0.0,0.4
1029,33,6,-17.046348278625445,0.1670067069469567,0,0.8,0.0,0.0,0.4
1030,33,7,-16.046348278625445,0.1670067069469567,0,0.8,0.0,0.0,0.4
1031,33,8,-15.046348278625445,0.1670067069469567,0,0.8,0.0,0.0,0.4
1032,33,9,-14.046348278625445,0.1670067069469567,0,0.8,0.0,0.0,0.4
1033,33,10,-13.046348278625445,0.1670067069469567,0,0.8,0.0,0.0,0.4
1034,33,11,-12.046348278625445,0.1670067069469567,0,0.8,0.0,0.0,0.4
1035,33,12,-11.046348278625445,0.1670067069469567,0,0.8,0.0,0.0,0.4
1036,33,13,-10.046348278625445,0.1670067069469567,0,0.8,0.0,0.0,0.4
1037,33,14,-9.046348278625445,0.1670067069469567,0,0.8,0.0,0.0,0.4
1038,33,15,-8.046348278625445,0.1670067069469567,0,0.8,0.0,0.0,0.4
1039,33,16,-7.0463482786254446,0.1670067069469567,0,0.8,0.0,0.0,0.4
1040,33,17,-6.0463482786254446,0.1670067069469567,0,0.8,0.0,0.0,0.4
1041,33,18,-5.0463482786254446,0.1670067069469567,1,0.2,0.0,0.0,0.1
1042,33,19,-4.0463482786254446,0.1670067069469567,1,0.2,0.04756932392120547,0.4135707523722835,0.30678537618614177
1043,33,20,-3.046348278625445,0.1670067069469567,1,0.2,0.07178064752829925,0.6263340840364534,0.41316704201822674
1044,33,21,-2.046348278625445,0.1670067069469567,1,0.2,0.03125885271752354,0.2702382253851551,0.23511911269257754
1045,33,22,-1.0463482786254446,0.1670067069469567,1,0.2,0.08141722440126209,0.7110180209662267,0.4555090104831133
1046,33,23,-0.0463482786254445,0.1670067069469567,1,0.2,0.07168014249395878,0.625450869789173,0.41272543489458646
1047,33,24,0.9536517213745554,0.1670067069469567,1,0.2,0.0,0.0,0.1
1048,33,25,1.953651721374556,0.1670067069469567,1,0.2,0.0,0.0,0.1
1049,33,26,2.9536517213745554,0.1670067069469567,1,0.2,0.0,0.0,0.1
1050,33,27,3.953651721374555,0.1670067069469567,0,0.8,0.0,0.0,0.4
1051,33,28,4.9536517213745554,0.1670067069469567,0,0.8,0.0,0.0,0.4
1052,33,29,5.9536517213745554,0.1670067069469567,0,0.8,0.0,0.0,0.4
1053,33,30,6.9536517213745554,0.1670067069469567,0,0.8,0.0,0.0,0.4
1054,34,0,-23.046348278625445,1.1670067069469567,0,0.8,0.0,0.0,0.4
1055,34,1,-22.046348278625445,1.1670067069469567,0,0.8,0.0,0.0,0.4
1056,34,2,-21.046348278625445,1.1670067069469567,0,0.8,0.0,0.0,0.4
1057,34,3,-20.046348278625445,1.1670067069469567,0,0.8,0.0,0.0,0.4
1058,34,4,-19.046348278625445,1.1670067069469567,0,0.8,0.0,0.0,0.4
1059,34,5,-18.046348278625445,1.1670067069469567,0,0.8,0.0,0.0,0.4
1060,34,6,-17.046348278625445,1.1670067069469567,0,0.8,0.0,0.0,0.4
1061,34,7,-16.046348278625445,1.1670067069469567,0,0.8,0.0,0.0,0.4
1062,34,8,-15.046348278625445,1.1670067069469567,0,0.8,0.0,0.0,0.4
1063,34,9,-14.046348278625445,1.1670067069469567,0,0.8,0.0,0.0,0.4
1064,34,10,-13.046348278625445,1.1670067069469567,0,0.8,0.0,0.0,0.4
1065,34,11,-12.046348278625445,1.1670067069469567,0,0.8,0.0,0.0,0.4
1066,34,12,-11.046348278625445,1.1670067069469567,0,0.8,0.0,0.0,0.4
1067,34,13,-10.046348278625445,1.1670067069469567,0,0.8,0.0,0.0,0.4
1068,34,14,-9.046348278625445,1.1670067069469567,0,0.8,0.0,0.0,0.4
1069,34,15,-8.046348278625445,1.1670067069469567,0,0.8,0.0,0.0,0.4
1070,34,16,-7.0463482786254446,1.1670067069469567,0,0.8,0.0,0.0,0.4
1071,34,17,-6.0463482786254446,1.1670067069469567,1,0.2,0.0,0.0,0.1
1072,34,18,-5.0463482786254446,1.1670067069469567,1,0.2,0.0,0.0,0.1
1073,34,19,-4.0463482786254446,1.1670067069469567,1,0.2,0.08676710995641236,0.7580315379968398,0.4790157689984199
1074,34,20,-3.046348278625445,1.1670067069469567,1,0.2,0.07273524256263754,0.6347228372988475,0.4173614186494238
1075,34,21,-2.046348278625445,1.1670067069469567,1,0.2,0.0,0.0,0.1
1076,34,22,-1.0463482786254446,1.1670067069469567,1,0.2,0.02807091789034853,0.24222341520933868,0.22111170760466936
1077,34,23,-0.0463482786254445,1.1670067069469567,1,0.2,0.0,0.0,0.1
1078,34,24,0.9536517213745554,1.1670067069469567,1,0.2,0.04071588720572109,0.35334438670143814,0.2766721933507191
1079,34,25,1.953651721374556,1.1670067069469567,1,0.2,0.053035962508678015,0.46161026717740505,0.33080513358870256
1080,34,26,2.9536517213745554,1.1670067069469567,1,0.2,0.0,0.0,0.1
1081,34,27,3.953651721374555,1.1670067069469567,0,0.8,0.0,0.0,0.4
1082,34,28,4.9536517213745554,1.1670067069469567,0,0.8,0.0,0.0,0.4
1083,34,29,5.9536517213745554,1.1670067069469567,0,0.8,0.0,0.0,0.4
1084,34,30,6.9536517213745554,1.1670067069469567,0,0.8,0.0,0.0,0.4
1085,35,0,-23.046348278625445,2.1670067069469567,0,0.8,0.0,0.0,0.4
1086,35,1,-22.046348278625445,2.1670067069469567,0,0.8,0.0,0.0,0.4
1087,35,2,-21.046348278625445,2.1670067069469567,0,0.8,0.0,0.0,0.4
1088,35,3,-20.046348278625445,2.1670067069469567,0,0.8,0.0,0.0,0.4
1089,35,4,-19.046348278625445,2.1670067069469567,0,0.8,0.0,0.0,0.4
1090,35,5,-18.046348278625445,2.1670067069469567,0,0.8,0.0,0.0,0.4
1091,35,6,-17.046348278625445,2.1670067069469567,0,0.8,0.0,0.0,0.4
1092,35,7,-16.046348278625445,2.1670067069469567,0,0.8,0.0,0.0,0.4
1093,35,8,-15.046348278625445,2.1670067069469567,0,0.8,0.0,0.0,0.4
1094,35,9,-14.046348278625445,2.1670067069469567,0,0.8,0.0,0.0,0.4
1095,35,10,-13.046348278625445,2.1670067069469567,0,0.8,0.0,0.0,0.4
1096,35,11,-12.046348278625445,2.1670067069469567,0,0.8,0.0,0.0,0.4
1097,35,12,-11.046348278625445,2.1670067069469567,0,0.8,0.0,0.0,0.4
1098,35,13,-10.046348278625445,2.1670067069469567,0,0.8,0.0,0.0,0.4
1099,35,14,-9.046348278625445,2.1670067069469567,0,0.8,0.0,0.0,0.4
1100,35,15,-8.046348278625445,2.1670067069469567,0,0.8,0.0,0.0,0.4
1101,35,16,-7.0463482786254446,2.1670067069469567,0,0.8,0.0,0.0,0.4
1102,35,17,-6.0463482786254446,2.1670067069469567,1,0.2,0.0,0.0,0.1
1103,35,18,-5.0463482786254446,2.1670067069469567,1,0.2,0.020415990254673402,0.17495373867925548,0.18747686933962776
1104,35,19,-4.0463482786254446,2.1670067069469567,1,0.2,0.03610822728354523,0.31285337133496016,0.25642668566748006
1105,35,20,-3.046348278625445,2.1670067069469567,1,0.2,0.0,0.0,0.1
1106,35,21,-2.046348278625445,2.1670067069469567,1,0.2,0.003207912256711471,0.02373325747803143,0.11186662873901572
1107,35,22,-1.0463482786254446,2.1670067069469567,1,0.2,0.0,0.0,0.1
1108,35,23,-0.0463482786254445,2.1670067069469567,1,0.2,0.008512039312240635,0.07034465973832739,0.1351723298691637
1109,35,24,0.9536517213745554,2.1670067069469567,1,0.2,0.030952893387106405,0.26754952783397223,0.23377476391698612
1110,35,25,1.953651721374556,2.1670067069469567,1,0.2,0.028462532051189753,0.24566482696111233,0.22283241348055616
1111,35,26,2.9536517213745554,2.1670067069469567,1,0.2,0.0,0.0,0.1
1112,35,27,3.953651721374555,2.1670067069469567,0,0.8,0.0,0.0,0.4
1113,35,28,4.9536517213745554,2.1670067069469567,0,0.8,0.0,0.0,0.4
1114,35,29,5.9536517213745554,2.1670067069469567,0,0.8,0.0,0.0,0.4
1115,35,30,6.9536517213745554,2.1670067069469567,0,0.8,0.0,0.0,0.4
1116,36,0,-23.046348278625445,3.1670067069469567,0,0.8,0.0,0.0,0.4
1117,36,1,-22.046348278625445,3.1670067069469567,0,0.8,0.0,0.0,0.4
1118,36,2,-21.046348278625445,3.1670067069469567,0,0.8,0.0,0.0,0.4
1119,36,3,-20.046348278625445,3.1670067069469567,0,0.8,0.0,0.0,0.4
1120,36,4,-19.046348278625445,3.1670067069469567,0,0.8,0.0,0.0,0.4
1121,36,5,-18.046348278625445,3.1670067069469567,0,0.8,0.0,0.0,0.4
1122,36,6,-17.046348278625445,3.1670067069469567,0,0.8,0.0,0.0,0.4
1123,36,7,-16.046348278625445,3.1670067069469567,0,0.8,0.0,0.0,0.4
1124,36,8,-15.046348278625445,3.1670067069469567,0,0.8,0.0,0.0,0.4
1125,36,9,-14.046348278625445,3.1670067069469567,0,0.8,0.0,0.0,0.4
1126,36,10,-13.046348278625445,3.1670067069469567,0,0.8,0.0,0.0,0.4
1127,36,11,-12.046348278625445,3.1670067069469567,0,0.8,0.0,0.0,0.4
1128,36,12,-11.046348278625445,3.1670067069469567,0,0.8,0.0,0.0,0.4
1129,36,13,-10.046348278625445,3.1670067069469567,0,0.8,0.0,0.0,0.4
1130,36,14,-9.046348278625445,3.1670067069469567,0,0.8,0.0,0.0,0.4
1131,36,15,-8.046348278625445,3.1670067069469567,0,0.8,0.0,0.0,0.4
1132,36,16,-7.0463482786254446,3.1670067069469567,0,0.8,0.0,0.0,0.4
1133,36,17,-6.0463482786254446,3.1670067069469567,1,0.2,0.0,0.0,0.1
1134,36,18,-5.0463482786254446,3.1670067069469567,1,0.2,0.03885215385914347,0.33696634299814865,0.2684831714990743
1135,36,19,-4.0463482786254446,3.1670067069469567,1,0.2,0.0,0.0,0.1
1136,36,20,-3.046348278625445,3.1670067069469567,1,0.2,0.0,0.0,0.1
1137,36,21,-2.046348278625445,3.1670067069469567,1,0.2,0.0548621790685433,0.47765862231579875,0.3388293111578994
1138,36,22,-1.0463482786254446,3.1670067069469567,1,0.2,0.04082440387593377,0.35429800529207095,0.2771490026460355
1139,36,23,-0.0463482786254445,3.1670067069469567,1,0.2,0.0,0.0,0.1
1140,36,24,0.9536517213745554,3.1670067069469567,1,0.2,0.0,0.0,0.1
1141,36,25,1.953651721374556,3.1670067069469567,1,0.2,0.0,0.0,0.1
1142,36,26,2.9536517213745554,3.1670067069469567,0,0.8,0.0,0.0,0.4
1143,36,27,3.953651721374555,3.1670067069469567,0,0.8,0.0,0.0,0.4
1144,36,28,4.9536517213745554,3.1670067069469567,0,0.8,0.0,0.0,0.4
1145,36,29,5.9536517213745554,3.1670067069469567,0,0.8,0.0,0.0,0.4
1146,36,30,6.9536517213745554,3.1670067069469567,0,0.8,0.0,0.0,0.4
1147,37,0,-23.046348278625445,4.167006706946957,0,0.8,0.0,0.0,0.4
1148,37,1,-22.046348278625445,4.167006706946957,0,0.8,0.0,0.0,0.4
1149,37,2,-21.046348278625445,4.167006706946957,0,0.8,0.0,0.0,0.4
1150,37,3,-20.046348278625445,4.167006706946957,0,0.8,0.0,0.0,0.4
1151,37,4,-19.046348278625445,4.167006706946957,0,0.8,0.0,0.0,0.4
1152,37,5,-18.046348278625445,4.167006706946957,0,0.8,0.0,0.0,0.4
1153,37,6,-17.046348278625445,4.167006706946957,0,0.8,0.0,0.0,0.4
1154,37,7,-16.046348278625445,4.167006706946957,0,0.8,0.0,0.0,0.4
1155,37,8,-15.046348278625445,4.167006706946957,0,0.8,0.0,0.0,0.4
1156,37,9,-14.046348278625445,4.167006706946957,0,0.8,0.0,0.0,0.4
1157,37,10,-13.046348278625445,4.167006706946957,0,0.8,0.0,0.0,0.4
1158,37,11,-12.046348278625445,4.167006706946957,0,0.8,0.0,0.0,0.4
1159,37,12,-11.046348278625445,4.167006706946957,0,0.8,0.0,0.0,0.4
1160,37,13,-10.046348278625445,4.167006706946957,0,0.8,0.0,0.0,0.4
1161,37,14,-9.046348278625445,4.167006706946957,0,0.8,0.0,0.0,0.4
1162,37,15,-8.046348278625445,4.167006706946957,0,0.8,0.0,0.0,0.4
1163,37,16,-7.0463482786254446,4.167006706946957,0,0.8,0.0,0.0,0.4
1164,37,17,-6.0463482786254446,4.167006706946957,0,0.8,0.0,0.0,0.4
1165,37,18,-5.0463482786254446,4.167006706946957,1,0.2,0.0,0.0,0.1
1166,37,19,-4.0463482786254446,4.167006706946957,0,0.8,0.0,0.0,0.4
1167,37,20,-3.046348278625445,4.167006706946957,1,0.2,0.0,0.0,0.1
1168,37,21,-2.046348278625445,4.167006706946957,1,0.2,0.003636619544197159,0.027500634771168726,0.11375031738558437
1169,37,22,-1.0463482786254446,4.167006706946957,1,0.2,0.0,0.0,0.1
1170,37,23,-0.0463482786254445,4.167006706946957,1,0.2,0.0,0.0,0.1
1171,37,24,0.9536517213745554,4.167006706946957,0,0.8,0.0,0.0,0.4
1172,37,25,1.953651721374556,4.167006706946957,0,0.8,0.0,0.0,0.4
1173,37,26,2.9536517213745554,4.167006706946957,0,0.8,0.0,0.0,0.4
1174,37,27,3.953651721374555,4.167006706946957,0,0.8,0.0,0.0,0.4
1175,37,28,4.9536517213745554,4.167006706946957,0,0.8,0.0,0.0,0.4
1176,37,29,5.9536517213745554,4.167006706946957,0,0.8,0.0,0.0,0.4
1177,37,30,6.9536517213745554,4.167006706946957,0,0.8,0.0,0.0,0.4
1178,38,0,-23.046348278625445,5.167006706946957,0,0.8,0.0,0.0,0.4
1179,38,1,-22.046348278625445,5.167006706946957,0,0.8,0.0,0.0,0.4
1180,38,2,-21.046348278625445,5.167006706946957,0,0.8,0.0,0.0,0.4
1181,38,3,-20.046348278625445,5.167006706946957,0,0.8,0.0,0.0,0.4
1182,38,4,-19.046348278625445,5.167006706946957,0,0.8,0.0,0.0,0.4
1183,38,5,-18.046348278625445,5.167006706946957,0,0.8,0.0,0.0,0.4
1184,38,6,-17.046348278625445,5.167006706946957,0,0.8,0.0,0.0,0.4
1185,38,7,-16.046348278625445,5.167006706946957,0,0.8,0.0,0.0,0.4
1186,38,8,-15.046348278625445,5.167006706946957,0,0.8,0.0,0.0,0.4
1187,38,9,-14.046348278625445,5.167006706946957,0,0.8,0.0,0.0,0.4
1188,38,10,-13.046348278625445,5.167006706946957,0,0.8,0.0,0.0,0.4
1189,38,11,-12.046348278625445,5.167006706946957,0,0.8,0.0,0.0,0.4
1190,38,12,-11.046348278625445,5.167006706946957,0,0.8,0.0,0.0,0.4
1191,38,13,-10.046348278625445,5.167006706946957,0,0.8,0.0,0.0,0.4
1192,38,14,-9.046348278625445,5.167006706946957,0,0.8,0.0,0.0,0.4
1193,38,15,-8.046348278625445,5.167006706946957,0,0.8,0.0,0.0,0.4
1194,38,16,-7.0463482786254446,5.167006706946957,0,0.8,0.0,0.0,0.4
1195,38,17,-6.0463482786254446,5.167006706946957,0,0.8,0.0,0.0,0.4
1196,38,18,-5.0463482786254446,5.167006706946957,0,0.8,0.0,0.0,0.4
1197,38,19,-4.0463482786254446,5.167006706946957,0,0.8,0.0,0.0,0.4
1198,38,20,-3.046348278625445,5.167006706946957,0,0.8,0.0,0.0,0.4
1199,38,21,-2.046348278625445,5.167006706946957,0,0.8,0.0,0.0,0.4
1200,38,22,-1.0463482786254446,5.167006706946957,0,0.8,0.0,0.0,0.4
1201,38,23,-0.0463482786254445,5.167006706946957,0,0.8,0.0,0.0,0.4
1202,38,24,0.9536517213745554,5.167006706946957,0,0.8,0.0,0.0,0.4
1203,38,25,1.953651721374556,5.167006706946957,0,0.8,0.0,0.0,0.4
1204,38,26,2.9536517213745554,5.167006706946957,0,0.8,0.0,0.0,0.4
1205,38,27,3.953651721374555,5.167006706946957,0,0.8,0.0,0.0,0.4
1206,38,28,4.9536517213745554,5.167006706946957,0,0.8,0.0,0.0,0.4
1207,38,29,5.9536517213745554,5.167006706946957,0,0.8,0.0,0.0,0.4
1208,38,30,6.9536517213745554,5.167006706946957,0,0.8,0.0,0.0,0.4
1209,39,0,-23.046348278625445,6.167006706946957,0,0.8,0.0,0.0,0.4
1210,39,1,-22.046348278625445,6.167006706946957,0,0.8,0.0,0.0,0.4
1211,39,2,-21.046348278625445,6.167006706946957,0,0.8,0.0,0.0,0.4
1212,39,3,-20.046348278625445,6.167006706946957,0,0.8,0.0,0.0,0.4
1213,39,4,-19.046348278625445,6.167006706946957,0,0.8,0.0,0.0,0.4
1214,39,5,-18.046348278625445,6.167006706946957,0,0.8,0.0,0.0,0.4
1215,39,6,-17.046348278625445,6.167006706946957,0,0.8,0.0,0.0,0.4
1216,39,7,-16.046348278625445,6.167006706946957,0,0.8,0.0,0.0,0.4
1217,39,8,-15.046348278625445,6.167006706946957,0,0.8,0.0,0.0,0.4
1218,39,9,-14.046348278625445,6.167006706946957,0,0.8,0.0,0.0,0.4
1219,39,10,-13.046348278625445,6.167006706946957,0,0.8,0.0,0.0,0.4
1220,39,11,-12.046348278625445,6.167006706946957,0,0.8,0.0,0.0,0.4
1221,39,12,-11.046348278625445,6.167006706946957,0,0.8,0.0,0.0,0.4
1222,39,13,-10.046348278625445,6.167006706946957,0,0.8,0.0,0.0,0.4
1223,39,14,-9.046348278625445,6.167006706946957,0,0.8,0.0,0.0,0.4
1224,39,15,-8.046348278625445,6.167006706946957,0,0.8,0.0,0.0,0.4
1225,39,16,-7.0463482786254446,6.167006706946957,0,0.8,0.0,0.0,0.4
1226,39,17,-6.0463482786254446,6.167006706946957,0,0.8,0.0,0.0,0.4
1227,39,18,-5.0463482786254446,6.167006706946957,0,0.8,0.0,0.0,0.4
1228,39,19,-4.0463482786254446,6.167006706946957,0,0.8,0.0,0.0,0.4
1229,39,20,-3.046348278625445,6.167006706946957,0,0.8,0.0,0.0,0.4
1230,39,21,-2.046348278625445,6.167006706946957,0,0.8,0.0,0.0,0.4
1231,39,22,-1.0463482786254446,6.167006706946957,0,0.8,0.0,0.0,0.4
1232,39,23,-0.0463482786254445,6.167006706946957,0,0.8,0.0,0.0,0.4
1233,39,24,0.9536517213745554,6.167006706946957,0,0.8,0.0,0.0,0.4
1234,39,25,1.953651721374556,6.167006706946957,0,0.8,0.0,0.0,0.4
1235,39,26,2.9536517213745554,6.167006706946957,0,0.8,0.0,0.0,0.4
1236,39,27,3.953651721374555,6.167006706946957,0,0.8,0.0,0.0,0.4
1237,39,28,4.9536517213745554,6.167006706946957,0,0.8,0.0,0.0,0.4
1238,39,29,5.9536517213745554,6.167006706946957,0,0.8,0.0,0.0,0.4
1239,39,30,6.9536517213745554,6.167006706946957,0,0.8,0.0,0.0,0.4
1240,40,0,-23.046348278625445,7.167006706946957,0,0.8,0.0,0.0,0.4
1241,40,1,-22.046348278625445,7.167006706946957,0,0.8,0.0,0.0,0.4
1242,40,2,-21.046348278625445,7.167006706946957,0,0.8,0.0,0.0,0.4
1243,40,3,-20.046348278625445,7.167006706946957,0,0.8,0.0,0.0,0.4
1244,40,4,-19.046348278625445,7.167006706946957,0,0.8,0.0,0.0,0.4
1245,40,5,-18.046348278625445,7.167006706946957,0,0.8,0.0,0.0,0.4
1246,40,6,-17.046348278625445,7.167006706946957,0,0.8,0.0,0.0,0.4
1247,40,7,-16.046348278625445,7.167006706946957,0,0.8,0.0,0.0,0.4
1248,40,8,-15.046348278625445,7.167006706946957,0,0.8,0.0,0.0,0.4
1249,40,9,-14.046348278625445,7.167006706946957,0,0.8,0.0,0.0,0.4
1250,40,10,-13.046348278625445,7.167006706946957,0,0.8,0.0,0.0,0.4
1251,40,11,-12.046348278625445,7.167006706946957,0,0.8,0.0,0.0,0.4
1252,40,12,-11.046348278625445,7.167006706946957,0,0.8,0.0,0.0,0.4
1253,40,13,-10.046348278625445,7.167006706946957,0,0.8,0.0,0.0,0.4
1254,40,14,-9.046348278625445,7.167006706946957,0,0.8,0.0,0.0,0.4
1255,40,15,-8.046348278625445,7.167006706946957,0,0.8,0.0,0.0,0.4
1256,40,16,-7.0463482786254446,7.167006706946957,0,0.8,0.0,0.0,0.4
1257,40,17,-6.0463482786254446,7.167006706946957,0,0.8,0.0,0.0,0.4
1258,40,18,-5.0463482786254446,7.167006706946957,0,0.8,0.0,0.0,0.4
1259,40,19,-4.0463482786254446,7.167006706946957,0,0.8,0.0,0.0,0.4
1260,40,20,-3.046348278625445,7.167006706946957,0,0.8,0.0,0.0,0.4
1261,40,21,-2.046348278625445,7.167006706946957,0,0.8,0.0,0.0,0.4
1262,40,22,-1.0463482786254446,7.167006706946957,0,0.8,0.0,0.0,0.4
1263,40,23,-0.0463482786254445,7.167006706946957,0,0.8,0.0,0.0,0.4
1264,40,24,0.9536517213745554,7.167006706946957,0,0.8,0.0,0.0,0.4
1265,40,25,1.953651721374556,7.167006706946957,0,0.8,0.0,0.0,0.4
1266,40,26,2.9536517213745554,7.167006706946957,0,0.8,0.0,0.0,0.4
1267,40,27,3.953651721374555,7.167006706946957,0,0.8,0.0,0.0,0.4
1268,40,28,4.9536517213745554,7.167006706946957,0,0.8,0.0,0.0,0.4
1269,40,29,5.9536517213745554,7.167006706946957,0,0.8,0.0,0.0,0.4
1270,40,30,6.9536517213745554,7.167006706946957,0,0.8,0.0,0.0,0.4
