cell_id,row,col,center_x,center_z,covered
0,0,0,-23.046348278625445,-32.83299329305304,0
1,0,1,-22.046348278625445,-32.83299329305304,0
2,0,2,-21.046348278625445,-32.83299329305304,0
3,0,3,-20.046348278625445,-32.83299329305304,0
4,0,4,-19.046348278625445,-32.83299329305304,0
5,0,5,-18.046348278625445,-32.83299329305304,0
6,0,6,-17.046348278625445,-32.83299329305304,0
7,0,7,-16.046348278625445,-32.83299329305304,0
8,0,8,-15.046348278625445,-32.83299329305304,0
9,0,9,-14.046348278625445,-32.83299329305304,0
10,0,10,-13.046348278625445,-32.83299329305304,0
11,0,11,-12.046348278625445,-32.83299329305304,0
12,0,12,-11.046348278625445,-32.83299329305304,0
13,0,13,-10.046348278625445,-32.83299329305304,0
14,0,14,-9.046348278625445,-32.83299329305304,0
15,0,15,-8.046348278625445,-32.83299329305304,0
16,0,16,-7.0463482786254446,-32.83299329305304,0
17,0,17,-6.0463482786254446,-32.83299329305304,0
18,0,18,-5.0463482786254446,-32.83299329305304,0
19,0,19,-4.0463482786254446,-32.83299329305304,0
20,0,20,-3.0463482786254446,-32.83299329305304,0
21,0,21,-2.0463482786254446,-32.83299329305304,0
22,0,22,-1.0463482786254446,-32.83299329305304,0
23,0,23,-0.04634827862544455,-32.83299329305304,0
24,0,24,0.9536517213745554,-32.83299329305304,0
25,0,25,1.9536517213745554,-32.83299329305304,0
26,0,26,2.9536517213745554,-32.83299329305304,0
27,0,27,3.9536517213745554,-32.83299329305304,0
28,0,28,4.9536517213745554,-32.83299329305304,0
29,0,29,5.9536517213745554,-32.83299329305304,0
30,0,30,6.9536517213745554,-32.83299329305304,0
31,1,0,-23.046348278625445,-31.832993293053043,0
32,1,1,-22.046348278625445,-31.832993293053043,0
33,1,2,-21.046348278625445,-31.832993293053043,0
34,1,3,-20.046348278625445,-31.832993293053043,0
35,1,4,-19.046348278625445,-31.832993293053043,0
36,1,5,-18.046348278625445,-31.832993293053043,0
37,1,6,-17.046348278625445,-31.832993293053043,0
38,1,7,-16.046348278625445,-31.832993293053043,0
39,1,8,-15.046348278625445,-31.832993293053043,0
40,1,9,-14.046348278625445,-31.832993293053043,0
41,1,10,-13.046348278625445,-31.832993293053043,0
42,1,11,-12.046348278625445,-31.832993293053043,0
43,1,12,-11.046348278625445,-31.832993293053043,0
44,1,13,-10.046348278625445,-31.832993293053043,0
45,1,14,-9.046348278625445,-31.832993293053043,0
46,1,15,-8.046348278625445,-31.832993293053043,0
47,1,16,-7.0463482786254446,-31.832993293053043,0
48,1,17,-6.0463482786254446,-31.832993293053043,0
49,1,18,-5.0463482786254446,-31.832993293053043,0
50,1,19,-4.0463482786254446,-31.832993293053043,0
51,1,20,-3.0463482786254446,-31.832993293053043,0
52,1,21,-2.0463482786254446,-31.832993293053043,0
53,1,22,-1.0463482786254446,-31.832993293053043,0
54,1,23,-0.04634827862544455,-31.832993293053043,0
55,1,24,0.9536517213745554,-31.832993293053043,0
56,1,25,1.9536517213745554,-31.832993293053043,0
57,1,26,2.9536517213745554,-31.832993293053043,0
58,1,27,3.9536517213745554,-31.832993293053043,0
59,1,28,4.9536517213745554,-31.832993293053043,0
60,1,29,5.9536517213745554,-31.832993293053043,0
61,1,30,6.9536517213745554,-31.832993293053043,0
62,2,0,-23.046348278625445,-30.832993293053043,0
63,2,1,-22.046348278625445,-30.832993293053043,0
64,2,2,-21.046348278625445,-30.832993293053043,0
65,2,3,-20.046348278625445,-30.832993293053043,0
66,2,4,-19.046348278625445,-30.832993293053043,0
67,2,5,-18.046348278625445,-30.832993293053043,0
68,2,6,-17.046348278625445,-30.832993293053043,0
69,2,7,-16.046348278625445,-30.832993293053043,0
70,2,8,-15.046348278625445,-30.832993293053043,0
71,2,9,-14.046348278625445,-30.832993293053043,0
72,2,10,-13.046348278625445,-30.832993293053043,0
73,2,11,-12.046348278625445,-30.832993293053043,0
74,2,12,-11.046348278625445,-30.832993293053043,0
75,2,13,-10.046348278625445,-30.832993293053043,0
76,2,14,-9.046348278625445,-30.832993293053043,0
77,2,15,-8.046348278625445,-30.832993293053043,0
78,2,16,-7.0463482786254446,-30.832993293053043,0
79,2,17,-6.0463482786254446,-30.832993293053043,1
80,2,18,-5.0463482786254446,-30.832993293053043,0
81,2,19,-4.0463482786254446,-30.832993293053043,0
82,2,20,-3.0463482786254446,-30.832993293053043,0
83,2,21,-2.0463482786254446,-30.832993293053043,0
84,2,22,-1.0463482786254446,-30.832993293053043,0
85,2,23,-0.04634827862544455,-30.832993293053043,0
86,2,24,0.9536517213745554,-30.832993293053043,0
87,2,25,1.9536517213745554,-30.832993293053043,0
88,2,26,2.9536517213745554,-30.832993293053043,1
89,2,27,3.9536517213745554,-30.832993293053043,1
90,2,28,4.9536517213745554,-30.832993293053043,0
91,2,29,5.9536517213745554,-30.832993293053043,0
92,2,30,6.9536517213745554,-30.832993293053043,0
93,3,0,-23.046348278625445,-29.832993293053043,0
94,3,1,-22.046348278625445,-29.832993293053043,0
95,3,2,-21.046348278625445,-29.832993293053043,0
96,3,3,-20.046348278625445,-29.832993293053043,0
97,3,4,-19.046348278625445,-29.832993293053043,0
98,3,5,-18.046348278625445,-29.832993293053043,0
99,3,6,-17.046348278625445,-29.832993293053043,0
100,3,7,-16.046348278625445,-29.832993293053043,0
101,3,8,-15.046348278625445,-29.832993293053043,0
102,3,9,-14.046348278625445,-29.832993293053043,0
103,3,10,-13.046348278625445,-29.832993293053043,0
104,3,11,-12.046348278625445,-29.832993293053043,0
105,3,12,-11.046348278625445,-29.832993293053043,0
106,3,13,-10.046348278625445,-29.832993293053043,0
107,3,14,-9.046348278625445,-29.832993293053043,0
108,3,15,-8.046348278625445,-29.832993293053043,1
109,3,16,-7.0463482786254446,-29.832993293053043,1
110,3,17,-6.0463482786254446,-29.832993293053043,1
111,3,18,-5.0463482786254446,-29.832993293053043,1
112,3,19,-4.0463482786254446,-29.832993293053043,0
113,3,20,-3.0463482786254446,-29.832993293053043,1
114,3,21,-2.0463482786254446,-29.832993293053043,1
115,3,22,-1.0463482786254446,-29.832993293053043,0
116,3,23,-0.04634827862544455,-29.832993293053043,0
117,3,24,0.9536517213745554,-29.832993293053043,0
118,3,25,1.9536517213745554,-29.832993293053043,1
119,3,26,2.9536517213745554,-29.832993293053043,1
120,3,27,3.9536517213745554,-29.832993293053043,1
121,3,28,4.9536517213745554,-29.832993293053043,1
122,3,29,5.9536517213745554,-29.832993293053043,0
123,3,30,6.9536517213745554,-29.832993293053043,0
124,4,0,-23.046348278625445,-28.832993293053043,0
125,4,1,-22.046348278625445,-28.832993293053043,0
126,4,2,-21.046348278625445,-28.832993293053043,0
127,4,3,-20.046348278625445,-28.832993293053043,0
128,4,4,-19.046348278625445,-28.832993293053043,0
129,4,5,-18.046348278625445,-28.832993293053043,0
130,4,6,-17.046348278625445,-28.832993293053043,0
131,4,7,-16.046348278625445,-28.832993293053043,0
132,4,8,-15.046348278625445,-28.832993293053043,0
133,4,9,-14.046348278625445,-28.832993293053043,0
134,4,10,-13.046348278625445,-28.832993293053043,0
135,4,11,-12.046348278625445,-28.832993293053043,0
136,4,12,-11.046348278625445,-28.832993293053043,1
137,4,13,-10.046348278625445,-28.832993293053043,1
138,4,14,-9.046348278625445,-28.832993293053043,1
139,4,15,-8.046348278625445,-28.832993293053043,1
140,4,16,-7.0463482786254446,-28.832993293053043,1
141,4,17,-6.0463482786254446,-28.832993293053043,1
142,4,18,-5.0463482786254446,-28.832993293053043,1
143,4,19,-4.0463482786254446,-28.832993293053043,1
144,4,20,-3.0463482786254446,-28.832993293053043,1
145,4,21,-2.0463482786254446,-28.832993293053043,1
146,4,22,-1.0463482786254446,-28.832993293053043,1
147,4,23,-0.04634827862544455,-28.832993293053043,1
148,4,24,0.9536517213745554,-28.832993293053043,1
149,4,25,1.9536517213745554,-28.832993293053043,1
150,4,26,2.9536517213745554,-28.832993293053043,1
151,4,27,3.9536517213745554,-28.832993293053043,1
152,4,28,4.9536517213745554,-28.832993293053043,1
153,4,29,5.9536517213745554,-28.832993293053043,0
154,4,30,6.9536517213745554,-28.832993293053043,0
155,5,0,-23.046348278625445,-27.832993293053043,0
156,5,1,-22.046348278625445,-27.832993293053043,0
157,5,2,-21.046348278625445,-27.832993293053043,0
158,5,3,-20.046348278625445,-27.832993293053043,0
159,5,4,-19.046348278625445,-27.832993293053043,0
160,5,5,-18.046348278625445,-27.832993293053043,1
161,5,6,-17.046348278625445,-27.832993293053043,1
162,5,7,-16.046348278625445,-27.832993293053043,1
163,5,8,-15.046348278625445,-27.832993293053043,1
164,5,9,-14.046348278625445,-27.832993293053043,0
165,5,10,-13.046348278625445,-27.832993293053043,0
166,5,11,-12.046348278625445,-27.832993293053043,0
167,5,12,-11.046348278625445,-27.832993293053043,1
168,5,13,-10.046348278625445,-27.832993293053043,1
169,5,14,-9.046348278625445,-27.832993293053043,1
170,5,15,-8.046348278625445,-27.832993293053043,1
171,5,16,-7.0463482786254446,-27.832993293053043,1
172,5,17,-6.0463482786254446,-27.832993293053043,1
173,5,18,-5.0463482786254446,-27.832993293053043,1
174,5,19,-4.0463482786254446,-27.832993293053043,1
175,5,20,-3.0463482786254446,-27.832993293053043,1
176,5,21,-2.0463482786254446,-27.832993293053043,1
177,5,22,-1.0463482786254446,-27.832993293053043,1
178,5,23,-0.04634827862544455,-27.832993293053043,1
179,5,24,0.9536517213745554,-27.832993293053043,1
180,5,25,1.9536517213745554,-27.832993293053043,1
181,5,26,2.9536517213745554,-27.832993293053043,1
182,5,27,3.9536517213745554,-27.832993293053043,1
183,5,28,4.9536517213745554,-27.832993293053043,1
184,5,29,5.9536517213745554,-27.832993293053043,0
185,5,30,6.9536517213745554,-27.832993293053043,0
186,6,0,-23.046348278625445,-26.832993293053043,0
187,6,1,-22.046348278625445,-26.832993293053043,0
188,6,2,-21.046348278625445,-26.832993293053043,0
189,6,3,-20.046348278625445,-26.832993293053043,0
190,6,4,-19.046348278625445,-26.832993293053043,1
191,6,5,-18.046348278625445,-26.832993293053043,1
192,6,6,-17.046348278625445,-26.832993293053043,1
193,6,7,-16.046348278625445,-26.832993293053043,1
194,6,8,-15.046348278625445,-26.832993293053043,1
195,6,9,-14.046348278625445,-26.832993293053043,1
196,6,10,-13.046348278625445,-26.832993293053043,0
197,6,11,-12.046348278625445,-26.832993293053043,1
198,6,12,-11.046348278625445,-26.832993293053043,1
199,6,13,-10.046348278625445,-26.832993293053043,1
200,6,14,-9.046348278625445,-26.832993293053043,1
201,6,15,-8.046348278625445,-26.832993293053043,1
202,6,16,-7.0463482786254446,-26.832993293053043,1
203,6,17,-6.0463482786254446,-26.832993293053043,1
204,6,18,-5.0463482786254446,-26.832993293053043,1
205,6,19,-4.0463482786254446,-26.832993293053043,1
206,6,20,-3.0463482786254446,-26.832993293053043,1
207,6,21,-2.0463482786254446,-26.832993293053043,1
208,6,22,-1.0463482786254446,-26.832993293053043,1
209,6,23,-0.04634827862544455,-26.832993293053043,1
210,6,24,0.9536517213745554,-26.832993293053043,1
211,6,25,1.9536517213745554,-26.832993293053043,1
212,6,26,2.9536517213745554,-26.832993293053043,1
213,6,27,3.9536517213745554,-26.832993293053043,1
214,6,28,4.9536517213745554,-26.832993293053043,1
215,6,29,5.9536517213745554,-26.832993293053043,0
216,6,30,6.9536517213745554,-26.832993293053043,0
217,7,0,-23.046348278625445,-25.832993293053043,0
218,7,1,-22.046348278625445,-25.832993293053043,0
219,7,2,-21.046348278625445,-25.832993293053043,0
220,7,3,-20.046348278625445,-25.832993293053043,0
221,7,4,-19.046348278625445,-25.832993293053043,1
222,7,5,-18.046348278625445,-25.832993293053043,1
223,7,6,-17.046348278625445,-25.832993293053043,1
224,7,7,-16.046348278625445,-25.832993293053043,1
225,7,8,-15.046348278625445,-25.832993293053043,1
226,7,9,-14.046348278625445,-25.832993293053043,1
227,7,10,-13.046348278625445,-25.832993293053043,1
228,7,11,-12.046348278625445,-25.832993293053043,1
229,7,12,-11.046348278625445,-25.832993293053043,1
230,7,13,-10.046348278625445,-25.832993293053043,1
231,7,14,-9.046348278625445,-25.832993293053043,0
232,7,15,-8.046348278625445,-25.832993293053043,1
233,7,16,-7.0463482786254446,-25.832993293053043,1
234,7,17,-6.0463482786254446,-25.832993293053043,1
235,7,18,-5.0463482786254446,-25.832993293053043,1
236,7,19,-4.0463482786254446,-25.832993293053043,1
237,7,20,-3.0463482786254446,-25.832993293053043,1
238,7,21,-2.0463482786254446,-25.832993293053043,1
239,7,22,-1.0463482786254446,-25.832993293053043,1
240,7,23,-0.04634827862544455,-25.832993293053043,1
241,7,24,0.9536517213745554,-25.832993293053043,0
242,7,25,1.9536517213745554,-25.832993293053043,1
243,7,26,2.9536517213745554,-25.832993293053043,1
244,7,27,3.9536517213745554,-25.832993293053043,1
245,7,28,4.9536517213745554,-25.832993293053043,0
246,7,29,5.9536517213745554,-25.832993293053043,0
247,7,30,6.9536517213745554,-25.832993293053043,0
248,8,0,-23.046348278625445,-24.832993293053043,0
249,8,1,-22.046348278625445,-24.832993293053043,0
250,8,2,-21.046348278625445,-24.832993293053043,0
251,8,3,-20.046348278625445,-24.832993293053043,0
252,8,4,-19.046348278625445,-24.832993293053043,1
253,8,5,-18.046348278625445,-24.832993293053043,1
254,8,6,-17.046348278625445,-24.832993293053043,1
255,8,7,-16.046348278625445,-24.832993293053043,1
256,8,8,-15.046348278625445,-24.832993293053043,1
257,8,9,-14.046348278625445,-24.832993293053043,1
258,8,10,-13.046348278625445,-24.832993293053043,1
259,8,11,-12.046348278625445,-24.832993293053043,1
260,8,12,-11.046348278625445,-24.832993293053043,1
261,8,13,-10.046348278625445,-24.832993293053043,1
262,8,14,-9.046348278625445,-24.832993293053043,0
263,8,15,-8.046348278625445,-24.832993293053043,1
264,8,16,-7.0463482786254446,-24.832993293053043,1
265,8,17,-6.0463482786254446,-24.832993293053043,1
266,8,18,-5.0463482786254446,-24.832993293053043,1
267,8,19,-4.0463482786254446,-24.832993293053043,0
268,8,20,-3.0463482786254446,-24.832993293053043,0
269,8,21,-2.0463482786254446,-24.832993293053043,0
270,8,22,-1.0463482786254446,-24.832993293053043,0
271,8,23,-0.04634827862544455,-24.832993293053043,0
272,8,24,0.9536517213745554,-24.832993293053043,0
273,8,25,1.9536517213745554,-24.832993293053043,1
274,8,26,2.9536517213745554,-24.832993293053043,1
275,8,27,3.9536517213745554,-24.832993293053043,1
276,8,28,4.9536517213745554,-24.832993293053043,0
277,8,29,5.9536517213745554,-24.832993293053043,0
278,8,30,6.9536517213745554,-24.832993293053043,0
279,9,0,-23.046348278625445,-23.832993293053043,0
280,9,1,-22.046348278625445,-23.832993293053043,0
281,9,2,-21.046348278625445,-23.832993293053043,0
282,9,3,-20.046348278625445,-23.832993293053043,1
283,9,4,-19.046348278625445,-23.832993293053043,0
284,9,5,-18.046348278625445,-23.832993293053043,1
285,9,6,-17.046348278625445,-23.832993293053043,1
286,9,7,-16.046348278625445,-23.832993293053043,1
287,9,8,-15.046348278625445,-23.832993293053043,1
288,9,9,-14.046348278625445,-23.832993293053043,1
289,9,10,-13.046348278625445,-23.832993293053043,1
290,9,11,-12.046348278625445,-23.832993293053043,1
291,9,12,-11.046348278625445,-23.832993293053043,1
292,9,13,-10.046348278625445,-23.832993293053043,1
293,9,14,-9.046348278625445,-23.832993293053043,0
294,9,15,-8.046348278625445,-23.832993293053043,0
295,9,16,-7.0463482786254446,-23.832993293053043,1
296,9,17,-6.0463482786254446,-23.832993293053043,1
297,9,18,-5.0463482786254446,-23.832993293053043,0
298,9,19,-4.0463482786254446,-23.832993293053043,0
299,9,20,-3.0463482786254446,-23.832993293053043,0
300,9,21,-2.0463482786254446,-23.832993293053043,0
301,9,22,-1.0463482786254446,-23.832993293053043,0
302,9,23,-0.04634827862544455,-23.832993293053043,0
303,9,24,0.9536517213745554,-23.832993293053043,1
304,9,25,1.9536517213745554,-23.832993293053043,1
305,9,26,2.9536517213745554,-23.832993293053043,1
306,9,27,3.9536517213745554,-23.832993293053043,0
307,9,28,4.9536517213745554,-23.832993293053043,0
308,9,29,5.9536517213745554,-23.832993293053043,0
309,9,30,6.9536517213745554,-23.832993293053043,0
310,10,0,-23.046348278625445,-22.832993293053043,0
311,10,1,-22.046348278625445,-22.832993293053043,1
312,10,2,-21.046348278625445,-22.832993293053043,1
313,10,3,-20.046348278625445,-22.832993293053043,1
314,10,4,-19.046348278625445,-22.832993293053043,1
315,10,5,-18.046348278625445,-22.832993293053043,1
316,10,6,-17.046348278625445,-22.832993293053043,1
317,10,7,-16.046348278625445,-22.832993293053043,1
318,10,8,-15.046348278625445,-22.832993293053043,1
319,10,9,-14.046348278625445,-22.832993293053043,1
320,10,10,-13.046348278625445,-22.832993293053043,1
321,10,11,-12.046348278625445,-22.832993293053043,1
322,10,12,-11.046348278625445,-22.832993293053043,1
323,10,13,-10.046348278625445,-22.832993293053043,1
324,10,14,-9.046348278625445,-22.832993293053043,0
325,10,15,-8.046348278625445,-22.832993293053043,0
326,10,16,-7.0463482786254446,-22.832993293053043,0
327,10,17,-6.0463482786254446,-22.832993293053043,0
328,10,18,-5.0463482786254446,-22.832993293053043,0
329,10,19,-4.0463482786254446,-22.832993293053043,0
330,10,20,-3.0463482786254446,-22.832993293053043,0
331,10,21,-2.0463482786254446,-22.832993293053043,0
332,10,22,-1.0463482786254446,-22.832993293053043,0
333,10,23,-0.04634827862544455,-22.832993293053043,0
334,10,24,0.9536517213745554,-22.832993293053043,1
335,10,25,1.9536517213745554,-22.832993293053043,1
336,10,26,2.9536517213745554,-22.832993293053043,1
337,10,27,3.9536517213745554,-22.832993293053043,0
338,10,28,4.9536517213745554,-22.832993293053043,0
339,10,29,5.9536517213745554,-22.832993293053043,0
340,10,30,6.9536517213745554,-22.832993293053043,0
341,11,0,-23.046348278625445,-21.832993293053043,0
342,11,1,-22.046348278625445,-21.832993293053043,1
343,11,2,-21.046348278625445,-21.832993293053043,1
344,11,3,-20.046348278625445,-21.832993293053043,1
345,11,4,-19.046348278625445,-21.832993293053043,1
346,11,5,-18.046348278625445,-21.832993293053043,1
347,11,6,-17.046348278625445,-21.832993293053043,1
348,11,7,-16.046348278625445,-21.832993293053043,1
349,11,8,-15.046348278625445,-21.832993293053043,1
350,11,9,-14.046348278625445,-21.832993293053043,1
351,11,10,-13.046348278625445,-21.832993293053043,1
352,11,11,-12.046348278625445,-21.832993293053043,1
353,11,12,-11.046348278625445,-21.832993293053043,1
354,11,13,-10.046348278625445,-21.832993293053043,1
355,11,14,-9.046348278625445,-21.832993293053043,0
356,11,15,-8.046348278625445,-21.832993293053043,0
357,11,16,-7.0463482786254446,-21.832993293053043,0
358,11,17,-6.0463482786254446,-21.832993293053043,0
359,11,18,-5.0463482786254446,-21.832993293053043,0
360,11,19,-4.0463482786254446,-21.832993293053043,0
361,11,20,-3.0463482786254446,-21.832993293053043,0
362,11,21,-2.0463482786254446,-21.832993293053043,0
363,11,22,-1.0463482786254446,-21.832993293053043,0
364,11,23,-0.04634827862544455,-21.832993293053043,1
365,11,24,0.9536517213745554,-21.832993293053043,1
366,11,25,1.9536517213745554,-21.832993293053043,1
367,11,26,2.9536517213745554,-21.832993293053043,1
368,11,27,3.9536517213745554,-21.832993293053043,0
369,11,28,4.9536517213745554,-21.832993293053043,0
370,11,29,5.9536517213745554,-21.832993293053043,0
371,11,30,6.9536517213745554,-21.832993293053043,0
372,12,0,-23.046348278625445,-20.832993293053043,0
373,12,1,-22.046348278625445,-20.832993293053043,1
374,12,2,-21.046348278625445,-20.832993293053043,1
375,12,3,-20.046348278625445,-20.832993293053043,1
376,12,4,-19.046348278625445,-20.832993293053043,1
377,12,5,-18.046348278625445,-20.832993293053043,1
378,12,6,-17.046348278625445,-20.832993293053043,1
379,12,7,-16.046348278625445,-20.832993293053043,1
380,12,8,-15.046348278625445,-20.832993293053043,1
381,12,9,-14.046348278625445,-20.832993293053043,1
382,12,10,-13.046348278625445,-20.832993293053043,1
383,12,11,-12.046348278625445,-20.832993293053043,1
384,12,12,-11.046348278625445,-20.832993293053043,1
385,12,13,-10.046348278625445,-20.832993293053043,0
386,12,14,-9.046348278625445,-20.832993293053043,0
387,12,15,-8.046348278625445,-20.832993293053043,0
388,12,16,-7.0463482786254446,-20.832993293053043,0
389,12,17,-6.0463482786254446,-20.832993293053043,0
390,12,18,-5.0463482786254446,-20.832993293053043,0
391,12,19,-4.0463482786254446,-20.832993293053043,0
392,12,20,-3.0463482786254446,-20.832993293053043,0
393,12,21,-2.0463482786254446,-20.832993293053043,0
394,12,22,-1.0463482786254446,-20.832993293053043,0
395,12,23,-0.04634827862544455,-20.832993293053043,1
396,12,24,0.9536517213745554,-20.832993293053043,1
397,12,25,1.9536517213745554,-20.832993293053043,1
398,12,26,2.9536517213745554,-20.832993293053043,0
399,12,27,3.9536517213745554,-20.832993293053043,0
400,12,28,4.9536517213745554,-20.832993293053043,0
401,12,29,5.9536517213745554,-20.832993293053043,0
402,12,30,6.9536517213745554,-20.832993293053043,0
403,13,0,-23.046348278625445,-19.832993293053043,0
404,13,1,-22.046348278625445,-19.832993293053043,0
405,13,2,-21.046348278625445,-19.832993293053043,1
406,13,3,-20.046348278625445,-19.832993293053043,1
407,13,4,-19.046348278625445,-19.832993293053043,1
408,13,5,-18.046348278625445,-19.832993293053043,1
409,13,6,-17.046348278625445,-19.832993293053043,1
410,13,7,-16.046348278625445,-19.832993293053043,1
411,13,8,-15.046348278625445,-19.832993293053043,1
412,13,9,-14.046348278625445,-19.832993293053043,0
413,13,10,-13.046348278625445,-19.832993293053043,0
414,13,11,-12.046348278625445,-19.832993293053043,0
415,13,12,-11.046348278625445,-19.832993293053043,0
416,13,13,-10.046348278625445,-19.832993293053043,0
417,13,14,-9.046348278625445,-19.832993293053043,0
418,13,15,-8.046348278625445,-19.832993293053043,0
419,13,16,-7.0463482786254446,-19.832993293053043,0
420,13,17,-6.0463482786254446,-19.832993293053043,0
421,13,18,-5.0463482786254446,-19.832993293053043,0
422,13,19,-4.0463482786254446,-19.832993293053043,0
423,13,20,-3.0463482786254446,-19.832993293053043,0
424,13,21,-2.0463482786254446,-19.832993293053043,0
425,13,22,-1.0463482786254446,-19.832993293053043,0
426,13,23,-0.04634827862544455,-19.832993293053043,1
427,13,24,0.9536517213745554,-19.832993293053043,1
428,13,25,1.9536517213745554,-19.832993293053043,1
429,13,26,2.9536517213745554,-19.832993293053043,0
430,13,27,3.9536517213745554,-19.832993293053043,0
431,13,28,4.9536517213745554,-19.832993293053043,0
432,13,29,5.9536517213745554,-19.832993293053043,0
433,13,30,6.9536517213745554,-19.832993293053043,0
434,14,0,-23.046348278625445,-18.832993293053043,0
435,14,1,-22.046348278625445,-18.832993293053043,0
436,14,2,-21.046348278625445,-18.832993293053043,1
437,14,3,-20.046348278625445,-18.832993293053043,1
438,14,4,-19.046348278625445,-18.832993293053043,1
439,14,5,-18.046348278625445,-18.832993293053043,1
440,14,6,-17.046348278625445,-18.832993293053043,1
441,14,7,-16.046348278625445,-18.832993293053043,1
442,14,8,-15.046348278625445,-18.832993293053043,0
443,14,9,-14.046348278625445,-18.832993293053043,0
444,14,10,-13.046348278625445,-18.832993293053043,0
445,14,11,-12.046348278625445,-18.832993293053043,0
446,14,12,-11.046348278625445,-18.832993293053043,0
447,14,13,-10.046348278625445,-18.832993293053043,0
448,14,14,-9.046348278625445,-18.832993293053043,0
449,14,15,-8.046348278625445,-18.832993293053043,0
450,14,16,-7.0463482786254446,-18.832993293053043,0
451,14,17,-6.0463482786254446,-18.832993293053043,0
452,14,18,-5.0463482786254446,-18.832993293053043,0
453,14,19,-4.0463482786254446,-18.832993293053043,0
454,14,20,-3.0463482786254446,-18.832993293053043,0
455,14,21,-2.0463482786254446,-18.832993293053043,0
456,14,22,-1.0463482786254446,-18.832993293053043,1
457,14,23,-0.04634827862544455,-18.832993293053043,1
458,14,24,0.9536517213745554,-18.832993293053043,1
459,14,25,1.9536517213745554,-18.832993293053043,0
460,14,26,2.9536517213745554,-18.832993293053043,0
461,14,27,3.9536517213745554,-18.832993293053043,0
462,14,28,4.9536517213745554,-18.832993293053043,0
463,14,29,5.9536517213745554,-18.832993293053043,0
464,14,30,6.9536517213745554,-18.832993293053043,0
465,15,0,-23.046348278625445,-17.832993293053043,0
466,15,1,-22.046348278625445,-17.832993293053043,0
467,15,2,-21.046348278625445,-17.832993293053043,1
468,15,3,-20.046348278625445,-17.832993293053043,1
469,15,4,-19.046348278625445,-17.832993293053043,1
470,15,5,-18.046348278625445,-17.832993293053043,1
471,15,6,-17.046348278625445,-17.832993293053043,1
472,15,7,-16.046348278625445,-17.832993293053043,0
473,15,8,-15.046348278625445,-17.832993293053043,0
474,15,9,-14.046348278625445,-17.832993293053043,0
475,15,10,-13.046348278625445,-17.832993293053043,0
476,15,11,-12.046348278625445,-17.832993293053043,0
477,15,12,-11.046348278625445,-17.832993293053043,0
478,15,13,-10.046348278625445,-17.832993293053043,0
479,15,14,-9.046348278625445,-17.832993293053043,0
480,15,15,-8.046348278625445,-17.832993293053043,0
481,15,16,-7.0463482786254446,-17.832993293053043,0
482,15,17,-6.0463482786254446,-17.832993293053043,0
483,15,18,-5.0463482786254446,-17.832993293053043,0
484,15,19,-4.0463482786254446,-17.832993293053043,0
485,15,20,-3.0463482786254446,-17.832993293053043,0
486,15,21,-2.0463482786254446,-17.832993293053043,0
487,15,22,-1.0463482786254446,-17.832993293053043,1
488,15,23,-0.04634827862544455,-17.832993293053043,1
489,15,24,0.9536517213745554,-17.832993293053043,1
490,15,25,1.9536517213745554,-17.832993293053043,0
491,15,26,2.9536517213745554,-17.832993293053043,0
492,15,27,3.9536517213745554,-17.832993293053043,0
493,15,28,4.9536517213745554,-17.832993293053043,0
494,15,29,5.9536517213745554,-17.832993293053043,0
495,15,30,6.9536517213745554,-17.832993293053043,0
496,16,0,-23.046348278625445,-16.832993293053043,0
497,16,1,-22.046348278625445,-16.832993293053043,0
498,16,2,-21.046348278625445,-16.832993293053043,0
499,16,3,-20.046348278625445,-16.832993293053043,1
500,16,4,-19.046348278625445,-16.832993293053043,1
501,16,5,-18.046348278625445,-16.832993293053043,1
502,16,6,-17.046348278625445,-16.832993293053043,0
503,16,7,-16.046348278625445,-16.832993293053043,0
504,16,8,-15.046348278625445,-16.832993293053043,0
505,16,9,-14.046348278625445,-16.832993293053043,0
506,16,10,-13.046348278625445,-16.832993293053043,0
507,16,11,-12.046348278625445,-16.832993293053043,0
508,16,12,-11.046348278625445,-16.832993293053043,0
509,16,13,-10.046348278625445,-16.832993293053043,0
510,16,14,-9.046348278625445,-16.832993293053043,0
511,16,15,-8.046348278625445,-16.832993293053043,0
512,16,16,-7.0463482786254446,-16.832993293053043,0
513,16,17,-6.0463482786254446,-16.832993293053043,0
514,16,18,-5.0463482786254446,-16.832993293053043,0
515,16,19,-4.0463482786254446,-16.832993293053043,0
516,16,20,-3.0463482786254446,-16.832993293053043,0
517,16,21,-2.0463482786254446,-16.832993293053043,1
518,16,22,-1.0463482786254446,-16.832993293053043,1
519,16,23,-0.04634827862544455,-16.832993293053043,1
520,16,24,0.9536517213745554,-16.832993293053043,1
521,16,25,1.9536517213745554,-16.832993293053043,0
522,16,26,2.9536517213745554,-16.832993293053043,0
523,16,27,3.9536517213745554,-16.832993293053043,0
524,16,28,4.9536517213745554,-16.832993293053043,0
525,16,29,5.9536517213745554,-16.832993293053043,0
526,16,30,6.9536517213745554,-16.832993293053043,0
527,17,0,-23.046348278625445,-15.832993293053043,0
528,17,1,-22.046348278625445,-15.832993293053043,0
529,17,2,-21.046348278625445,-15.832993293053043,0
530,17,3,-20.046348278625445,-15.832993293053043,1
531,17,4,-19.046348278625445,-15.832993293053043,1
532,17,5,-18.046348278625445,-15.832993293053043,1
533,17,6,-17.046348278625445,-15.832993293053043,0
534,17,7,-16.046348278625445,-15.832993293053043,0
535,17,8,-15.046348278625445,-15.832993293053043,0
536,17,9,-14.046348278625445,-15.832993293053043,0
537,17,10,-13.046348278625445,-15.832993293053043,0
538,17,11,-12.046348278625445,-15.832993293053043,0
539,17,12,-11.046348278625445,-15.832993293053043,0
540,17,13,-10.046348278625445,-15.832993293053043,0
541,17,14,-9.046348278625445,-15.832993293053043,0
542,17,15,-8.046348278625445,-15.832993293053043,0
543,17,16,-7.0463482786254446,-15.832993293053043,0
544,17,17,-6.0463482786254446,-15.832993293053043,0
545,17,18,-5.0463482786254446,-15.832993293053043,0
546,17,19,-4.0463482786254446,-15.832993293053043,0
547,17,20,-3.0463482786254446,-15.832993293053043,0
548,17,21,-2.0463482786254446,-15.832993293053043,1
549,17,22,-1.0463482786254446,-15.832993293053043,1
550,17,23,-0.04634827862544455,-15.832993293053043,1
551,17,24,0.9536517213745554,-15.832993293053043,0
552,17,25,1.9536517213745554,-15.832993293053043,0
553,17,26,2.9536517213745554,-15.832993293053043,0
554,17,27,3.9536517213745554,-15.832993293053043,0
555,17,28,4.9536517213745554,-15.832993293053043,0
556,17,29,5.9536517213745554,-15.832993293053043,0
557,17,30,6.9536517213745554,-15.832993293053043,0
558,18,0,-23.046348278625445,-14.832993293053043,0
559,18,1,-22.046348278625445,-14.832993293053043,0
560,18,2,-21.046348278625445,-14.832993293053043,0
561,18,3,-20.046348278625445,-14.832993293053043,1
562,18,4,-19.046348278625445,-14.832993293053043,1
563,18,5,-18.046348278625445,-14.832993293053043,1
564,18,6,-17.046348278625445,-14.832993293053043,0
565,18,7,-16.046348278625445,-14.832993293053043,0
566,18,8,-15.046348278625445,-14.832993293053043,0
567,18,9,-14.046348278625445,-14.832993293053043,0
568,18,10,-13.046348278625445,-14.832993293053043,0
569,18,11,-12.046348278625445,-14.832993293053043,0
570,18,12,-11.046348278625445,-14.832993293053043,0
571,18,13,-10.046348278625445,-14.832993293053043,0
572,18,14,-9.046348278625445,-14.832993293053043,0
573,18,15,-8.046348278625445,-14.832993293053043,0
574,18,16,-7.0463482786254446,-14.832993293053043,0
575,18,17,-6.0463482786254446,-14.832993293053043,0
576,18,18,-5.0463482786254446,-14.832993293053043,0
577,18,19,-4.0463482786254446,-14.832993293053043,0
578,18,20,-3.0463482786254446,-14.832993293053043,0
579,18,21,-2.0463482786254446,-14.832993293053043,1
580,18,22,-1.0463482786254446,-14.832993293053043,1
581,18,23,-0.04634827862544455,-14.832993293053043,1
582,18,24,0.9536517213745554,-14.832993293053043,0
583,18,25,1.9536517213745554,-14.832993293053043,0
584,18,26,2.9536517213745554,-14.832993293053043,0
585,18,27,3.9536517213745554,-14.832993293053043,0
586,18,28,4.9536517213745554,-14.832993293053043,0
587,18,29,5.9536517213745554,-14.832993293053043,0
588,18,30,6.9536517213745554,-14.832993293053043,0
589,19,0,-23.046348278625445,-13.832993293053043,0
590,19,1,-22.046348278625445,-13.832993293053043,0
591,19,2,-21.046348278625445,-13.832993293053043,0
592,19,3,-20.046348278625445,-13.832993293053043,0
593,19,4,-19.046348278625445,-13.832993293053043,0
594,19,5,-18.046348278625445,-13.832993293053043,0
595,19,6,-17.046348278625445,-13.832993293053043,0
596,19,7,-16.046348278625445,-13.832993293053043,0
597,19,8,-15.046348278625445,-13.832993293053043,0
598,19,9,-14.046348278625445,-13.832993293053043,0
599,19,10,-13.046348278625445,-13.832993293053043,0
600,19,11,-12.046348278625445,-13.832993293053043,0
601,19,12,-11.046348278625445,-13.832993293053043,0
602,19,13,-10.046348278625445,-13.832993293053043,0
603,19,14,-9.046348278625445,-13.832993293053043,0
604,19,15,-8.046348278625445,-13.832993293053043,0
605,19,16,-7.0463482786254446,-13.832993293053043,0
606,19,17,-6.0463482786254446,-13.832993293053043,0
607,19,18,-5.0463482786254446,-13.832993293053043,0
608,19,19,-4.0463482786254446,-13.832993293053043,0
609,19,20,-3.0463482786254446,-13.832993293053043,1
610,19,21,-2.0463482786254446,-13.832993293053043,1
611,19,22,-1.0463482786254446,-13.832993293053043,1
612,19,23,-0.04634827862544455,-13.832993293053043,0
613,19,24,0.9536517213745554,-13.832993293053043,0
614,19,25,1.9536517213745554,-13.832993293053043,0
615,19,26,2.9536517213745554,-13.832993293053043,0
616,19,27,3.9536517213745554,-13.832993293053043,0
617,19,28,4.9536517213745554,-13.832993293053043,0
618,19,29,5.9536517213745554,-13.832993293053043,0
619,19,30,6.9536517213745554,-13.832993293053043,0
620,20,0,-23.046348278625445,-12.832993293053043,0
621,20,1,-22.046348278625445,-12.832993293053043,0
622,20,2,-21.046348278625445,-12.832993293053043,0
623,20,3,-20.046348278625445,-12.832993293053043,0
624,20,4,-19.046348278625445,-12.832993293053043,0
625,20,5,-18.046348278625445,-12.832993293053043,0
626,20,6,-17.046348278625445,-12.832993293053043,0
627,20,7,-16.046348278625445,-12.832993293053043,0
628,20,8,-15.046348278625445,-12.832993293053043,0
629,20,9,-14.046348278625445,-12.832993293053043,0
630,20,10,-13.046348278625445,-12.832993293053043,0
631,20,11,-12.046348278625445,-12.832993293053043,0
632,20,12,-11.046348278625445,-12.832993293053043,0
633,20,13,-10.046348278625445,-12.832993293053043,0
634,20,14,-9.046348278625445,-12.832993293053043,0
635,20,15,-8.046348278625445,-12.832993293053043,0
636,20,16,-7.0463482786254446,-12.832993293053043,0
637,20,17,-6.0463482786254446,-12.832993293053043,0
638,20,18,-5.0463482786254446,-12.832993293053043,0
639,20,19,-4.0463482786254446,-12.832993293053043,0
640,20,20,-3.0463482786254446,-12.832993293053043,1
641,20,21,-2.0463482786254446,-12.832993293053043,1
642,20,22,-1.0463482786254446,-12.832993293053043,1
643,20,23,-0.04634827862544455,-12.832993293053043,0
644,20,24,0.9536517213745554,-12.832993293053043,0
645,20,25,1.9536517213745554,-12.832993293053043,0
646,20,26,2.9536517213745554,-12.832993293053043,0
647,20,27,3.9536517213745554,-12.832993293053043,0
648,20,28,4.9536517213745554,-12.832993293053043,0
649,20,29,5.9536517213745554,-12.832993293053043,0
650,20,30,6.9536517213745554,-12.832993293053043,0
651,21,0,-23.046348278625445,-11.832993293053043,0
652,21,1,-22.046348278625445,-11.832993293053043,0
653,21,2,-21.046348278625445,-11.832993293053043,0
654,21,3,-20.046348278625445,-11.832993293053043,0
655,21,4,-19.046348278625445,-11.832993293053043,0
656,21,5,-18.046348278625445,-11.832993293053043,0
657,21,6,-17.046348278625445,-11.832993293053043,0
658,21,7,-16.046348278625445,-11.832993293053043,0
659,21,8,-15.046348278625445,-11.832993293053043,0
660,21,9,-14.046348278625445,-11.832993293053043,0
661,21,10,-13.046348278625445,-11.832993293053043,0
662,21,11,-12.046348278625445,-11.832993293053043,0
663,21,12,-11.046348278625445,-11.832993293053043,0
664,21,13,-10.046348278625445,-11.832993293053043,0
665,21,14,-9.046348278625445,-11.832993293053043,0
666,21,15,-8.046348278625445,-11.832993293053043,0
667,21,16,-7.0463482786254446,-11.832993293053043,0
668,21,17,-6.0463482786254446,-11.832993293053043,0
669,21,18,-5.0463482786254446,-11.832993293053043,0
670,21,19,-4.0463482786254446,-11.832993293053043,1
671,21,20,-3.0463482786254446,-11.832993293053043,1
672,21,21,-2.0463482786254446,-11.832993293053043,1
673,21,22,-1.0463482786254446,-11.832993293053043,1
674,21,23,-0.04634827862544455,-11.832993293053043,0
675,21,24,0.9536517213745554,-11.832993293053043,0
676,21,25,1.9536517213745554,-11.832993293053043,0
677,21,26,2.9536517213745554,-11.832993293053043,0
678,21,27,3.9536517213745554,-11.832993293053043,0
679,21,28,4.9536517213745554,-11.832993293053043,0
680,21,29,5.9536517213745554,-11.832993293053043,0
681,21,30,6.9536517213745554,-11.832993293053043,0
682,22,0,-23.046348278625445,-10.832993293053043,0
683,22,1,-22.046348278625445,-10.832993293053043,0
684,22,2,-21.046348278625445,-10.832993293053043,0
685,22,3,-20.046348278625445,-10.832993293053043,0
686,22,4,-19.046348278625445,-10.832993293053043,0
687,22,5,-18.046348278625445,-10.832993293053043,0
688,22,6,-17.046348278625445,-10.832993293053043,0
689,22,7,-16.046348278625445,-10.832993293053043,0
690,22,8,-15.046348278625445,-10.832993293053043,0
691,22,9,-14.046348278625445,-10.832993293053043,0
692,22,10,-13.046348278625445,-10.832993293053043,0
693,22,11,-12.046348278625445,-10.832993293053043,0
694,22,12,-11.046348278625445,-10.832993293053043,0
695,22,13,-10.046348278625445,-10.832993293053043,0
696,22,14,-9.046348278625445,-10.832993293053043,0
697,22,15,-8.046348278625445,-10.832993293053043,0
698,22,16,-7.0463482786254446,-10.832993293053043,0
699,22,17,-6.0463482786254446,-10.832993293053043,0
700,22,18,-5.0463482786254446,-10.832993293053043,0
701,22,19,-4.0463482786254446,-10.832993293053043,1
702,22,20,-3.0463482786254446,-10.832993293053043,1
703,22,21,-2.0463482786254446,-10.832993293053043,1
704,22,22,-1.0463482786254446,-10.832993293053043,0
705,22,23,-0.04634827862544455,-10.832993293053043,0
706,22,24,0.9536517213745554,-10.832993293053043,0
707,22,25,1.9536517213745554,-10.832993293053043,0
708,22,26,2.9536517213745554,-10.832993293053043,0
709,22,27,3.9536517213745554,-10.832993293053043,0
710,22,28,4.9536517213745554,-10.832993293053043,0
711,22,29,5.9536517213745554,-10.832993293053043,0
712,22,30,6.9536517213745554,-10.832993293053043,0
713,23,0,-23.046348278625445,-9.832993293053043,0
714,23,1,-22.046348278625445,-9.832993293053043,0
715,23,2,-21.046348278625445,-9.832993293053043,0
716,23,3,-20.046348278625445,-9.832993293053043,0
717,23,4,-19.046348278625445,-9.832993293053043,0
718,23,5,-18.046348278625445,-9.832993293053043,0
719,23,6,-17.046348278625445,-9.832993293053043,0
720,23,7,-16.046348278625445,-9.832993293053043,0
721,23,8,-15.046348278625445,-9.832993293053043,0
722,23,9,-14.046348278625445,-9.832993293053043,0
723,23,10,-13.046348278625445,-9.832993293053043,0
724,23,11,-12.046348278625445,-9.832993293053043,0
725,23,12,-11.046348278625445,-9.832993293053043,0
726,23,13,-10.046348278625445,-9.832993293053043,0
727,23,14,-9.046348278625445,-9.832993293053043,0
728,23,15,-8.046348278625445,-9.832993293053043,0
729,23,16,-7.0463482786254446,-9.832993293053043,0
730,23,17,-6.0463482786254446,-9.832993293053043,0
731,23,18,-5.0463482786254446,-9.832993293053043,0
732,23,19,-4.0463482786254446,-9.832993293053043,1
733,23,20,-3.0463482786254446,-9.832993293053043,1
734,23,21,-2.0463482786254446,-9.832993293053043,1
735,23,22,-1.0463482786254446,-9.832993293053043,1
736,23,23,-0.04634827862544455,-9.832993293053043,0
737,23,24,0.9536517213745554,-9.832993293053043,0
738,23,25,1.9536517213745554,-9.832993293053043,0
739,23,26,2.9536517213745554,-9.832993293053043,0
740,23,27,3.9536517213745554,-9.832993293053043,0
741,23,28,4.9536517213745554,-9.832993293053043,0
742,23,29,5.9536517213745554,-9.832993293053043,0
743,23,30,6.9536517213745554,-9.832993293053043,0
744,24,0,-23.046348278625445,-8.832993293053043,0
745,24,1,-22.046348278625445,-8.832993293053043,0
746,24,2,-21.046348278625445,-8.832993293053043,0
747,24,3,-20.046348278625445,-8.832993293053043,0
748,24,4,-19.046348278625445,-8.832993293053043,0
749,24,5,-18.046348278625445,-8.832993293053043,0
750,24,6,-17.046348278625445,-8.832993293053043,0
751,24,7,-16.046348278625445,-8.832993293053043,0
752,24,8,-15.046348278625445,-8.832993293053043,0
753,24,9,-14.046348278625445,-8.832993293053043,0
754,24,10,-13.046348278625445,-8.832993293053043,0
755,24,11,-12.046348278625445,-8.832993293053043,0
756,24,12,-11.046348278625445,-8.832993293053043,0
757,24,13,-10.046348278625445,-8.832993293053043,0
758,24,14,-9.046348278625445,-8.832993293053043,0
759,24,15,-8.046348278625445,-8.832993293053043,0
760,24,16,-7.0463482786254446,-8.832993293053043,0
761,24,17,-6.0463482786254446,-8.832993293053043,0
762,24,18,-5.0463482786254446,-8.832993293053043,0
763,24,19,-4.0463482786254446,-8.832993293053043,1
764,24,20,-3.0463482786254446,-8.832993293053043,1
765,24,21,-2.0463482786254446,-8.832993293053043,1
766,24,22,-1.0463482786254446,-8.832993293053043,0
767,24,23,-0.04634827862544455,-8.832993293053043,0
768,24,24,0.9536517213745554,-8.832993293053043,0
769,24,25,1.9536517213745554,-8.832993293053043,0
770,24,26,2.9536517213745554,-8.832993293053043,0
771,24,27,3.9536517213745554,-8.832993293053043,0
772,24,28,4.9536517213745554,-8.832993293053043,0
773,24,29,5.9536517213745554,-8.832993293053043,0
774,24,30,6.9536517213745554,-8.832993293053043,0
775,25,0,-23.046348278625445,-7.832993293053043,0
776,25,1,-22.046348278625445,-7.832993293053043,0
777,25,2,-21.046348278625445,-7.832993293053043,0
778,25,3,-20.046348278625445,-7.832993293053043,0
779,25,4,-19.046348278625445,-7.832993293053043,0
780,25,5,-18.046348278625445,-7.832993293053043,0
781,25,6,-17.046348278625445,-7.832993293053043,0
782,25,7,-16.046348278625445,-7.832993293053043,0
783,25,8,-15.046348278625445,-7.832993293053043,0
784,25,9,-14.046348278625445,-7.832993293053043,0
785,25,10,-13.046348278625445,-7.832993293053043,0
786,25,11,-12.046348278625445,-7.832993293053043,0
787,25,12,-11.046348278625445,-7.832993293053043,0
788,25,13,-10.046348278625445,-7.832993293053043,0
789,25,14,-9.046348278625445,-7.832993293053043,0
790,25,15,-8.046348278625445,-7.832993293053043,0
791,25,16,-7.0463482786254446,-7.832993293053043,0
792,25,17,-6.0463482786254446,-7.832993293053043,0
793,25,18,-5.0463482786254446,-7.832993293053043,0
794,25,19,-4.0463482786254446,-7.832993293053043,1
795,25,20,-3.0463482786254446,-7.832993293053043,1
796,25,21,-2.0463482786254446,-7.832993293053043,1
797,25,22,-1.0463482786254446,-7.832993293053043,1
798,25,23,-0.04634827862544455,-7.832993293053043,0
799,25,24,0.9536517213745554,-7.832993293053043,0
800,25,25,1.9536517213745554,-7.832993293053043,0
801,25,26,2.9536517213745554,-7.832993293053043,0
802,25,27,3.9536517213745554,-7.832993293053043,0
803,25,28,4.9536517213745554,-7.832993293053043,0
804,25,29,5.9536517213745554,-7.832993293053043,0
805,25,30,6.9536517213745554,-7.832993293053043,0
806,26,0,-23.046348278625445,-6.832993293053043,0
807,26,1,-22.046348278625445,-6.832993293053043,0
808,26,2,-21.046348278625445,-6.832993293053043,0
809,26,3,-20.046348278625445,-6.832993293053043,0
810,26,4,-19.046348278625445,-6.832993293053043,0
811,26,5,-18.046348278625445,-6.832993293053043,0
812,26,6,-17.046348278625445,-6.832993293053043,0
813,26,7,-16.046348278625445,-6.832993293053043,0
814,26,8,-15.046348278625445,-6.832993293053043,0
815,26,9,-14.046348278625445,-6.832993293053043,0
816,26,10,-13.046348278625445,-6.832993293053043,0
817,26,11,-12.046348278625445,-6.832993293053043,0
818,26,12,-11.046348278625445,-6.832993293053043,0
819,26,13,-10.046348278625445,-6.832993293053043,0
820,26,14,-9.046348278625445,-6.832993293053043,0
821,26,15,-8.046348278625445,-6.832993293053043,0
822,26,16,-7.0463482786254446,-6.832993293053043,0
823,26,17,-6.0463482786254446,-6.832993293053043,0
824,26,18,-5.0463482786254446,-6.832993293053043,1
825,26,19,-4.0463482786254446,-6.832993293053043,1
826,26,20,-3.0463482786254446,-6.832993293053043,1
827,26,21,-2.0463482786254446,-6.832993293053043,1
828,26,22,-1.0463482786254446,-6.832993293053043,1
829,26,23,-0.04634827862544455,-6.832993293053043,0
830,26,24,0.9536517213745554,-6.832993293053043,0
831,26,25,1.9536517213745554,-6.832993293053043,0
832,26,26,2.9536517213745554,-6.832993293053043,0
833,26,27,3.9536517213745554,-6.832993293053043,0
834,26,28,4.9536517213745554,-6.832993293053043,0
835,26,29,5.9536517213745554,-6.832993293053043,0
836,26,30,6.9536517213745554,-6.832993293053043,0
837,27,0,-23.046348278625445,-5.832993293053043,0
838,27,1,-22.046348278625445,-5.832993293053043,0
839,27,2,-21.046348278625445,-5.832993293053043,0
840,27,3,-20.046348278625445,-5.832993293053043,0
841,27,4,-19.046348278625445,-5.832993293053043,0
842,27,5,-18.046348278625445,-5.832993293053043,0
843,27,6,-17.046348278625445,-5.832993293053043,0
844,27,7,-16.046348278625445,-5.832993293053043,0
845,27,8,-15.046348278625445,-5.832993293053043,0
846,27,9,-14.046348278625445,-5.832993293053043,0
847,27,10,-13.046348278625445,-5.832993293053043,0
848,27,11,-12.046348278625445,-5.832993293053043,0
849,27,12,-11.046348278625445,-5.832993293053043,0
850,27,13,-10.046348278625445,-5.832993293053043,0
851,27,14,-9.046348278625445,-5.832993293053043,0
852,27,15,-8.046348278625445,-5.832993293053043,0
853,27,16,-7.0463482786254446,-5.832993293053043,0
854,27,17,-6.0463482786254446,-5.832993293053043,0
855,27,18,-5.0463482786254446,-5.832993293053043,1
856,27,19,-4.0463482786254446,-5.832993293053043,1
857,27,20,-3.0463482786254446,-5.832993293053043,1
858,27,21,-2.0463482786254446,-5.832993293053043,1
859,27,22,-1.0463482786254446,-5.832993293053043,1
860,27,23,-0.04634827862544455,-5.832993293053043,0
861,27,24,0.9536517213745554,-5.832993293053043,0
862,27,25,1.9536517213745554,-5.832993293053043,0
863,27,26,2.9536517213745554,-5.832993293053043,0
864,27,27,3.9536517213745554,-5.832993293053043,0
865,27,28,4.9536517213745554,-5.832993293053043,0
866,27,29,5.9536517213745554,-5.832993293053043,0
867,27,30,6.9536517213745554,-5.832993293053043,0
868,28,0,-23.046348278625445,-4.832993293053043,0
869,28,1,-22.046348278625445,-4.832993293053043,0
870,28,2,-21.046348278625445,-4.832993293053043,0
871,28,3,-20.046348278625445,-4.832993293053043,0
872,28,4,-19.046348278625445,-4.832993293053043,0
873,28,5,-18.046348278625445,-4.832993293053043,0
874,28,6,-17.046348278625445,-4.832993293053043,0
875,28,7,-16.046348278625445,-4.832993293053043,0
876,28,8,-15.046348278625445,-4.832993293053043,0
877,28,9,-14.046348278625445,-4.832993293053043,0
878,28,10,-13.046348278625445,-4.832993293053043,0
879,28,11,-12.046348278625445,-4.832993293053043,0
880,28,12,-11.046348278625445,-4.832993293053043,0
881,28,13,-10.046348278625445,-4.832993293053043,0
882,28,14,-9.046348278625445,-4.832993293053043,0
883,28,15,-8.046348278625445,-4.832993293053043,0
884,28,16,-7.0463482786254446,-4.832993293053043,0
885,28,17,-6.0463482786254446,-4.832993293053043,0
886,28,18,-5.0463482786254446,-4.832993293053043,1
887,28,19,-4.0463482786254446,-4.832993293053043,1
888,28,20,-3.0463482786254446,-4.832993293053043,1
889,28,21,-2.0463482786254446,-4.832993293053043,1
890,28,22,-1.0463482786254446,-4.832993293053043,1
891,28,23,-0.04634827862544455,-4.832993293053043,0
892,28,24,0.9536517213745554,-4.832993293053043,0
893,28,25,1.9536517213745554,-4.832993293053043,0
894,28,26,2.9536517213745554,-4.832993293053043,0
895,28,27,3.9536517213745554,-4.832993293053043,0
896,28,28,4.9536517213745554,-4.832993293053043,0
897,28,29,5.9536517213745554,-4.832993293053043,0
898,28,30,6.9536517213745554,-4.832993293053043,0
899,29,0,-23.046348278625445,-3.8329932930530433,0
900,29,1,-22.046348278625445,-3.8329932930530433,0
901,29,2,-21.046348278625445,-3.8329932930530433,0
902,29,3,-20.046348278625445,-3.8329932930530433,0
903,29,4,-19.046348278625445,-3.8329932930530433,0
904,29,5,-18.046348278625445,-3.8329932930530433,0
905,29,6,-17.046348278625445,-3.8329932930530433,0
906,29,7,-16.046348278625445,-3.8329932930530433,0
907,29,8,-15.046348278625445,-3.8329932930530433,0
908,29,9,-14.046348278625445,-3.8329932930530433,0
909,29,10,-13.046348278625445,-3.8329932930530433,0
910,29,11,-12.046348278625445,-3.8329932930530433,0
911,29,12,-11.046348278625445,-3.8329932930530433,0
912,29,13,-10.046348278625445,-3.8329932930530433,0
913,29,14,-9.046348278625445,-3.8329932930530433,0
914,29,15,-8.046348278625445,-3.8329932930530433,0
915,29,16,-7.0463482786254446,-3.8329932930530433,0
916,29,17,-6.0463482786254446,-3.8329932930530433,0
917,29,18,-5.0463482786254446,-3.8329932930530433,0
918,29,19,-4.0463482786254446,-3.8329932930530433,1
919,29,20,-3.0463482786254446,-3.8329932930530433,1
920,29,21,-2.0463482786254446,-3.8329932930530433,1
921,29,22,-1.0463482786254446,-3.8329932930530433,1
922,29,23,-0.04634827862544455,-3.8329932930530433,0
923,29,24,0.9536517213745554,-3.8329932930530433,0
924,29,25,1.9536517213745554,-3.8329932930530433,0
925,29,26,2.9536517213745554,-3.8329932930530433,0
926,29,27,3.9536517213745554,-3.8329932930530433,0
927,29,28,4.9536517213745554,-3.8329932930530433,0
928,29,29,5.9536517213745554,-3.8329932930530433,0
929,29,30,6.9536517213745554,-3.8329932930530433,0
930,30,0,-23.046348278625445,-2.8329932930530433,0
931,30,1,-22.046348278625445,-2.8329932930530433,0
932,30,2,-21.046348278625445,-2.8329932930530433,0
933,30,3,-20.046348278625445,-2.8329932930530433,0
934,30,4,-19.046348278625445,-2.8329932930530433,0
935,30,5,-18.046348278625445,-2.8329932930530433,0
936,30,6,-17.046348278625445,-2.8329932930530433,0
937,30,7,-16.046348278625445,-2.8329932930530433,0
938,30,8,-15.046348278625445,-2.8329932930530433,0
939,30,9,-14.046348278625445,-2.8329932930530433,0
940,30,10,-13.046348278625445,-2.8329932930530433,0
941,30,11,-12.046348278625445,-2.8329932930530433,0
942,30,12,-11.046348278625445,-2.8329932930530433,0
943,30,13,-10.046348278625445,-2.8329932930530433,0
944,30,14,-9.046348278625445,-2.8329932930530433,0
945,30,15,-8.046348278625445,-2.8329932930530433,0
946,30,16,-7.0463482786254446,-2.8329932930530433,0
947,30,17,-6.0463482786254446,-2.8329932930530433,0
948,30,18,-5.0463482786254446,-2.8329932930530433,0
949,30,19,-4.0463482786254446,-2.8329932930530433,1
950,30,20,-3.0463482786254446,-2.8329932930530433,1
951,30,21,-2.0463482786254446,-2.8329932930530433,1
952,30,22,-1.0463482786254446,-2.8329932930530433,1
953,30,23,-0.04634827862544455,-2.8329932930530433,0
954,30,24,0.9536517213745554,-2.8329932930530433,0
955,30,25,1.9536517213745554,-2.8329932930530433,0
956,30,26,2.9536517213745554,-2.8329932930530433,0
957,30,27,3.9536517213745554,-2.8329932930530433,0
958,30,28,4.9536517213745554,-2.8329932930530433,0
959,30,29,5.9536517213745554,-2.8329932930530433,0
960,30,30,6.9536517213745554,-2.8329932930530433,0
961,31,0,-23.046348278625445,-1.8329932930530433,0
962,31,1,-22.046348278625445,-1.8329932930530433,0
963,31,2,-21.046348278625445,-1.8329932930530433,0
964,31,3,-20.046348278625445,-1.8329932930530433,0
965,31,4,-19.046348278625445,-1.8329932930530433,0
966,31,5,-18.046348278625445,-1.8329932930530433,0
967,31,6,-17.046348278625445,-1.8329932930530433,0
968,31,7,-16.046348278625445,-1.8329932930530433,0
969,31,8,-15.046348278625445,-1.8329932930530433,0
970,31,9,-14.046348278625445,-1.8329932930530433,0
971,31,10,-13.046348278625445,-1.8329932930530433,0
972,31,11,-12.046348278625445,-1.8329932930530433,0
973,31,12,-11.046348278625445,-1.8329932930530433,0
974,31,13,-10.046348278625445,-1.8329932930530433,0
975,31,14,-9.046348278625445,-1.8329932930530433,0
976,31,15,-8.046348278625445,-1.8329932930530433,0
977,31,16,-7.0463482786254446,-1.8329932930530433,0
978,31,17,-6.0463482786254446,-1.8329932930530433,0
979,31,18,-5.0463482786254446,-1.8329932930530433,0
980,31,19,-4.0463482786254446,-1.8329932930530433,1
981,31,20,-3.0463482786254446,-1.8329932930530433,1
982,31,21,-2.0463482786254446,-1.8329932930530433,1
983,31,22,-1.0463482786254446,-1.8329932930530433,1
984,31,23,-0.04634827862544455,-1.8329932930530433,1
985,31,24,0.9536517213745554,-1.8329932930530433,0
986,31,25,1.9536517213745554,-1.8329932930530433,0
987,31,26,2.9536517213745554,-1.8329932930530433,0
988,31,27,3.9536517213745554,-1.8329932930530433,0
989,31,28,4.9536517213745554,-1.8329932930530433,0
990,31,29,5.9536517213745554,-1.8329932930530433,0
991,31,30,6.9536517213745554,-1.8329932930530433,0
992,32,0,-23.046348278625445,-0.8329932930530433,0
993,32,1,-22.046348278625445,-0.8329932930530433,0
994,32,2,-21.046348278625445,-0.8329932930530433,0
995,32,3,-20.046348278625445,-0.8329932930530433,0
996,32,4,-19.046348278625445,-0.8329932930530433,0
997,32,5,-18.046348278625445,-0.8329932930530433,0
998,32,6,-17.046348278625445,-0.8329932930530433,0
999,32,7,-16.046348278625445,-0.8329932930530433,0
1000,32,8,-15.046348278625445,-0.8329932930530433,0
1001,32,9,-14.046348278625445,-0.8329932930530433,0
1002,32,10,-13.046348278625445,-0.8329932930530433,0
1003,32,11,-12.046348278625445,-0.8329932930530433,0
1004,32,12,-11.046348278625445,-0.8329932930530433,0
1005,32,13,-10.046348278625445,-0.8329932930530433,0
1006,32,14,-9.046348278625445,-0.8329932930530433,0
1007,32,15,-8.046348278625445,-0.8329932930530433,0
1008,32,16,-7.0463482786254446,-0.8329932930530433,0
1009,32,17,-6.0463482786254446,-0.8329932930530433,0
1010,32,18,-5.0463482786254446,-0.8329932930530433,0
1011,32,19,-4.0463482786254446,-0.8329932930530433,1
1012,32,20,-3.0463482786254446,-0.8329932930530433,1
1013,32,21,-2.0463482786254446,-0.8329932930530433,1
1014,32,22,-1.0463482786254446,-0.8329932930530433,1
1015,32,23,-0.04634827862544455,-0.8329932930530433,1
1016,32,24,0.9536517213745554,-0.8329932930530433,1
1017,32,25,1.9536517213745554,-0.8329932930530433,0
1018,32,26,2.9536517213745554,-0.8329932930530433,0
1019,32,27,3.9536517213745554,-0.8329932930530433,0
1020,32,28,4.9536517213745554,-0.8329932930530433,0
1021,32,29,5.9536517213745554,-0.8329932930530433,0
1022,32,30,6.9536517213745554,-0.8329932930530433,0
1023,33,0,-23.046348278625445,0.16700670694695674,0
1024,33,1,-22.046348278625445,0.16700670694695674,0
1025,33,2,-21.046348278625445,0.16700670694695674,0
1026,33,3,-20.046348278625445,0.16700670694695674,0
1027,33,4,-19.046348278625445,0.16700670694695674,0
1028,33,5,-18.046348278625445,0.16700670694695674,0
1029,33,6,-17.046348278625445,0.16700670694695674,0
1030,33,7,-16.046348278625445,0.16700670694695674,0
1031,33,8,-15.046348278625445,0.16700670694695674,0
1032,33,9,-14.046348278625445,0.16700670694695674,0
1033,33,10,-13.046348278625445,0.16700670694695674,0
1034,33,11,-12.046348278625445,0.16700670694695674,0
1035,33,12,-11.046348278625445,0.16700670694695674,0
1036,33,13,-10.046348278625445,0.16700670694695674,0
1037,33,14,-9.046348278625445,0.16700670694695674,0
1038,33,15,-8.046348278625445,0.16700670694695674,0
1039,33,16,-7.0463482786254446,0.16700670694695674,0
1040,33,17,-6.0463482786254446,0.16700670694695674,0
1041,33,18,-5.0463482786254446,0.16700670694695674,1
1042,33,19,-4.0463482786254446,0.16700670694695674,1
1043,33,20,-3.0463482786254446,0.16700670694695674,1
1044,33,21,-2.0463482786254446,0.16700670694695674,1
1045,33,22,-1.0463482786254446,0.16700670694695674,1
1046,33,23,-0.04634827862544455,0.16700670694695674,1
1047,33,24,0.9536517213745554,0.16700670694695674,1
1048,33,25,1.9536517213745554,0.16700670694695674,1
1049,33,26,2.9536517213745554,0.16700670694695674,1
1050,33,27,3.9536517213745554,0.16700670694695674,0
1051,33,28,4.9536517213745554,0.16700670694695674,0
1052,33,29,5.9536517213745554,0.16700670694695674,0
1053,33,30,6.9536517213745554,0.16700670694695674,0
1054,34,0,-23.046348278625445,1.1670067069469567,0
1055,34,1,-22.046348278625445,1.1670067069469567,0
1056,34,2,-21.046348278625445,1.1670067069469567,0
1057,34,3,-20.046348278625445,1.1670067069469567,0
1058,34,4,-19.046348278625445,1.1670067069469567,0
1059,34,5,-18.046348278625445,1.1670067069469567,0
1060,34,6,-17.046348278625445,1.1670067069469567,0
1061,34,7,-16.046348278625445,1.1670067069469567,0
1062,34,8,-15.046348278625445,1.1670067069469567,0
1063,34,9,-14.046348278625445,1.1670067069469567,0
1064,34,10,-13.046348278625445,1.1670067069469567,0
1065,34,11,-12.046348278625445,1.1670067069469567,0
1066,34,12,-11.046348278625445,1.1670067069469567,0
1067,34,13,-10.046348278625445,1.1670067069469567,0
1068,34,14,-9.046348278625445,1.1670067069469567,0
1069,34,15,-8.046348278625445,1.1670067069469567,0
1070,34,16,-7.0463482786254446,1.1670067069469567,0
1071,34,17,-6.0463482786254446,1.1670067069469567,1
1072,34,18,-5.0463482786254446,1.1670067069469567,1
1073,34,19,-4.0463482786254446,1.1670067069469567,1
1074,34,20,-3.0463482786254446,1.1670067069469567,1
1075,34,21,-2.0463482786254446,1.1670067069469567,1
1076,34,22,-1.0463482786254446,1.1670067069469567,1
1077,34,23,-0.04634827862544455,1.1670067069469567,1
1078,34,24,0.9536517213745554,1.1670067069469567,1
1079,34,25,1.9536517213745554,1.1670067069469567,1
1080,34,26,2.9536517213745554,1.1670067069469567,1
1081,34,27,3.9536517213745554,1.1670067069469567,0
1082,34,28,4.9536517213745554,1.1670067069469567,0
1083,34,29,5.9536517213745554,1.1670067069469567,0
1084,34,30,6.9536517213745554,1.1670067069469567,0
1085,35,0,-23.046348278625445,2.1670067069469567,0
1086,35,1,-22.046348278625445,2.1670067069469567,0
1087,35,2,-21.046348278625445,2.1670067069469567,0
1088,35,3,-20.046348278625445,2.1670067069469567,0
1089,35,4,-19.046348278625445,2.1670067069469567,0
1090,35,5,-18.046348278625445,2.1670067069469567,0
1091,35,6,-17.046348278625445,2.1670067069469567,0
1092,35,7,-16.046348278625445,2.1670067069469567,0
1093,35,8,-15.046348278625445,2.1670067069469567,0
1094,35,9,-14.046348278625445,2.1670067069469567,0
1095,35,10,-13.046348278625445,2.1670067069469567,0
1096,35,11,-12.046348278625445,2.1670067069469567,0
1097,35,12,-11.046348278625445,2.1670067069469567,0
1098,35,13,-10.046348278625445,2.1670067069469567,0
1099,35,14,-9.046348278625445,2.1670067069469567,0
1100,35,15,-8.046348278625445,2.1670067069469567,0
1101,35,16,-7.0463482786254446,2.1670067069469567,0
1102,35,17,-6.0463482786254446,2.1670067069469567,1
1103,35,18,-5.0463482786254446,2.1670067069469567,1
1104,35,19,-4.0463482786254446,2.1670067069469567,1
1105,35,20,-3.0463482786254446,2.1670067069469567,1
1106,35,21,-2.0463482786254446,2.1670067069469567,1
1107,35,22,-1.0463482786254446,2.1670067069469567,1
1108,35,23,-0.04634827862544455,2.1670067069469567,1
1109,35,24,0.9536517213745554,2.1670067069469567,1
1110,35,25,1.9536517213745554,2.1670067069469567,1
1111,35,26,2.9536517213745554,2.1670067069469567,1
1112,35,27,3.9536517213745554,2.1670067069469567,0
1113,35,28,4.9536517213745554,2.1670067069469567,0
1114,35,29,5.9536517213745554,2.1670067069469567,0
1115,35,30,6.9536517213745554,2.1670067069469567,0
1116,36,0,-23.046348278625445,3.1670067069469567,0
1117,36,1,-22.046348278625445,3.1670067069469567,0
1118,36,2,-21.046348278625445,3.1670067069469567,0
1119,36,3,-20.046348278625445,3.1670067069469567,0
1120,36,4,-19.046348278625445,3.1670067069469567,0
1121,36,5,-18.046348278625445,3.1670067069469567,0
1122,36,6,-17.046348278625445,3.1670067069469567,0
1123,36,7,-16.046348278625445,3.1670067069469567,0
1124,36,8,-15.046348278625445,3.1670067069469567,0
1125,36,9,-14.046348278625445,3.1670067069469567,0
1126,36,10,-13.046348278625445,3.1670067069469567,0
1127,36,11,-12.046348278625445,3.1670067069469567,0
1128,36,12,-11.046348278625445,3.1670067069469567,0
1129,36,13,-10.046348278625445,3.1670067069469567,0
1130,36,14,-9.046348278625445,3.1670067069469567,0
1131,36,15,-8.046348278625445,3.1670067069469567,0
1132,36,16,-7.0463482786254446,3.1670067069469567,0
1133,36,17,-6.0463482786254446,3.1670067069469567,1
1134,36,18,-5.0463482786254446,3.1670067069469567,1
1135,36,19,-4.0463482786254446,3.1670067069469567,1
1136,36,20,-3.0463482786254446,3.1670067069469567,1
1137,36,21,-2.0463482786254446,3.1670067069469567,1
1138,36,22,-1.0463482786254446,3.1670067069469567,1
1139,36,23,-0.04634827862544455,3.1670067069469567,1
1140,36,24,0.9536517213745554,3.1670067069469567,1
1141,36,25,1.9536517213745554,3.1670067069469567,1
1142,36,26,2.9536517213745554,3.1670067069469567,0
1143,36,27,3.9536517213745554,3.1670067069469567,0
1144,36,28,4.9536517213745554,3.1670067069469567,0
1145,36,29,5.9536517213745554,3.1670067069469567,0
1146,36,30,6.9536517213745554,3.1670067069469567,0
1147,37,0,-23.046348278625445,4.167006706946957,0
1148,37,1,-22.046348278625445,4.167006706946957,0
1149,37,2,-21.046348278625445,4.167006706946957,0
1150,37,3,-20.046348278625445,4.167006706946957,0
1151,37,4,-19.046348278625445,4.167006706946957,0
1152,37,5,-18.046348278625445,4.167006706946957,0
1153,37,6,-17.046348278625445,4.167006706946957,0
1154,37,7,-16.046348278625445,4.167006706946957,0
1155,37,8,-15.046348278625445,4.167006706946957,0
1156,37,9,-14.046348278625445,4.167006706946957,0
1157,37,10,-13.046348278625445,4.167006706946957,0
1158,37,11,-12.046348278625445,4.167006706946957,0
1159,37,12,-11.046348278625445,4.167006706946957,0
1160,37,13,-10.046348278625445,4.167006706946957,0
1161,37,14,-9.046348278625445,4.167006706946957,0
1162,37,15,-8.046348278625445,4.167006706946957,0
1163,37,16,-7.0463482786254446,4.167006706946957,0
1164,37,17,-6.0463482786254446,4.167006706946957,0
1165,37,18,-5.0463482786254446,4.167006706946957,1
1166,37,19,-4.0463482786254446,4.167006706946957,0
1167,37,20,-3.0463482786254446,4.167006706946957,1
1168,37,21,-2.0463482786254446,4.167006706946957,1
1169,37,22,-1.0463482786254446,4.167006706946957,1
1170,37,23,-0.04634827862544455,4.167006706946957,1
1171,37,24,0.9536517213745554,4.167006706946957,0
1172,37,25,1.9536517213745554,4.167006706946957,0
1173,37,26,2.9536517213745554,4.167006706946957,0
1174,37,27,3.9536517213745554,4.167006706946957,0
1175,37,28,4.9536517213745554,4.167006706946957,0
1176,37,29,5.9536517213745554,4.167006706946957,0
1177,37,30,6.9536517213745554,4.167006706946957,0
1178,38,0,-23.046348278625445,5.167006706946957,0
1179,38,1,-22.046348278625445,5.167006706946957,0
1180,38,2,-21.046348278625445,5.167006706946957,0
1181,38,3,-20.046348278625445,5.167006706946957,0
1182,38,4,-19.046348278625445,5.167006706946957,0
1183,38,5,-18.046348278625445,5.167006706946957,0
1184,38,6,-17.046348278625445,5.167006706946957,0
1185,38,7,-16.046348278625445,5.167006706946957,0
1186,38,8,-15.046348278625445,5.167006706946957,0
1187,38,9,-14.046348278625445,5.167006706946957,0
1188,38,10,-13.046348278625445,5.167006706946957,0
1189,38,11,-12.046348278625445,5.167006706946957,0
1190,38,12,-11.046348278625445,5.167006706946957,0
1191,38,13,-10.046348278625445,5.167006706946957,0
1192,38,14,-9.046348278625445,5.167006706946957,0
1193,38,15,-8.046348278625445,5.167006706946957,0
1194,38,16,-7.0463482786254446,5.167006706946957,0
1195,38,17,-6.0463482786254446,5.167006706946957,0
1196,38,18,-5.0463482786254446,5.167006706946957,0
1197,38,19,-4.0463482786254446,5.167006706946957,0
1198,38,20,-3.0463482786254446,5.167006706946957,0
1199,38,21,-2.0463482786254446,5.167006706946957,0
1200,38,22,-1.0463482786254446,5.167006706946957,0
1201,38,23,-0.04634827862544455,5.167006706946957,0
1202,38,24,0.9536517213745554,5.167006706946957,0
1203,38,25,1.9536517213745554,5.167006706946957,0
1204,38,26,2.9536517213745554,5.167006706946957,0
1205,38,27,3.9536517213745554,5.167006706946957,0
1206,38,28,4.9536517213745554,5.167006706946957,0
1207,38,29,5.9536517213745554,5.167006706946957,0
1208,38,30,6.9536517213745554,5.167006706946957,0
1209,39,0,-23.046348278625445,6.167006706946957,0
1210,39,1,-22.046348278625445,6.167006706946957,0
1211,39,2,-21.046348278625445,6.167006706946957,0
1212,39,3,-20.046348278625445,6.167006706946957,0
1213,39,4,-19.046348278625445,6.167006706946957,0
1214,39,5,-18.046348278625445,6.167006706946957,0
1215,39,6,-17.046348278625445,6.167006706946957,0
1216,39,7,-16.046348278625445,6.167006706946957,0
1217,39,8,-15.046348278625445,6.167006706946957,0
1218,39,9,-14.046348278625445,6.167006706946957,0
1219,39,10,-13.046348278625445,6.167006706946957,0
1220,39,11,-12.046348278625445,6.167006706946957,0
1221,39,12,-11.046348278625445,6.167006706946957,0
1222,39,13,-10.046348278625445,6.167006706946957,0
1223,39,14,-9.046348278625445,6.167006706946957,0
1224,39,15,-8.046348278625445,6.167006706946957,0
1225,39,16,-7.0463482786254446,6.167006706946957,0
1226,39,17,-6.0463482786254446,6.167006706946957,0
1227,39,18,-5.0463482786254446,6.167006706946957,0
1228,39,19,-4.0463482786254446,6.167006706946957,0
1229,39,20,-3.0463482786254446,6.167006706946957,0
1230,39,21,-2.0463482786254446,6.167006706946957,0
1231,39,22,-1.0463482786254446,6.167006706946957,0
1232,39,23,-0.04634827862544455,6.167006706946957,0
1233,39,24,0.9536517213745554,6.167006706946957,0
1234,39,25,1.9536517213745554,6.167006706946957,0
1235,39,26,2.9536517213745554,6.167006706946957,0
1236,39,27,3.9536517213745554,6.167006706946957,0
1237,39,28,4.9536517213745554,6.167006706946957,0
1238,39,29,5.9536517213745554,6.167006706946957,0
1239,39,30,6.9536517213745554,6.167006706946957,0
1240,40,0,-23.046348278625445,7.167006706946957,0
1241,40,1,-22.046348278625445,7.167006706946957,0
1242,40,2,-21.046348278625445,7.167006706946957,0
1243,40,3,-20.046348278625445,7.167006706946957,0
1244,40,4,-19.046348278625445,7.167006706946957,0
1245,40,5,-18.046348278625445,7.167006706946957,0
1246,40,6,-17.046348278625445,7.167006706946957,0
1247,40,7,-16.046348278625445,7.167006706946957,0
1248,40,8,-15.046348278625445,7.167006706946957,0
1249,40,9,-14.046348278625445,7.167006706946957,0
1250,40,10,-13.046348278625445,7.167006706946957,0
1251,40,11,-12.046348278625445,7.167006706946957,0
1252,40,12,-11.046348278625445,7.167006706946957,0
1253,40,13,-10.046348278625445,7.167006706946957,0
1254,40,14,-9.046348278625445,7.167006706946957,0
1255,40,15,-8.046348278625445,7.167006706946957,0
1256,40,16,-7.0463482786254446,7.167006706946957,0
1257,40,17,-6.0463482786254446,7.167006706946957,0
1258,40,18,-5.0463482786254446,7.167006706946957,0
1259,40,19,-4.0463482786254446,7.167006706946957,0
1260,40,20,-3.0463482786254446,7.167006706946957,0
1261,40,21,-2.0463482786254446,7.167006706946957,0
1262,40,22,-1.0463482786254446,7.167006706946957,0
1263,40,23,-0.04634827862544455,7.167006706946957,0
1264,40,24,0.9536517213745554,7.167006706946957,0
1265,40,25,1.9536517213745554,7.167006706946957,0
1266,40,26,2.9536517213745554,7.167006706946957,0
1267,40,27,3.9536517213745554,7.167006706946957,0
1268,40,28,4.9536517213745554,7.167006706946957,0
1269,40,29,5.9536517213745554,7.167006706946957,0
1270,40,30,6.9536517213745554,7.167006706946957,0
