cell_id,row,col,center_x,center_z,feature_density_norm,uncertainty
0,0,0,-23.046348278625445,-32.83299329305304,0.0,1.0
1,0,1,-22.046348278625445,-32.83299329305304,0.0,1.0
2,0,2,-21.046348278625445,-32.83299329305304,0.0,1.0
3,0,3,-20.046348278625445,-32.83299329305304,0.0,1.0
4,0,4,-19.046348278625445,-32.83299329305304,0.0,1.0
5,0,5,-18.046348278625445,-32.83299329305304,0.0,1.0
6,0,6,-17.046348278625445,-32.83299329305304,0.0,1.0
7,0,7,-16.046348278625445,-32.83299329305304,0.0,1.0
8,0,8,-15.046348278625445,-32.83299329305304,0.0,1.0
9,0,9,-14.046348278625445,-32.83299329305304,0.0,1.0
10,0,10,-13.046348278625445,-32.83299329305304,0.0,1.0
11,0,11,-12.046348278625445,-32.83299329305304,0.0,1.0
12,0,12,-11.046348278625445,-32.83299329305304,0.0,1.0
13,0,13,-10.046348278625445,-32.83299329305304,0.0,1.0
14,0,14,-9.046348278625445,-32.83299329305304,0.0,1.0
15,0,15,-8.046348278625445,-32.83299329305304,0.0,1.0
16,0,16,-7.0463482786254446,-32.83299329305304,0.0,1.0
17,0,17,-6.0463482786254446,-32.83299329305304,0.0,1.0
18,0,18,-5.0463482786254446,-32.83299329305304,0.0,1.0
19,0,19,-4.0463482786254446,-32.83299329305304,0.0,1.0
20,0,20,-3.0463482786254446,-32.83299329305304,0.0,1.0
21,0,21,-2.0463482786254446,-32.83299329305304,0.0,1.0
22,0,22,-1.0463482786254446,-32.83299329305304,0.0,1.0
23,0,23,-0.04634827862544455,-32.83299329305304,0.0,1.0
24,0,24,0.9536517213745554,-32.83299329305304,0.0,1.0
25,0,25,1.9536517213745554,-32.83299329305304,0.0,1.0
26,0,26,2.9536517213745554,-32.83299329305304,0.0,1.0
27,0,27,3.9536517213745554,-32.83299329305304,0.0,1.0
28,0,28,4.9536517213745554,-32.83299329305304,0.0,1.0
29,0,29,5.9536517213745554,-32.83299329305304,0.0,1.0
30,0,30,6.9536517213745554,-32.83299329305304,0.0,1.0
31,1,0,-23.046348278625445,-31.832993293053043,0.0,1.0
32,1,1,-22.046348278625445,-31.832993293053043,0.0,1.0
33,1,2,-21.046348278625445,-31.832993293053043,0.0,1.0
34,1,3,-20.046348278625445,-31.832993293053043,0.0,1.0
35,1,4,-19.046348278625445,-31.832993293053043,0.0,1.0
36,1,5,-18.046348278625445,-31.832993293053043,0.0,1.0
37,1,6,-17.046348278625445,-31.832993293053043,0.0,1.0
38,1,7,-16.046348278625445,-31.832993293053043,0.0,1.0
39,1,8,-15.046348278625445,-31.832993293053043,0.0,1.0
40,1,9,-14.046348278625445,-31.832993293053043,0.0,1.0
41,1,10,-13.046348278625445,-31.832993293053043,0.0,1.0
42,1,11,-12.046348278625445,-31.832993293053043,0.0,1.0
43,1,12,-11.046348278625445,-31.832993293053043,0.0,1.0
44,1,13,-10.046348278625445,-31.832993293053043,0.0,1.0
45,1,14,-9.046348278625445,-31.832993293053043,0.0,1.0
46,1,15,-8.046348278625445,-31.832993293053043,0.0,1.0
47,1,16,-7.0463482786254446,-31.832993293053043,0.0,1.0
48,1,17,-6.0463482786254446,-31.832993293053043,0.0,1.0
49,1,18,-5.0463482786254446,-31.832993293053043,0.0,1.0
50,1,19,-4.0463482786254446,-31.832993293053043,0.0,1.0
51,1,20,-3.0463482786254446,-31.832993293053043,0.0,1.0
52,1,21,-2.0463482786254446,-31.832993293053043,0.0,1.0
53,1,22,-1.0463482786254446,-31.832993293053043,0.0,1.0
54,1,23,-0.04634827862544455,-31.832993293053043,0.0,1.0
55,1,24,0.9536517213745554,-31.832993293053043,0.0,1.0
56,1,25,1.9536517213745554,-31.832993293053043,0.0,1.0
57,1,26,2.9536517213745554,-31.832993293053043,0.0,1.0
58,1,27,3.9536517213745554,-31.832993293053043,0.0,1.0
59,1,28,4.9536517213745554,-31.832993293053043,0.0,1.0
60,1,29,5.9536517213745554,-31.832993293053043,0.0,1.0
61,1,30,6.9536517213745554,-31.832993293053043,0.0,1.0
62,2,0,-23.046348278625445,-30.832993293053043,0.0,1.0
63,2,1,-22.046348278625445,-30.832993293053043,0.0,1.0
64,2,2,-21.046348278625445,-30.832993293053043,0.0,1.0
65,2,3,-20.046348278625445,-30.832993293053043,0.0,1.0
66,2,4,-19.046348278625445,-30.832993293053043,0.0,1.0
67,2,5,-18.046348278625445,-30.832993293053043,0.0,1.0
68,2,6,-17.046348278625445,-30.832993293053043,0.0,1.0
69,2,7,-16.046348278625445,-30.832993293053043,0.0,1.0
70,2,8,-15.046348278625445,-30.832993293053043,0.0,1.0
71,2,9,-14.046348278625445,-30.832993293053043,0.0,1.0
72,2,10,-13.046348278625445,-30.832993293053043,0.0,1.0
73,2,11,-12.046348278625445,-30.832993293053043,0.0,1.0
74,2,12,-11.046348278625445,-30.832993293053043,0.0,1.0
75,2,13,-10.046348278625445,-30.832993293053043,0.0,1.0
76,2,14,-9.046348278625445,-30.832993293053043,0.0,1.0
77,2,15,-8.046348278625445,-30.832993293053043,0.0,1.0
78,2,16,-7.0463482786254446,-30.832993293053043,0.0,1.0
79,2,17,-6.0463482786254446,-30.832993293053043,0.0,1.0
80,2,18,-5.0463482786254446,-30.832993293053043,0.0,1.0
81,2,19,-4.0463482786254446,-30.832993293053043,0.0,1.0
82,2,20,-3.0463482786254446,-30.832993293053043,0.0,1.0
83,2,21,-2.0463482786254446,-30.832993293053043,0.0,1.0
84,2,22,-1.0463482786254446,-30.832993293053043,0.0,1.0
85,2,23,-0.04634827862544455,-30.832993293053043,0.0,1.0
86,2,24,0.9536517213745554,-30.832993293053043,0.0,1.0
87,2,25,1.9536517213745554,-30.832993293053043,0.0,1.0
88,2,26,2.9536517213745554,-30.832993293053043,0.0,1.0
89,2,27,3.9536517213745554,-30.832993293053043,0.0,1.0
90,2,28,4.9536517213745554,-30.832993293053043,0.0,1.0
91,2,29,5.9536517213745554,-30.832993293053043,0.0,1.0
92,2,30,6.9536517213745554,-30.832993293053043,0.0,1.0
93,3,0,-23.046348278625445,-29.832993293053043,0.0,1.0
94,3,1,-22.046348278625445,-29.832993293053043,0.0,1.0
95,3,2,-21.046348278625445,-29.832993293053043,0.0,1.0
96,3,3,-20.046348278625445,-29.832993293053043,0.0,1.0
97,3,4,-19.046348278625445,-29.832993293053043,0.0,1.0
98,3,5,-18.046348278625445,-29.832993293053043,0.0,1.0
99,3,6,-17.046348278625445,-29.832993293053043,0.0,1.0
100,3,7,-16.046348278625445,-29.832993293053043,0.0,1.0
101,3,8,-15.046348278625445,-29.832993293053043,0.0,1.0
102,3,9,-14.046348278625445,-29.832993293053043,0.0,1.0
103,3,10,-13.046348278625445,-29.832993293053043,0.0,1.0
104,3,11,-12.046348278625445,-29.832993293053043,0.0,1.0
105,3,12,-11.046348278625445,-29.832993293053043,0.0,1.0
106,3,13,-10.046348278625445,-29.832993293053043,0.0,1.0
107,3,14,-9.046348278625445,-29.832993293053043,0.0,1.0
108,3,15,-8.046348278625445,-29.832993293053043,0.0,1.0
109,3,16,-7.0463482786254446,-29.832993293053043,0.0,1.0
110,3,17,-6.0463482786254446,-29.832993293053043,0.9642857142857143,0.0357142857142857
111,3,18,-5.0463482786254446,-29.832993293053043,0.0,1.0
112,3,19,-4.0463482786254446,-29.832993293053043,0.0,1.0
113,3,20,-3.0463482786254446,-29.832993293053043,0.0,1.0
114,3,21,-2.0463482786254446,-29.832993293053043,0.0,1.0
115,3,22,-1.0463482786254446,-29.832993293053043,0.0,1.0
116,3,23,-0.04634827862544455,-29.832993293053043,0.0,1.0
117,3,24,0.9536517213745554,-29.832993293053043,0.0,1.0
118,3,25,1.9536517213745554,-29.832993293053043,0.0,1.0
119,3,26,2.9536517213745554,-29.832993293053043,0.9357142857142857,0.06428571428571428
120,3,27,3.9536517213745554,-29.832993293053043,0.9392857142857143,0.06071428571428572
121,3,28,4.9536517213745554,-29.832993293053043,0.0,1.0
122,3,29,5.9536517213745554,-29.832993293053043,0.0,1.0
123,3,30,6.9536517213745554,-29.832993293053043,0.0,1.0
124,4,0,-23.046348278625445,-28.832993293053043,0.0,1.0
125,4,1,-22.046348278625445,-28.832993293053043,0.0,1.0
126,4,2,-21.046348278625445,-28.832993293053043,0.0,1.0
127,4,3,-20.046348278625445,-28.832993293053043,0.0,1.0
128,4,4,-19.046348278625445,-28.832993293053043,0.0,1.0
129,4,5,-18.046348278625445,-28.832993293053043,0.0,1.0
130,4,6,-17.046348278625445,-28.832993293053043,0.0,1.0
131,4,7,-16.046348278625445,-28.832993293053043,0.0,1.0
132,4,8,-15.046348278625445,-28.832993293053043,0.0,1.0
133,4,9,-14.046348278625445,-28.832993293053043,0.0,1.0
134,4,10,-13.046348278625445,-28.832993293053043,0.0,1.0
135,4,11,-12.046348278625445,-28.832993293053043,0.0,1.0
136,4,12,-11.046348278625445,-28.832993293053043,0.0,1.0
137,4,13,-10.046348278625445,-28.832993293053043,0.0,1.0
138,4,14,-9.046348278625445,-28.832993293053043,0.0,1.0
139,4,15,-8.046348278625445,-28.832993293053043,0.9285714285714286,0.0714285714285714
140,4,16,-7.0463482786254446,-28.832993293053043,0.9547619047619047,0.0452380952380953
141,4,17,-6.0463482786254446,-28.832993293053043,0.0,1.0
142,4,18,-5.0463482786254446,-28.832993293053043,0.0,1.0
143,4,19,-4.0463482786254446,-28.832993293053043,0.0,1.0
144,4,20,-3.0463482786254446,-28.832993293053043,0.9321428571428572,0.06785714285714284
145,4,21,-2.0463482786254446,-28.832993293053043,0.0,1.0
146,4,22,-1.0463482786254446,-28.832993293053043,0.0,1.0
147,4,23,-0.04634827862544455,-28.832993293053043,0.0,1.0
148,4,24,0.9536517213745554,-28.832993293053043,0.0,1.0
149,4,25,1.9536517213745554,-28.832993293053043,0.9642857142857143,0.0357142857142857
150,4,26,2.9536517213745554,-28.832993293053043,0.9357142857142857,0.06428571428571428
151,4,27,3.9536517213745554,-28.832993293053043,0.925,0.07499999999999996
152,4,28,4.9536517213745554,-28.832993293053043,0.0,1.0
153,4,29,5.9536517213745554,-28.832993293053043,0.0,1.0
154,4,30,6.9536517213745554,-28.832993293053043,0.0,1.0
155,5,0,-23.046348278625445,-27.832993293053043,0.0,1.0
156,5,1,-22.046348278625445,-27.832993293053043,0.0,1.0
157,5,2,-21.046348278625445,-27.832993293053043,0.0,1.0
158,5,3,-20.046348278625445,-27.832993293053043,0.0,1.0
159,5,4,-19.046348278625445,-27.832993293053043,0.0,1.0
160,5,5,-18.046348278625445,-27.832993293053043,0.0,1.0
161,5,6,-17.046348278625445,-27.832993293053043,0.0,1.0
162,5,7,-16.046348278625445,-27.832993293053043,0.0,1.0
163,5,8,-15.046348278625445,-27.832993293053043,0.0,1.0
164,5,9,-14.046348278625445,-27.832993293053043,0.0,1.0
165,5,10,-13.046348278625445,-27.832993293053043,0.0,1.0
166,5,11,-12.046348278625445,-27.832993293053043,0.0,1.0
167,5,12,-11.046348278625445,-27.832993293053043,0.0,1.0
168,5,13,-10.046348278625445,-27.832993293053043,0.9428571428571428,0.05714285714285716
169,5,14,-9.046348278625445,-27.832993293053043,0.9380952380952382,0.061904761904761796
170,5,15,-8.046348278625445,-27.832993293053043,0.9214285714285714,0.07857142857142863
171,5,16,-7.0463482786254446,-27.832993293053043,0.9714285714285714,0.02857142857142858
172,5,17,-6.0463482786254446,-27.832993293053043,0.9714285714285714,0.02857142857142858
173,5,18,-5.0463482786254446,-27.832993293053043,0.0,1.0
174,5,19,-4.0463482786254446,-27.832993293053043,0.0,1.0
175,5,20,-3.0463482786254446,-27.832993293053043,0.9,0.09999999999999998
176,5,21,-2.0463482786254446,-27.832993293053043,0.9071428571428571,0.09285714285714286
177,5,22,-1.0463482786254446,-27.832993293053043,0.8857142857142857,0.11428571428571432
178,5,23,-0.04634827862544455,-27.832993293053043,0.9785714285714285,0.021428571428571463
179,5,24,0.9536517213745554,-27.832993293053043,0.9928571428571429,0.0071428571428571175
180,5,25,1.9536517213745554,-27.832993293053043,0.9571428571428572,0.042857142857142816
181,5,26,2.9536517213745554,-27.832993293053043,0.0,1.0
182,5,27,3.9536517213745554,-27.832993293053043,0.9035714285714286,0.09642857142857142
183,5,28,4.9536517213745554,-27.832993293053043,0.0,1.0
184,5,29,5.9536517213745554,-27.832993293053043,0.0,1.0
185,5,30,6.9536517213745554,-27.832993293053043,0.0,1.0
186,6,0,-23.046348278625445,-26.832993293053043,0.0,1.0
187,6,1,-22.046348278625445,-26.832993293053043,0.0,1.0
188,6,2,-21.046348278625445,-26.832993293053043,0.0,1.0
189,6,3,-20.046348278625445,-26.832993293053043,0.0,1.0
190,6,4,-19.046348278625445,-26.832993293053043,0.0,1.0
191,6,5,-18.046348278625445,-26.832993293053043,0.95,0.050000000000000044
192,6,6,-17.046348278625445,-26.832993293053043,0.9785714285714285,0.021428571428571463
193,6,7,-16.046348278625445,-26.832993293053043,0.9428571428571428,0.05714285714285716
194,6,8,-15.046348278625445,-26.832993293053043,0.0,1.0
195,6,9,-14.046348278625445,-26.832993293053043,0.0,1.0
196,6,10,-13.046348278625445,-26.832993293053043,0.0,1.0
197,6,11,-12.046348278625445,-26.832993293053043,0.0,1.0
198,6,12,-11.046348278625445,-26.832993293053043,0.85,0.15000000000000002
199,6,13,-10.046348278625445,-26.832993293053043,0.0,1.0
200,6,14,-9.046348278625445,-26.832993293053043,0.0,1.0
201,6,15,-8.046348278625445,-26.832993293053043,0.0,1.0
202,6,16,-7.0463482786254446,-26.832993293053043,0.9428571428571428,0.05714285714285716
203,6,17,-6.0463482786254446,-26.832993293053043,0.0,1.0
204,6,18,-5.0463482786254446,-26.832993293053043,0.8785714285714286,0.12142857142857144
205,6,19,-4.0463482786254446,-26.832993293053043,0.8821428571428571,0.11785714285714288
206,6,20,-3.0463482786254446,-26.832993293053043,0.8892857142857142,0.11071428571428577
207,6,21,-2.0463482786254446,-26.832993293053043,0.9142857142857143,0.08571428571428574
208,6,22,-1.0463482786254446,-26.832993293053043,0.919047619047619,0.080952380952381
209,6,23,-0.04634827862544455,-26.832993293053043,0.9571428571428572,0.042857142857142816
210,6,24,0.9536517213745554,-26.832993293053043,0.0,1.0
211,6,25,1.9536517213745554,-26.832993293053043,0.0,1.0
212,6,26,2.9536517213745554,-26.832993293053043,0.9071428571428571,0.09285714285714286
213,6,27,3.9536517213745554,-26.832993293053043,0.0,1.0
214,6,28,4.9536517213745554,-26.832993293053043,0.0,1.0
215,6,29,5.9536517213745554,-26.832993293053043,0.0,1.0
216,6,30,6.9536517213745554,-26.832993293053043,0.0,1.0
217,7,0,-23.046348278625445,-25.832993293053043,0.0,1.0
218,7,1,-22.046348278625445,-25.832993293053043,0.0,1.0
219,7,2,-21.046348278625445,-25.832993293053043,0.0,1.0
220,7,3,-20.046348278625445,-25.832993293053043,0.0,1.0
221,7,4,-19.046348278625445,-25.832993293053043,0.0,1.0
222,7,5,-18.046348278625445,-25.832993293053043,0.9107142857142857,0.0892857142857143
223,7,6,-17.046348278625445,-25.832993293053043,0.0,1.0
224,7,7,-16.046348278625445,-25.832993293053043,0.8785714285714286,0.12142857142857144
225,7,8,-15.046348278625445,-25.832993293053043,0.9214285714285714,0.07857142857142863
226,7,9,-14.046348278625445,-25.832993293053043,0.9642857142857143,0.0357142857142857
227,7,10,-13.046348278625445,-25.832993293053043,0.0,1.0
228,7,11,-12.046348278625445,-25.832993293053043,0.0,1.0
229,7,12,-11.046348278625445,-25.832993293053043,0.9071428571428571,0.09285714285714286
230,7,13,-10.046348278625445,-25.832993293053043,0.0,1.0
231,7,14,-9.046348278625445,-25.832993293053043,0.0,1.0
232,7,15,-8.046348278625445,-25.832993293053043,0.0,1.0
233,7,16,-7.0463482786254446,-25.832993293053043,0.9047619047619048,0.09523809523809523
234,7,17,-6.0463482786254446,-25.832993293053043,0.9214285714285714,0.07857142857142863
235,7,18,-5.0463482786254446,-25.832993293053043,0.8928571428571429,0.1071428571428571
236,7,19,-4.0463482786254446,-25.832993293053043,0.0,1.0
237,7,20,-3.0463482786254446,-25.832993293053043,0.0,1.0
238,7,21,-2.0463482786254446,-25.832993293053043,0.0,1.0
239,7,22,-1.0463482786254446,-25.832993293053043,0.0,1.0
240,7,23,-0.04634827862544455,-25.832993293053043,0.0,1.0
241,7,24,0.9536517213745554,-25.832993293053043,0.0,1.0
242,7,25,1.9536517213745554,-25.832993293053043,0.0,1.0
243,7,26,2.9536517213745554,-25.832993293053043,0.9714285714285714,0.02857142857142858
244,7,27,3.9536517213745554,-25.832993293053043,0.0,1.0
245,7,28,4.9536517213745554,-25.832993293053043,0.0,1.0
246,7,29,5.9536517213745554,-25.832993293053043,0.0,1.0
247,7,30,6.9536517213745554,-25.832993293053043,0.0,1.0
248,8,0,-23.046348278625445,-24.832993293053043,0.0,1.0
249,8,1,-22.046348278625445,-24.832993293053043,0.0,1.0
250,8,2,-21.046348278625445,-24.832993293053043,0.0,1.0
251,8,3,-20.046348278625445,-24.832993293053043,0.0,1.0
252,8,4,-19.046348278625445,-24.832993293053043,0.0,1.0
253,8,5,-18.046348278625445,-24.832993293053043,0.0,1.0
254,8,6,-17.046348278625445,-24.832993293053043,0.8642857142857143,0.13571428571428568
255,8,7,-16.046348278625445,-24.832993293053043,0.8714285714285714,0.12857142857142856
256,8,8,-15.046348278625445,-24.832993293053043,0.0,1.0
257,8,9,-14.046348278625445,-24.832993293053043,0.8571428571428571,0.1428571428571429
258,8,10,-13.046348278625445,-24.832993293053043,0.0,1.0
259,8,11,-12.046348278625445,-24.832993293053043,0.0,1.0
260,8,12,-11.046348278625445,-24.832993293053043,0.9357142857142857,0.06428571428571428
261,8,13,-10.046348278625445,-24.832993293053043,0.0,1.0
262,8,14,-9.046348278625445,-24.832993293053043,0.0,1.0
263,8,15,-8.046348278625445,-24.832993293053043,0.0,1.0
264,8,16,-7.0463482786254446,-24.832993293053043,0.8785714285714286,0.12142857142857144
265,8,17,-6.0463482786254446,-24.832993293053043,0.0,1.0
266,8,18,-5.0463482786254446,-24.832993293053043,0.0,1.0
267,8,19,-4.0463482786254446,-24.832993293053043,0.0,1.0
268,8,20,-3.0463482786254446,-24.832993293053043,0.0,1.0
269,8,21,-2.0463482786254446,-24.832993293053043,0.0,1.0
270,8,22,-1.0463482786254446,-24.832993293053043,0.0,1.0
271,8,23,-0.04634827862544455,-24.832993293053043,0.0,1.0
272,8,24,0.9536517213745554,-24.832993293053043,0.0,1.0
273,8,25,1.9536517213745554,-24.832993293053043,0.0,1.0
274,8,26,2.9536517213745554,-24.832993293053043,0.9642857142857143,0.0357142857142857
275,8,27,3.9536517213745554,-24.832993293053043,0.0,1.0
276,8,28,4.9536517213745554,-24.832993293053043,0.0,1.0
277,8,29,5.9536517213745554,-24.832993293053043,0.0,1.0
278,8,30,6.9536517213745554,-24.832993293053043,0.0,1.0
279,9,0,-23.046348278625445,-23.832993293053043,0.0,1.0
280,9,1,-22.046348278625445,-23.832993293053043,0.0,1.0
281,9,2,-21.046348278625445,-23.832993293053043,0.0,1.0
282,9,3,-20.046348278625445,-23.832993293053043,0.0,1.0
283,9,4,-19.046348278625445,-23.832993293053043,0.0,1.0
284,9,5,-18.046348278625445,-23.832993293053043,0.0,1.0
285,9,6,-17.046348278625445,-23.832993293053043,0.85,0.15000000000000002
286,9,7,-16.046348278625445,-23.832993293053043,0.8785714285714286,0.12142857142857144
287,9,8,-15.046348278625445,-23.832993293053043,0.8833333333333334,0.11666666666666659
288,9,9,-14.046348278625445,-23.832993293053043,0.85,0.15000000000000002
289,9,10,-13.046348278625445,-23.832993293053043,0.8857142857142857,0.11428571428571432
290,9,11,-12.046348278625445,-23.832993293053043,0.9285714285714286,0.0714285714285714
291,9,12,-11.046348278625445,-23.832993293053043,0.9142857142857143,0.08571428571428574
292,9,13,-10.046348278625445,-23.832993293053043,0.0,1.0
293,9,14,-9.046348278625445,-23.832993293053043,0.0,1.0
294,9,15,-8.046348278625445,-23.832993293053043,0.0,1.0
295,9,16,-7.0463482786254446,-23.832993293053043,0.0,1.0
296,9,17,-6.0463482786254446,-23.832993293053043,0.0,1.0
297,9,18,-5.0463482786254446,-23.832993293053043,0.0,1.0
298,9,19,-4.0463482786254446,-23.832993293053043,0.0,1.0
299,9,20,-3.0463482786254446,-23.832993293053043,0.0,1.0
300,9,21,-2.0463482786254446,-23.832993293053043,0.0,1.0
301,9,22,-1.0463482786254446,-23.832993293053043,0.0,1.0
302,9,23,-0.04634827862544455,-23.832993293053043,0.0,1.0
303,9,24,0.9536517213745554,-23.832993293053043,0.0,1.0
304,9,25,1.9536517213745554,-23.832993293053043,0.9357142857142857,0.06428571428571428
305,9,26,2.9536517213745554,-23.832993293053043,0.0,1.0
306,9,27,3.9536517213745554,-23.832993293053043,0.0,1.0
307,9,28,4.9536517213745554,-23.832993293053043,0.0,1.0
308,9,29,5.9536517213745554,-23.832993293053043,0.0,1.0
309,9,30,6.9536517213745554,-23.832993293053043,0.0,1.0
310,10,0,-23.046348278625445,-22.832993293053043,0.0,1.0
311,10,1,-22.046348278625445,-22.832993293053043,0.0,1.0
312,10,2,-21.046348278625445,-22.832993293053043,0.0,1.0
313,10,3,-20.046348278625445,-22.832993293053043,0.8571428571428571,0.1428571428571429
314,10,4,-19.046348278625445,-22.832993293053043,0.0,1.0
315,10,5,-18.046348278625445,-22.832993293053043,0.0,1.0
316,10,6,-17.046348278625445,-22.832993293053043,0.9642857142857143,0.0357142857142857
317,10,7,-16.046348278625445,-22.832993293053043,0.8785714285714286,0.12142857142857144
318,10,8,-15.046348278625445,-22.832993293053043,0.9035714285714286,0.09642857142857142
319,10,9,-14.046348278625445,-22.832993293053043,0.9214285714285714,0.07857142857142863
320,10,10,-13.046348278625445,-22.832993293053043,0.8785714285714286,0.12142857142857144
321,10,11,-12.046348278625445,-22.832993293053043,0.9238095238095239,0.07619047619047614
322,10,12,-11.046348278625445,-22.832993293053043,0.9035714285714286,0.09642857142857142
323,10,13,-10.046348278625445,-22.832993293053043,0.0,1.0
324,10,14,-9.046348278625445,-22.832993293053043,0.0,1.0
325,10,15,-8.046348278625445,-22.832993293053043,0.0,1.0
326,10,16,-7.0463482786254446,-22.832993293053043,0.0,1.0
327,10,17,-6.0463482786254446,-22.832993293053043,0.0,1.0
328,10,18,-5.0463482786254446,-22.832993293053043,0.0,1.0
329,10,19,-4.0463482786254446,-22.832993293053043,0.0,1.0
330,10,20,-3.0463482786254446,-22.832993293053043,0.0,1.0
331,10,21,-2.0463482786254446,-22.832993293053043,0.0,1.0
332,10,22,-1.0463482786254446,-22.832993293053043,0.0,1.0
333,10,23,-0.04634827862544455,-22.832993293053043,0.0,1.0
334,10,24,0.9536517213745554,-22.832993293053043,0.0,1.0
335,10,25,1.9536517213745554,-22.832993293053043,0.9,0.09999999999999998
336,10,26,2.9536517213745554,-22.832993293053043,0.0,1.0
337,10,27,3.9536517213745554,-22.832993293053043,0.0,1.0
338,10,28,4.9536517213745554,-22.832993293053043,0.0,1.0
339,10,29,5.9536517213745554,-22.832993293053043,0.0,1.0
340,10,30,6.9536517213745554,-22.832993293053043,0.0,1.0
341,11,0,-23.046348278625445,-21.832993293053043,0.0,1.0
342,11,1,-22.046348278625445,-21.832993293053043,0.0,1.0
343,11,2,-21.046348278625445,-21.832993293053043,0.8785714285714286,0.12142857142857144
344,11,3,-20.046348278625445,-21.832993293053043,0.0,1.0
345,11,4,-19.046348278625445,-21.832993293053043,0.8785714285714286,0.12142857142857144
346,11,5,-18.046348278625445,-21.832993293053043,0.95,0.050000000000000044
347,11,6,-17.046348278625445,-21.832993293053043,0.9642857142857143,0.0357142857142857
348,11,7,-16.046348278625445,-21.832993293053043,0.9107142857142857,0.0892857142857143
349,11,8,-15.046348278625445,-21.832993293053043,0.8428571428571429,0.15714285714285714
350,11,9,-14.046348278625445,-21.832993293053043,0.85,0.15000000000000002
351,11,10,-13.046348278625445,-21.832993293053043,0.9142857142857143,0.08571428571428574
352,11,11,-12.046348278625445,-21.832993293053043,0.9214285714285714,0.07857142857142863
353,11,12,-11.046348278625445,-21.832993293053043,0.8285714285714286,0.17142857142857137
354,11,13,-10.046348278625445,-21.832993293053043,0.0,1.0
355,11,14,-9.046348278625445,-21.832993293053043,0.0,1.0
356,11,15,-8.046348278625445,-21.832993293053043,0.0,1.0
357,11,16,-7.0463482786254446,-21.832993293053043,0.0,1.0
358,11,17,-6.0463482786254446,-21.832993293053043,0.0,1.0
359,11,18,-5.0463482786254446,-21.832993293053043,0.0,1.0
360,11,19,-4.0463482786254446,-21.832993293053043,0.0,1.0
361,11,20,-3.0463482786254446,-21.832993293053043,0.0,1.0
362,11,21,-2.0463482786254446,-21.832993293053043,0.0,1.0
363,11,22,-1.0463482786254446,-21.832993293053043,0.0,1.0
364,11,23,-0.04634827862544455,-21.832993293053043,0.0,1.0
365,11,24,0.9536517213745554,-21.832993293053043,1.0,0.0
366,11,25,1.9536517213745554,-21.832993293053043,0.0,1.0
367,11,26,2.9536517213745554,-21.832993293053043,0.0,1.0
368,11,27,3.9536517213745554,-21.832993293053043,0.0,1.0
369,11,28,4.9536517213745554,-21.832993293053043,0.0,1.0
370,11,29,5.9536517213745554,-21.832993293053043,0.0,1.0
371,11,30,6.9536517213745554,-21.832993293053043,0.0,1.0
372,12,0,-23.046348278625445,-20.832993293053043,0.0,1.0
373,12,1,-22.046348278625445,-20.832993293053043,0.0,1.0
374,12,2,-21.046348278625445,-20.832993293053043,0.8857142857142857,0.11428571428571432
375,12,3,-20.046348278625445,-20.832993293053043,0.9071428571428571,0.09285714285714286
376,12,4,-19.046348278625445,-20.832993293053043,0.9035714285714286,0.09642857142857142
377,12,5,-18.046348278625445,-20.832993293053043,0.9071428571428571,0.09285714285714286
378,12,6,-17.046348278625445,-20.832993293053043,0.0,1.0
379,12,7,-16.046348278625445,-20.832993293053043,0.0,1.0
380,12,8,-15.046348278625445,-20.832993293053043,0.8714285714285714,0.12857142857142856
381,12,9,-14.046348278625445,-20.832993293053043,0.0,1.0
382,12,10,-13.046348278625445,-20.832993293053043,0.0,1.0
383,12,11,-12.046348278625445,-20.832993293053043,0.0,1.0
384,12,12,-11.046348278625445,-20.832993293053043,0.0,1.0
385,12,13,-10.046348278625445,-20.832993293053043,0.0,1.0
386,12,14,-9.046348278625445,-20.832993293053043,0.0,1.0
387,12,15,-8.046348278625445,-20.832993293053043,0.0,1.0
388,12,16,-7.0463482786254446,-20.832993293053043,0.0,1.0
389,12,17,-6.0463482786254446,-20.832993293053043,0.0,1.0
390,12,18,-5.0463482786254446,-20.832993293053043,0.0,1.0
391,12,19,-4.0463482786254446,-20.832993293053043,0.0,1.0
392,12,20,-3.0463482786254446,-20.832993293053043,0.0,1.0
393,12,21,-2.0463482786254446,-20.832993293053043,0.0,1.0
394,12,22,-1.0463482786254446,-20.832993293053043,0.0,1.0
395,12,23,-0.04634827862544455,-20.832993293053043,0.0,1.0
396,12,24,0.9536517213745554,-20.832993293053043,0.8714285714285714,0.12857142857142856
397,12,25,1.9536517213745554,-20.832993293053043,0.0,1.0
398,12,26,2.9536517213745554,-20.832993293053043,0.0,1.0
399,12,27,3.9536517213745554,-20.832993293053043,0.0,1.0
400,12,28,4.9536517213745554,-20.832993293053043,0.0,1.0
401,12,29,5.9536517213745554,-20.832993293053043,0.0,1.0
402,12,30,6.9536517213745554,-20.832993293053043,0.0,1.0
403,13,0,-23.046348278625445,-19.832993293053043,0.0,1.0
404,13,1,-22.046348278625445,-19.832993293053043,0.0,1.0
405,13,2,-21.046348278625445,-19.832993293053043,0.0,1.0
406,13,3,-20.046348278625445,-19.832993293053043,0.8714285714285714,0.12857142857142856
407,13,4,-19.046348278625445,-19.832993293053043,0.0,1.0
408,13,5,-18.046348278625445,-19.832993293053043,0.0,1.0
409,13,6,-17.046348278625445,-19.832993293053043,0.8142857142857143,0.18571428571428572
410,13,7,-16.046348278625445,-19.832993293053043,0.8857142857142857,0.11428571428571432
411,13,8,-15.046348278625445,-19.832993293053043,0.0,1.0
412,13,9,-14.046348278625445,-19.832993293053043,0.0,1.0
413,13,10,-13.046348278625445,-19.832993293053043,0.0,1.0
414,13,11,-12.046348278625445,-19.832993293053043,0.0,1.0
415,13,12,-11.046348278625445,-19.832993293053043,0.0,1.0
416,13,13,-10.046348278625445,-19.832993293053043,0.0,1.0
417,13,14,-9.046348278625445,-19.832993293053043,0.0,1.0
418,13,15,-8.046348278625445,-19.832993293053043,0.0,1.0
419,13,16,-7.0463482786254446,-19.832993293053043,0.0,1.0
420,13,17,-6.0463482786254446,-19.832993293053043,0.0,1.0
421,13,18,-5.0463482786254446,-19.832993293053043,0.0,1.0
422,13,19,-4.0463482786254446,-19.832993293053043,0.0,1.0
423,13,20,-3.0463482786254446,-19.832993293053043,0.0,1.0
424,13,21,-2.0463482786254446,-19.832993293053043,0.0,1.0
425,13,22,-1.0463482786254446,-19.832993293053043,0.0,1.0
426,13,23,-0.04634827862544455,-19.832993293053043,0.0,1.0
427,13,24,0.9536517213745554,-19.832993293053043,0.9714285714285714,0.02857142857142858
428,13,25,1.9536517213745554,-19.832993293053043,0.0,1.0
429,13,26,2.9536517213745554,-19.832993293053043,0.0,1.0
430,13,27,3.9536517213745554,-19.832993293053043,0.0,1.0
431,13,28,4.9536517213745554,-19.832993293053043,0.0,1.0
432,13,29,5.9536517213745554,-19.832993293053043,0.0,1.0
433,13,30,6.9536517213745554,-19.832993293053043,0.0,1.0
434,14,0,-23.046348278625445,-18.832993293053043,0.0,1.0
435,14,1,-22.046348278625445,-18.832993293053043,0.0,1.0
436,14,2,-21.046348278625445,-18.832993293053043,0.0,1.0
437,14,3,-20.046348278625445,-18.832993293053043,0.8785714285714286,0.12142857142857144
438,14,4,-19.046348278625445,-18.832993293053043,0.0,1.0
439,14,5,-18.046348278625445,-18.832993293053043,0.8738095238095238,0.1261904761904762
440,14,6,-17.046348278625445,-18.832993293053043,0.0,1.0
441,14,7,-16.046348278625445,-18.832993293053043,0.0,1.0
442,14,8,-15.046348278625445,-18.832993293053043,0.0,1.0
443,14,9,-14.046348278625445,-18.832993293053043,0.0,1.0
444,14,10,-13.046348278625445,-18.832993293053043,0.0,1.0
445,14,11,-12.046348278625445,-18.832993293053043,0.0,1.0
446,14,12,-11.046348278625445,-18.832993293053043,0.0,1.0
447,14,13,-10.046348278625445,-18.832993293053043,0.0,1.0
448,14,14,-9.046348278625445,-18.832993293053043,0.0,1.0
449,14,15,-8.046348278625445,-18.832993293053043,0.0,1.0
450,14,16,-7.0463482786254446,-18.832993293053043,0.0,1.0
451,14,17,-6.0463482786254446,-18.832993293053043,0.0,1.0
452,14,18,-5.0463482786254446,-18.832993293053043,0.0,1.0
453,14,19,-4.0463482786254446,-18.832993293053043,0.0,1.0
454,14,20,-3.0463482786254446,-18.832993293053043,0.0,1.0
455,14,21,-2.0463482786254446,-18.832993293053043,0.0,1.0
456,14,22,-1.0463482786254446,-18.832993293053043,0.0,1.0
457,14,23,-0.04634827862544455,-18.832993293053043,0.9928571428571429,0.0071428571428571175
458,14,24,0.9536517213745554,-18.832993293053043,0.0,1.0
459,14,25,1.9536517213745554,-18.832993293053043,0.0,1.0
460,14,26,2.9536517213745554,-18.832993293053043,0.0,1.0
461,14,27,3.9536517213745554,-18.832993293053043,0.0,1.0
462,14,28,4.9536517213745554,-18.832993293053043,0.0,1.0
463,14,29,5.9536517213745554,-18.832993293053043,0.0,1.0
464,14,30,6.9536517213745554,-18.832993293053043,0.0,1.0
465,15,0,-23.046348278625445,-17.832993293053043,0.0,1.0
466,15,1,-22.046348278625445,-17.832993293053043,0.0,1.0
467,15,2,-21.046348278625445,-17.832993293053043,0.0,1.0
468,15,3,-20.046348278625445,-17.832993293053043,0.85,0.15000000000000002
469,15,4,-19.046348278625445,-17.832993293053043,0.8357142857142857,0.16428571428571426
470,15,5,-18.046348278625445,-17.832993293053043,0.8821428571428571,0.11785714285714288
471,15,6,-17.046348278625445,-17.832993293053043,0.0,1.0
472,15,7,-16.046348278625445,-17.832993293053043,0.0,1.0
473,15,8,-15.046348278625445,-17.832993293053043,0.0,1.0
474,15,9,-14.046348278625445,-17.832993293053043,0.0,1.0
475,15,10,-13.046348278625445,-17.832993293053043,0.0,1.0
476,15,11,-12.046348278625445,-17.832993293053043,0.0,1.0
477,15,12,-11.046348278625445,-17.832993293053043,0.0,1.0
478,15,13,-10.046348278625445,-17.832993293053043,0.0,1.0
479,15,14,-9.046348278625445,-17.832993293053043,0.0,1.0
480,15,15,-8.046348278625445,-17.832993293053043,0.0,1.0
481,15,16,-7.0463482786254446,-17.832993293053043,0.0,1.0
482,15,17,-6.0463482786254446,-17.832993293053043,0.0,1.0
483,15,18,-5.0463482786254446,-17.832993293053043,0.0,1.0
484,15,19,-4.0463482786254446,-17.832993293053043,0.0,1.0
485,15,20,-3.0463482786254446,-17.832993293053043,0.0,1.0
486,15,21,-2.0463482786254446,-17.832993293053043,0.0,1.0
487,15,22,-1.0463482786254446,-17.832993293053043,0.0,1.0
488,15,23,-0.04634827862544455,-17.832993293053043,0.9357142857142857,0.06428571428571428
489,15,24,0.9536517213745554,-17.832993293053043,0.0,1.0
490,15,25,1.9536517213745554,-17.832993293053043,0.0,1.0
491,15,26,2.9536517213745554,-17.832993293053043,0.0,1.0
492,15,27,3.9536517213745554,-17.832993293053043,0.0,1.0
493,15,28,4.9536517213745554,-17.832993293053043,0.0,1.0
494,15,29,5.9536517213745554,-17.832993293053043,0.0,1.0
495,15,30,6.9536517213745554,-17.832993293053043,0.0,1.0
496,16,0,-23.046348278625445,-16.832993293053043,0.0,1.0
497,16,1,-22.046348278625445,-16.832993293053043,0.0,1.0
498,16,2,-21.046348278625445,-16.832993293053043,0.0,1.0
499,16,3,-20.046348278625445,-16.832993293053043,0.0,1.0
500,16,4,-19.046348278625445,-16.832993293053043,0.875,0.125
501,16,5,-18.046348278625445,-16.832993293053043,0.0,1.0
502,16,6,-17.046348278625445,-16.832993293053043,0.0,1.0
503,16,7,-16.046348278625445,-16.832993293053043,0.0,1.0
504,16,8,-15.046348278625445,-16.832993293053043,0.0,1.0
505,16,9,-14.046348278625445,-16.832993293053043,0.0,1.0
506,16,10,-13.046348278625445,-16.832993293053043,0.0,1.0
507,16,11,-12.046348278625445,-16.832993293053043,0.0,1.0
508,16,12,-11.046348278625445,-16.832993293053043,0.0,1.0
509,16,13,-10.046348278625445,-16.832993293053043,0.0,1.0
510,16,14,-9.046348278625445,-16.832993293053043,0.0,1.0
511,16,15,-8.046348278625445,-16.832993293053043,0.0,1.0
512,16,16,-7.0463482786254446,-16.832993293053043,0.0,1.0
513,16,17,-6.0463482786254446,-16.832993293053043,0.0,1.0
514,16,18,-5.0463482786254446,-16.832993293053043,0.0,1.0
515,16,19,-4.0463482786254446,-16.832993293053043,0.0,1.0
516,16,20,-3.0463482786254446,-16.832993293053043,0.0,1.0
517,16,21,-2.0463482786254446,-16.832993293053043,0.0,1.0
518,16,22,-1.0463482786254446,-16.832993293053043,0.0,1.0
519,16,23,-0.04634827862544455,-16.832993293053043,0.9642857142857143,0.0357142857142857
520,16,24,0.9536517213745554,-16.832993293053043,0.0,1.0
521,16,25,1.9536517213745554,-16.832993293053043,0.0,1.0
522,16,26,2.9536517213745554,-16.832993293053043,0.0,1.0
523,16,27,3.9536517213745554,-16.832993293053043,0.0,1.0
524,16,28,4.9536517213745554,-16.832993293053043,0.0,1.0
525,16,29,5.9536517213745554,-16.832993293053043,0.0,1.0
526,16,30,6.9536517213745554,-16.832993293053043,0.0,1.0
527,17,0,-23.046348278625445,-15.832993293053043,0.0,1.0
528,17,1,-22.046348278625445,-15.832993293053043,0.0,1.0
529,17,2,-21.046348278625445,-15.832993293053043,0.0,1.0
530,17,3,-20.046348278625445,-15.832993293053043,0.0,1.0
531,17,4,-19.046348278625445,-15.832993293053043,0.9,0.09999999999999998
532,17,5,-18.046348278625445,-15.832993293053043,0.0,1.0
533,17,6,-17.046348278625445,-15.832993293053043,0.0,1.0
534,17,7,-16.046348278625445,-15.832993293053043,0.0,1.0
535,17,8,-15.046348278625445,-15.832993293053043,0.0,1.0
536,17,9,-14.046348278625445,-15.832993293053043,0.0,1.0
537,17,10,-13.046348278625445,-15.832993293053043,0.0,1.0
538,17,11,-12.046348278625445,-15.832993293053043,0.0,1.0
539,17,12,-11.046348278625445,-15.832993293053043,0.0,1.0
540,17,13,-10.046348278625445,-15.832993293053043,0.0,1.0
541,17,14,-9.046348278625445,-15.832993293053043,0.0,1.0
542,17,15,-8.046348278625445,-15.832993293053043,0.0,1.0
543,17,16,-7.0463482786254446,-15.832993293053043,0.0,1.0
544,17,17,-6.0463482786254446,-15.832993293053043,0.0,1.0
545,17,18,-5.0463482786254446,-15.832993293053043,0.0,1.0
546,17,19,-4.0463482786254446,-15.832993293053043,0.0,1.0
547,17,20,-3.0463482786254446,-15.832993293053043,0.0,1.0
548,17,21,-2.0463482786254446,-15.832993293053043,0.0,1.0
549,17,22,-1.0463482786254446,-15.832993293053043,0.9,0.09999999999999998
550,17,23,-0.04634827862544455,-15.832993293053043,0.0,1.0
551,17,24,0.9536517213745554,-15.832993293053043,0.0,1.0
552,17,25,1.9536517213745554,-15.832993293053043,0.0,1.0
553,17,26,2.9536517213745554,-15.832993293053043,0.0,1.0
554,17,27,3.9536517213745554,-15.832993293053043,0.0,1.0
555,17,28,4.9536517213745554,-15.832993293053043,0.0,1.0
556,17,29,5.9536517213745554,-15.832993293053043,0.0,1.0
557,17,30,6.9536517213745554,-15.832993293053043,0.0,1.0
558,18,0,-23.046348278625445,-14.832993293053043,0.0,1.0
559,18,1,-22.046348278625445,-14.832993293053043,0.0,1.0
560,18,2,-21.046348278625445,-14.832993293053043,0.0,1.0
561,18,3,-20.046348278625445,-14.832993293053043,0.0,1.0
562,18,4,-19.046348278625445,-14.832993293053043,0.0,1.0
563,18,5,-18.046348278625445,-14.832993293053043,0.0,1.0
564,18,6,-17.046348278625445,-14.832993293053043,0.0,1.0
565,18,7,-16.046348278625445,-14.832993293053043,0.0,1.0
566,18,8,-15.046348278625445,-14.832993293053043,0.0,1.0
567,18,9,-14.046348278625445,-14.832993293053043,0.0,1.0
568,18,10,-13.046348278625445,-14.832993293053043,0.0,1.0
569,18,11,-12.046348278625445,-14.832993293053043,0.0,1.0
570,18,12,-11.046348278625445,-14.832993293053043,0.0,1.0
571,18,13,-10.046348278625445,-14.832993293053043,0.0,1.0
572,18,14,-9.046348278625445,-14.832993293053043,0.0,1.0
573,18,15,-8.046348278625445,-14.832993293053043,0.0,1.0
574,18,16,-7.0463482786254446,-14.832993293053043,0.0,1.0
575,18,17,-6.0463482786254446,-14.832993293053043,0.0,1.0
576,18,18,-5.0463482786254446,-14.832993293053043,0.0,1.0
577,18,19,-4.0463482786254446,-14.832993293053043,0.0,1.0
578,18,20,-3.0463482786254446,-14.832993293053043,0.0,1.0
579,18,21,-2.0463482786254446,-14.832993293053043,0.0,1.0
580,18,22,-1.0463482786254446,-14.832993293053043,0.8964285714285715,0.10357142857142854
581,18,23,-0.04634827862544455,-14.832993293053043,0.0,1.0
582,18,24,0.9536517213745554,-14.832993293053043,0.0,1.0
583,18,25,1.9536517213745554,-14.832993293053043,0.0,1.0
584,18,26,2.9536517213745554,-14.832993293053043,0.0,1.0
585,18,27,3.9536517213745554,-14.832993293053043,0.0,1.0
586,18,28,4.9536517213745554,-14.832993293053043,0.0,1.0
587,18,29,5.9536517213745554,-14.832993293053043,0.0,1.0
588,18,30,6.9536517213745554,-14.832993293053043,0.0,1.0
589,19,0,-23.046348278625445,-13.832993293053043,0.0,1.0
590,19,1,-22.046348278625445,-13.832993293053043,0.0,1.0
591,19,2,-21.046348278625445,-13.832993293053043,0.0,1.0
592,19,3,-20.046348278625445,-13.832993293053043,0.0,1.0
593,19,4,-19.046348278625445,-13.832993293053043,0.0,1.0
594,19,5,-18.046348278625445,-13.832993293053043,0.0,1.0
595,19,6,-17.046348278625445,-13.832993293053043,0.0,1.0
596,19,7,-16.046348278625445,-13.832993293053043,0.0,1.0
597,19,8,-15.046348278625445,-13.832993293053043,0.0,1.0
598,19,9,-14.046348278625445,-13.832993293053043,0.0,1.0
599,19,10,-13.046348278625445,-13.832993293053043,0.0,1.0
600,19,11,-12.046348278625445,-13.832993293053043,0.0,1.0
601,19,12,-11.046348278625445,-13.832993293053043,0.0,1.0
602,19,13,-10.046348278625445,-13.832993293053043,0.0,1.0
603,19,14,-9.046348278625445,-13.832993293053043,0.0,1.0
604,19,15,-8.046348278625445,-13.832993293053043,0.0,1.0
605,19,16,-7.0463482786254446,-13.832993293053043,0.0,1.0
606,19,17,-6.0463482786254446,-13.832993293053043,0.0,1.0
607,19,18,-5.0463482786254446,-13.832993293053043,0.0,1.0
608,19,19,-4.0463482786254446,-13.832993293053043,0.0,1.0
609,19,20,-3.0463482786254446,-13.832993293053043,0.0,1.0
610,19,21,-2.0463482786254446,-13.832993293053043,0.8857142857142857,0.11428571428571432
611,19,22,-1.0463482786254446,-13.832993293053043,0.0,1.0
612,19,23,-0.04634827862544455,-13.832993293053043,0.0,1.0
613,19,24,0.9536517213745554,-13.832993293053043,0.0,1.0
614,19,25,1.9536517213745554,-13.832993293053043,0.0,1.0
615,19,26,2.9536517213745554,-13.832993293053043,0.0,1.0
616,19,27,3.9536517213745554,-13.832993293053043,0.0,1.0
617,19,28,4.9536517213745554,-13.832993293053043,0.0,1.0
618,19,29,5.9536517213745554,-13.832993293053043,0.0,1.0
619,19,30,6.9536517213745554,-13.832993293053043,0.0,1.0
620,20,0,-23.046348278625445,-12.832993293053043,0.0,1.0
621,20,1,-22.046348278625445,-12.832993293053043,0.0,1.0
622,20,2,-21.046348278625445,-12.832993293053043,0.0,1.0
623,20,3,-20.046348278625445,-12.832993293053043,0.0,1.0
624,20,4,-19.046348278625445,-12.832993293053043,0.0,1.0
625,20,5,-18.046348278625445,-12.832993293053043,0.0,1.0
626,20,6,-17.046348278625445,-12.832993293053043,0.0,1.0
627,20,7,-16.046348278625445,-12.832993293053043,0.0,1.0
628,20,8,-15.046348278625445,-12.832993293053043,0.0,1.0
629,20,9,-14.046348278625445,-12.832993293053043,0.0,1.0
630,20,10,-13.046348278625445,-12.832993293053043,0.0,1.0
631,20,11,-12.046348278625445,-12.832993293053043,0.0,1.0
632,20,12,-11.046348278625445,-12.832993293053043,0.0,1.0
633,20,13,-10.046348278625445,-12.832993293053043,0.0,1.0
634,20,14,-9.046348278625445,-12.832993293053043,0.0,1.0
635,20,15,-8.046348278625445,-12.832993293053043,0.0,1.0
636,20,16,-7.0463482786254446,-12.832993293053043,0.0,1.0
637,20,17,-6.0463482786254446,-12.832993293053043,0.0,1.0
638,20,18,-5.0463482786254446,-12.832993293053043,0.0,1.0
639,20,19,-4.0463482786254446,-12.832993293053043,0.0,1.0
640,20,20,-3.0463482786254446,-12.832993293053043,0.0,1.0
641,20,21,-2.0463482786254446,-12.832993293053043,0.8928571428571429,0.1071428571428571
642,20,22,-1.0463482786254446,-12.832993293053043,0.0,1.0
643,20,23,-0.04634827862544455,-12.832993293053043,0.0,1.0
644,20,24,0.9536517213745554,-12.832993293053043,0.0,1.0
645,20,25,1.9536517213745554,-12.832993293053043,0.0,1.0
646,20,26,2.9536517213745554,-12.832993293053043,0.0,1.0
647,20,27,3.9536517213745554,-12.832993293053043,0.0,1.0
648,20,28,4.9536517213745554,-12.832993293053043,0.0,1.0
649,20,29,5.9536517213745554,-12.832993293053043,0.0,1.0
650,20,30,6.9536517213745554,-12.832993293053043,0.0,1.0
651,21,0,-23.046348278625445,-11.832993293053043,0.0,1.0
652,21,1,-22.046348278625445,-11.832993293053043,0.0,1.0
653,21,2,-21.046348278625445,-11.832993293053043,0.0,1.0
654,21,3,-20.046348278625445,-11.832993293053043,0.0,1.0
655,21,4,-19.046348278625445,-11.832993293053043,0.0,1.0
656,21,5,-18.046348278625445,-11.832993293053043,0.0,1.0
657,21,6,-17.046348278625445,-11.832993293053043,0.0,1.0
658,21,7,-16.046348278625445,-11.832993293053043,0.0,1.0
659,21,8,-15.046348278625445,-11.832993293053043,0.0,1.0
660,21,9,-14.046348278625445,-11.832993293053043,0.0,1.0
661,21,10,-13.046348278625445,-11.832993293053043,0.0,1.0
662,21,11,-12.046348278625445,-11.832993293053043,0.0,1.0
663,21,12,-11.046348278625445,-11.832993293053043,0.0,1.0
664,21,13,-10.046348278625445,-11.832993293053043,0.0,1.0
665,21,14,-9.046348278625445,-11.832993293053043,0.0,1.0
666,21,15,-8.046348278625445,-11.832993293053043,0.0,1.0
667,21,16,-7.0463482786254446,-11.832993293053043,0.0,1.0
668,21,17,-6.0463482786254446,-11.832993293053043,0.0,1.0
669,21,18,-5.0463482786254446,-11.832993293053043,0.0,1.0
670,21,19,-4.0463482786254446,-11.832993293053043,0.0,1.0
671,21,20,-3.0463482786254446,-11.832993293053043,0.8571428571428571,0.1428571428571429
672,21,21,-2.0463482786254446,-11.832993293053043,0.0,1.0
673,21,22,-1.0463482786254446,-11.832993293053043,0.0,1.0
674,21,23,-0.04634827862544455,-11.832993293053043,0.0,1.0
675,21,24,0.9536517213745554,-11.832993293053043,0.0,1.0
676,21,25,1.9536517213745554,-11.832993293053043,0.0,1.0
677,21,26,2.9536517213745554,-11.832993293053043,0.0,1.0
678,21,27,3.9536517213745554,-11.832993293053043,0.0,1.0
679,21,28,4.9536517213745554,-11.832993293053043,0.0,1.0
680,21,29,5.9536517213745554,-11.832993293053043,0.0,1.0
681,21,30,6.9536517213745554,-11.832993293053043,0.0,1.0
682,22,0,-23.046348278625445,-10.832993293053043,0.0,1.0
683,22,1,-22.046348278625445,-10.832993293053043,0.0,1.0
684,22,2,-21.046348278625445,-10.832993293053043,0.0,1.0
685,22,3,-20.046348278625445,-10.832993293053043,0.0,1.0
686,22,4,-19.046348278625445,-10.832993293053043,0.0,1.0
687,22,5,-18.046348278625445,-10.832993293053043,0.0,1.0
688,22,6,-17.046348278625445,-10.832993293053043,0.0,1.0
689,22,7,-16.046348278625445,-10.832993293053043,0.0,1.0
690,22,8,-15.046348278625445,-10.832993293053043,0.0,1.0
691,22,9,-14.046348278625445,-10.832993293053043,0.0,1.0
692,22,10,-13.046348278625445,-10.832993293053043,0.0,1.0
693,22,11,-12.046348278625445,-10.832993293053043,0.0,1.0
694,22,12,-11.046348278625445,-10.832993293053043,0.0,1.0
695,22,13,-10.046348278625445,-10.832993293053043,0.0,1.0
696,22,14,-9.046348278625445,-10.832993293053043,0.0,1.0
697,22,15,-8.046348278625445,-10.832993293053043,0.0,1.0
698,22,16,-7.0463482786254446,-10.832993293053043,0.0,1.0
699,22,17,-6.0463482786254446,-10.832993293053043,0.0,1.0
700,22,18,-5.0463482786254446,-10.832993293053043,0.0,1.0
701,22,19,-4.0463482786254446,-10.832993293053043,0.0,1.0
702,22,20,-3.0463482786254446,-10.832993293053043,0.8928571428571429,0.1071428571428571
703,22,21,-2.0463482786254446,-10.832993293053043,0.0,1.0
704,22,22,-1.0463482786254446,-10.832993293053043,0.0,1.0
705,22,23,-0.04634827862544455,-10.832993293053043,0.0,1.0
706,22,24,0.9536517213745554,-10.832993293053043,0.0,1.0
707,22,25,1.9536517213745554,-10.832993293053043,0.0,1.0
708,22,26,2.9536517213745554,-10.832993293053043,0.0,1.0
709,22,27,3.9536517213745554,-10.832993293053043,0.0,1.0
710,22,28,4.9536517213745554,-10.832993293053043,0.0,1.0
711,22,29,5.9536517213745554,-10.832993293053043,0.0,1.0
712,22,30,6.9536517213745554,-10.832993293053043,0.0,1.0
713,23,0,-23.046348278625445,-9.832993293053043,0.0,1.0
714,23,1,-22.046348278625445,-9.832993293053043,0.0,1.0
715,23,2,-21.046348278625445,-9.832993293053043,0.0,1.0
716,23,3,-20.046348278625445,-9.832993293053043,0.0,1.0
717,23,4,-19.046348278625445,-9.832993293053043,0.0,1.0
718,23,5,-18.046348278625445,-9.832993293053043,0.0,1.0
719,23,6,-17.046348278625445,-9.832993293053043,0.0,1.0
720,23,7,-16.046348278625445,-9.832993293053043,0.0,1.0
721,23,8,-15.046348278625445,-9.832993293053043,0.0,1.0
722,23,9,-14.046348278625445,-9.832993293053043,0.0,1.0
723,23,10,-13.046348278625445,-9.832993293053043,0.0,1.0
724,23,11,-12.046348278625445,-9.832993293053043,0.0,1.0
725,23,12,-11.046348278625445,-9.832993293053043,0.0,1.0
726,23,13,-10.046348278625445,-9.832993293053043,0.0,1.0
727,23,14,-9.046348278625445,-9.832993293053043,0.0,1.0
728,23,15,-8.046348278625445,-9.832993293053043,0.0,1.0
729,23,16,-7.0463482786254446,-9.832993293053043,0.0,1.0
730,23,17,-6.0463482786254446,-9.832993293053043,0.0,1.0
731,23,18,-5.0463482786254446,-9.832993293053043,0.0,1.0
732,23,19,-4.0463482786254446,-9.832993293053043,0.0,1.0
733,23,20,-3.0463482786254446,-9.832993293053043,0.888095238095238,0.11190476190476195
734,23,21,-2.0463482786254446,-9.832993293053043,0.9142857142857143,0.08571428571428574
735,23,22,-1.0463482786254446,-9.832993293053043,0.0,1.0
736,23,23,-0.04634827862544455,-9.832993293053043,0.0,1.0
737,23,24,0.9536517213745554,-9.832993293053043,0.0,1.0
738,23,25,1.9536517213745554,-9.832993293053043,0.0,1.0
739,23,26,2.9536517213745554,-9.832993293053043,0.0,1.0
740,23,27,3.9536517213745554,-9.832993293053043,0.0,1.0
741,23,28,4.9536517213745554,-9.832993293053043,0.0,1.0
742,23,29,5.9536517213745554,-9.832993293053043,0.0,1.0
743,23,30,6.9536517213745554,-9.832993293053043,0.0,1.0
744,24,0,-23.046348278625445,-8.832993293053043,0.0,1.0
745,24,1,-22.046348278625445,-8.832993293053043,0.0,1.0
746,24,2,-21.046348278625445,-8.832993293053043,0.0,1.0
747,24,3,-20.046348278625445,-8.832993293053043,0.0,1.0
748,24,4,-19.046348278625445,-8.832993293053043,0.0,1.0
749,24,5,-18.046348278625445,-8.832993293053043,0.0,1.0
750,24,6,-17.046348278625445,-8.832993293053043,0.0,1.0
751,24,7,-16.046348278625445,-8.832993293053043,0.0,1.0
752,24,8,-15.046348278625445,-8.832993293053043,0.0,1.0
753,24,9,-14.046348278625445,-8.832993293053043,0.0,1.0
754,24,10,-13.046348278625445,-8.832993293053043,0.0,1.0
755,24,11,-12.046348278625445,-8.832993293053043,0.0,1.0
756,24,12,-11.046348278625445,-8.832993293053043,0.0,1.0
757,24,13,-10.046348278625445,-8.832993293053043,0.0,1.0
758,24,14,-9.046348278625445,-8.832993293053043,0.0,1.0
759,24,15,-8.046348278625445,-8.832993293053043,0.0,1.0
760,24,16,-7.0463482786254446,-8.832993293053043,0.0,1.0
761,24,17,-6.0463482786254446,-8.832993293053043,0.0,1.0
762,24,18,-5.0463482786254446,-8.832993293053043,0.0,1.0
763,24,19,-4.0463482786254446,-8.832993293053043,0.0,1.0
764,24,20,-3.0463482786254446,-8.832993293053043,0.8714285714285714,0.12857142857142856
765,24,21,-2.0463482786254446,-8.832993293053043,0.0,1.0
766,24,22,-1.0463482786254446,-8.832993293053043,0.0,1.0
767,24,23,-0.04634827862544455,-8.832993293053043,0.0,1.0
768,24,24,0.9536517213745554,-8.832993293053043,0.0,1.0
769,24,25,1.9536517213745554,-8.832993293053043,0.0,1.0
770,24,26,2.9536517213745554,-8.832993293053043,0.0,1.0
771,24,27,3.9536517213745554,-8.832993293053043,0.0,1.0
772,24,28,4.9536517213745554,-8.832993293053043,0.0,1.0
773,24,29,5.9536517213745554,-8.832993293053043,0.0,1.0
774,24,30,6.9536517213745554,-8.832993293053043,0.0,1.0
775,25,0,-23.046348278625445,-7.832993293053043,0.0,1.0
776,25,1,-22.046348278625445,-7.832993293053043,0.0,1.0
777,25,2,-21.046348278625445,-7.832993293053043,0.0,1.0
778,25,3,-20.046348278625445,-7.832993293053043,0.0,1.0
779,25,4,-19.046348278625445,-7.832993293053043,0.0,1.0
780,25,5,-18.046348278625445,-7.832993293053043,0.0,1.0
781,25,6,-17.046348278625445,-7.832993293053043,0.0,1.0
782,25,7,-16.046348278625445,-7.832993293053043,0.0,1.0
783,25,8,-15.046348278625445,-7.832993293053043,0.0,1.0
784,25,9,-14.046348278625445,-7.832993293053043,0.0,1.0
785,25,10,-13.046348278625445,-7.832993293053043,0.0,1.0
786,25,11,-12.046348278625445,-7.832993293053043,0.0,1.0
787,25,12,-11.046348278625445,-7.832993293053043,0.0,1.0
788,25,13,-10.046348278625445,-7.832993293053043,0.0,1.0
789,25,14,-9.046348278625445,-7.832993293053043,0.0,1.0
790,25,15,-8.046348278625445,-7.832993293053043,0.0,1.0
791,25,16,-7.0463482786254446,-7.832993293053043,0.0,1.0
792,25,17,-6.0463482786254446,-7.832993293053043,0.0,1.0
793,25,18,-5.0463482786254446,-7.832993293053043,0.0,1.0
794,25,19,-4.0463482786254446,-7.832993293053043,0.0,1.0
795,25,20,-3.0463482786254446,-7.832993293053043,0.9,0.09999999999999998
796,25,21,-2.0463482786254446,-7.832993293053043,0.0,1.0
797,25,22,-1.0463482786254446,-7.832993293053043,0.0,1.0
798,25,23,-0.04634827862544455,-7.832993293053043,0.0,1.0
799,25,24,0.9536517213745554,-7.832993293053043,0.0,1.0
800,25,25,1.9536517213745554,-7.832993293053043,0.0,1.0
801,25,26,2.9536517213745554,-7.832993293053043,0.0,1.0
802,25,27,3.9536517213745554,-7.832993293053043,0.0,1.0
803,25,28,4.9536517213745554,-7.832993293053043,0.0,1.0
804,25,29,5.9536517213745554,-7.832993293053043,0.0,1.0
805,25,30,6.9536517213745554,-7.832993293053043,0.0,1.0
806,26,0,-23.046348278625445,-6.832993293053043,0.0,1.0
807,26,1,-22.046348278625445,-6.832993293053043,0.0,1.0
808,26,2,-21.046348278625445,-6.832993293053043,0.0,1.0
809,26,3,-20.046348278625445,-6.832993293053043,0.0,1.0
810,26,4,-19.046348278625445,-6.832993293053043,0.0,1.0
811,26,5,-18.046348278625445,-6.832993293053043,0.0,1.0
812,26,6,-17.046348278625445,-6.832993293053043,0.0,1.0
813,26,7,-16.046348278625445,-6.832993293053043,0.0,1.0
814,26,8,-15.046348278625445,-6.832993293053043,0.0,1.0
815,26,9,-14.046348278625445,-6.832993293053043,0.0,1.0
816,26,10,-13.046348278625445,-6.832993293053043,0.0,1.0
817,26,11,-12.046348278625445,-6.832993293053043,0.0,1.0
818,26,12,-11.046348278625445,-6.832993293053043,0.0,1.0
819,26,13,-10.046348278625445,-6.832993293053043,0.0,1.0
820,26,14,-9.046348278625445,-6.832993293053043,0.0,1.0
821,26,15,-8.046348278625445,-6.832993293053043,0.0,1.0
822,26,16,-7.0463482786254446,-6.832993293053043,0.0,1.0
823,26,17,-6.0463482786254446,-6.832993293053043,0.0,1.0
824,26,18,-5.0463482786254446,-6.832993293053043,0.0,1.0
825,26,19,-4.0463482786254446,-6.832993293053043,0.0,1.0
826,26,20,-3.0463482786254446,-6.832993293053043,0.8535714285714285,0.14642857142857146
827,26,21,-2.0463482786254446,-6.832993293053043,0.9071428571428571,0.09285714285714286
828,26,22,-1.0463482786254446,-6.832993293053043,0.0,1.0
829,26,23,-0.04634827862544455,-6.832993293053043,0.0,1.0
830,26,24,0.9536517213745554,-6.832993293053043,0.0,1.0
831,26,25,1.9536517213745554,-6.832993293053043,0.0,1.0
832,26,26,2.9536517213745554,-6.832993293053043,0.0,1.0
833,26,27,3.9536517213745554,-6.832993293053043,0.0,1.0
834,26,28,4.9536517213745554,-6.832993293053043,0.0,1.0
835,26,29,5.9536517213745554,-6.832993293053043,0.0,1.0
836,26,30,6.9536517213745554,-6.832993293053043,0.0,1.0
837,27,0,-23.046348278625445,-5.832993293053043,0.0,1.0
838,27,1,-22.046348278625445,-5.832993293053043,0.0,1.0
839,27,2,-21.046348278625445,-5.832993293053043,0.0,1.0
840,27,3,-20.046348278625445,-5.832993293053043,0.0,1.0
841,27,4,-19.046348278625445,-5.832993293053043,0.0,1.0
842,27,5,-18.046348278625445,-5.832993293053043,0.0,1.0
843,27,6,-17.046348278625445,-5.832993293053043,0.0,1.0
844,27,7,-16.046348278625445,-5.832993293053043,0.0,1.0
845,27,8,-15.046348278625445,-5.832993293053043,0.0,1.0
846,27,9,-14.046348278625445,-5.832993293053043,0.0,1.0
847,27,10,-13.046348278625445,-5.832993293053043,0.0,1.0
848,27,11,-12.046348278625445,-5.832993293053043,0.0,1.0
849,27,12,-11.046348278625445,-5.832993293053043,0.0,1.0
850,27,13,-10.046348278625445,-5.832993293053043,0.0,1.0
851,27,14,-9.046348278625445,-5.832993293053043,0.0,1.0
852,27,15,-8.046348278625445,-5.832993293053043,0.0,1.0
853,27,16,-7.0463482786254446,-5.832993293053043,0.0,1.0
854,27,17,-6.0463482786254446,-5.832993293053043,0.0,1.0
855,27,18,-5.0463482786254446,-5.832993293053043,0.0,1.0
856,27,19,-4.0463482786254446,-5.832993293053043,0.8857142857142857,0.11428571428571432
857,27,20,-3.0463482786254446,-5.832993293053043,0.9071428571428571,0.09285714285714286
858,27,21,-2.0463482786254446,-5.832993293053043,0.8571428571428571,0.1428571428571429
859,27,22,-1.0463482786254446,-5.832993293053043,0.0,1.0
860,27,23,-0.04634827862544455,-5.832993293053043,0.0,1.0
861,27,24,0.9536517213745554,-5.832993293053043,0.0,1.0
862,27,25,1.9536517213745554,-5.832993293053043,0.0,1.0
863,27,26,2.9536517213745554,-5.832993293053043,0.0,1.0
864,27,27,3.9536517213745554,-5.832993293053043,0.0,1.0
865,27,28,4.9536517213745554,-5.832993293053043,0.0,1.0
866,27,29,5.9536517213745554,-5.832993293053043,0.0,1.0
867,27,30,6.9536517213745554,-5.832993293053043,0.0,1.0
868,28,0,-23.046348278625445,-4.832993293053043,0.0,1.0
869,28,1,-22.046348278625445,-4.832993293053043,0.0,1.0
870,28,2,-21.046348278625445,-4.832993293053043,0.0,1.0
871,28,3,-20.046348278625445,-4.832993293053043,0.0,1.0
872,28,4,-19.046348278625445,-4.832993293053043,0.0,1.0
873,28,5,-18.046348278625445,-4.832993293053043,0.0,1.0
874,28,6,-17.046348278625445,-4.832993293053043,0.0,1.0
875,28,7,-16.046348278625445,-4.832993293053043,0.0,1.0
876,28,8,-15.046348278625445,-4.832993293053043,0.0,1.0
877,28,9,-14.046348278625445,-4.832993293053043,0.0,1.0
878,28,10,-13.046348278625445,-4.832993293053043,0.0,1.0
879,28,11,-12.046348278625445,-4.832993293053043,0.0,1.0
880,28,12,-11.046348278625445,-4.832993293053043,0.0,1.0
881,28,13,-10.046348278625445,-4.832993293053043,0.0,1.0
882,28,14,-9.046348278625445,-4.832993293053043,0.0,1.0
883,28,15,-8.046348278625445,-4.832993293053043,0.0,1.0
884,28,16,-7.0463482786254446,-4.832993293053043,0.0,1.0
885,28,17,-6.0463482786254446,-4.832993293053043,0.0,1.0
886,28,18,-5.0463482786254446,-4.832993293053043,0.0,1.0
887,28,19,-4.0463482786254446,-4.832993293053043,0.9071428571428571,0.09285714285714286
888,28,20,-3.0463482786254446,-4.832993293053043,0.9071428571428571,0.09285714285714286
889,28,21,-2.0463482786254446,-4.832993293053043,0.8785714285714286,0.12142857142857144
890,28,22,-1.0463482786254446,-4.832993293053043,0.0,1.0
891,28,23,-0.04634827862544455,-4.832993293053043,0.0,1.0
892,28,24,0.9536517213745554,-4.832993293053043,0.0,1.0
893,28,25,1.9536517213745554,-4.832993293053043,0.0,1.0
894,28,26,2.9536517213745554,-4.832993293053043,0.0,1.0
895,28,27,3.9536517213745554,-4.832993293053043,0.0,1.0
896,28,28,4.9536517213745554,-4.832993293053043,0.0,1.0
897,28,29,5.9536517213745554,-4.832993293053043,0.0,1.0
898,28,30,6.9536517213745554,-4.832993293053043,0.0,1.0
899,29,0,-23.046348278625445,-3.8329932930530433,0.0,1.0
900,29,1,-22.046348278625445,-3.8329932930530433,0.0,1.0
901,29,2,-21.046348278625445,-3.8329932930530433,0.0,1.0
902,29,3,-20.046348278625445,-3.8329932930530433,0.0,1.0
903,29,4,-19.046348278625445,-3.8329932930530433,0.0,1.0
904,29,5,-18.046348278625445,-3.8329932930530433,0.0,1.0
905,29,6,-17.046348278625445,-3.8329932930530433,0.0,1.0
906,29,7,-16.046348278625445,-3.8329932930530433,0.0,1.0
907,29,8,-15.046348278625445,-3.8329932930530433,0.0,1.0
908,29,9,-14.046348278625445,-3.8329932930530433,0.0,1.0
909,29,10,-13.046348278625445,-3.8329932930530433,0.0,1.0
910,29,11,-12.046348278625445,-3.8329932930530433,0.0,1.0
911,29,12,-11.046348278625445,-3.8329932930530433,0.0,1.0
912,29,13,-10.046348278625445,-3.8329932930530433,0.0,1.0
913,29,14,-9.046348278625445,-3.8329932930530433,0.0,1.0
914,29,15,-8.046348278625445,-3.8329932930530433,0.0,1.0
915,29,16,-7.0463482786254446,-3.8329932930530433,0.0,1.0
916,29,17,-6.0463482786254446,-3.8329932930530433,0.0,1.0
917,29,18,-5.0463482786254446,-3.8329932930530433,0.0,1.0
918,29,19,-4.0463482786254446,-3.8329932930530433,0.0,1.0
919,29,20,-3.0463482786254446,-3.8329932930530433,0.8821428571428571,0.11785714285714288
920,29,21,-2.0463482786254446,-3.8329932930530433,0.9357142857142857,0.06428571428571428
921,29,22,-1.0463482786254446,-3.8329932930530433,0.0,1.0
922,29,23,-0.04634827862544455,-3.8329932930530433,0.0,1.0
923,29,24,0.9536517213745554,-3.8329932930530433,0.0,1.0
924,29,25,1.9536517213745554,-3.8329932930530433,0.0,1.0
925,29,26,2.9536517213745554,-3.8329932930530433,0.0,1.0
926,29,27,3.9536517213745554,-3.8329932930530433,0.0,1.0
927,29,28,4.9536517213745554,-3.8329932930530433,0.0,1.0
928,29,29,5.9536517213745554,-3.8329932930530433,0.0,1.0
929,29,30,6.9536517213745554,-3.8329932930530433,0.0,1.0
930,30,0,-23.046348278625445,-2.8329932930530433,0.0,1.0
931,30,1,-22.046348278625445,-2.8329932930530433,0.0,1.0
932,30,2,-21.046348278625445,-2.8329932930530433,0.0,1.0
933,30,3,-20.046348278625445,-2.8329932930530433,0.0,1.0
934,30,4,-19.046348278625445,-2.8329932930530433,0.0,1.0
935,30,5,-18.046348278625445,-2.8329932930530433,0.0,1.0
936,30,6,-17.046348278625445,-2.8329932930530433,0.0,1.0
937,30,7,-16.046348278625445,-2.8329932930530433,0.0,1.0
938,30,8,-15.046348278625445,-2.8329932930530433,0.0,1.0
939,30,9,-14.046348278625445,-2.8329932930530433,0.0,1.0
940,30,10,-13.046348278625445,-2.8329932930530433,0.0,1.0
941,30,11,-12.046348278625445,-2.8329932930530433,0.0,1.0
942,30,12,-11.046348278625445,-2.8329932930530433,0.0,1.0
943,30,13,-10.046348278625445,-2.8329932930530433,0.0,1.0
944,30,14,-9.046348278625445,-2.8329932930530433,0.0,1.0
945,30,15,-8.046348278625445,-2.8329932930530433,0.0,1.0
946,30,16,-7.0463482786254446,-2.8329932930530433,0.0,1.0
947,30,17,-6.0463482786254446,-2.8329932930530433,0.0,1.0
948,30,18,-5.0463482786254446,-2.8329932930530433,0.0,1.0
949,30,19,-4.0463482786254446,-2.8329932930530433,0.0,1.0
950,30,20,-3.0463482786254446,-2.8329932930530433,0.9142857142857143,0.08571428571428574
951,30,21,-2.0463482786254446,-2.8329932930530433,0.0,1.0
952,30,22,-1.0463482786254446,-2.8329932930530433,0.0,1.0
953,30,23,-0.04634827862544455,-2.8329932930530433,0.0,1.0
954,30,24,0.9536517213745554,-2.8329932930530433,0.0,1.0
955,30,25,1.9536517213745554,-2.8329932930530433,0.0,1.0
956,30,26,2.9536517213745554,-2.8329932930530433,0.0,1.0
957,30,27,3.9536517213745554,-2.8329932930530433,0.0,1.0
958,30,28,4.9536517213745554,-2.8329932930530433,0.0,1.0
959,30,29,5.9536517213745554,-2.8329932930530433,0.0,1.0
960,30,30,6.9536517213745554,-2.8329932930530433,0.0,1.0
961,31,0,-23.046348278625445,-1.8329932930530433,0.0,1.0
962,31,1,-22.046348278625445,-1.8329932930530433,0.0,1.0
963,31,2,-21.046348278625445,-1.8329932930530433,0.0,1.0
964,31,3,-20.046348278625445,-1.8329932930530433,0.0,1.0
965,31,4,-19.046348278625445,-1.8329932930530433,0.0,1.0
966,31,5,-18.046348278625445,-1.8329932930530433,0.0,1.0
967,31,6,-17.046348278625445,-1.8329932930530433,0.0,1.0
968,31,7,-16.046348278625445,-1.8329932930530433,0.0,1.0
969,31,8,-15.046348278625445,-1.8329932930530433,0.0,1.0
970,31,9,-14.046348278625445,-1.8329932930530433,0.0,1.0
971,31,10,-13.046348278625445,-1.8329932930530433,0.0,1.0
972,31,11,-12.046348278625445,-1.8329932930530433,0.0,1.0
973,31,12,-11.046348278625445,-1.8329932930530433,0.0,1.0
974,31,13,-10.046348278625445,-1.8329932930530433,0.0,1.0
975,31,14,-9.046348278625445,-1.8329932930530433,0.0,1.0
976,31,15,-8.046348278625445,-1.8329932930530433,0.0,1.0
977,31,16,-7.0463482786254446,-1.8329932930530433,0.0,1.0
978,31,17,-6.0463482786254446,-1.8329932930530433,0.0,1.0
979,31,18,-5.0463482786254446,-1.8329932930530433,0.0,1.0
980,31,19,-4.0463482786254446,-1.8329932930530433,0.0,1.0
981,31,20,-3.0463482786254446,-1.8329932930530433,0.9142857142857143,0.08571428571428574
982,31,21,-2.0463482786254446,-1.8329932930530433,0.0,1.0
983,31,22,-1.0463482786254446,-1.8329932930530433,0.0,1.0
984,31,23,-0.04634827862544455,-1.8329932930530433,0.0,1.0
985,31,24,0.9536517213745554,-1.8329932930530433,0.0,1.0
986,31,25,1.9536517213745554,-1.8329932930530433,0.0,1.0
987,31,26,2.9536517213745554,-1.8329932930530433,0.0,1.0
988,31,27,3.9536517213745554,-1.8329932930530433,0.0,1.0
989,31,28,4.9536517213745554,-1.8329932930530433,0.0,1.0
990,31,29,5.9536517213745554,-1.8329932930530433,0.0,1.0
991,31,30,6.9536517213745554,-1.8329932930530433,0.0,1.0
992,32,0,-23.046348278625445,-0.8329932930530433,0.0,1.0
993,32,1,-22.046348278625445,-0.8329932930530433,0.0,1.0
994,32,2,-21.046348278625445,-0.8329932930530433,0.0,1.0
995,32,3,-20.046348278625445,-0.8329932930530433,0.0,1.0
996,32,4,-19.046348278625445,-0.8329932930530433,0.0,1.0
997,32,5,-18.046348278625445,-0.8329932930530433,0.0,1.0
998,32,6,-17.046348278625445,-0.8329932930530433,0.0,1.0
999,32,7,-16.046348278625445,-0.8329932930530433,0.0,1.0
1000,32,8,-15.046348278625445,-0.8329932930530433,0.0,1.0
1001,32,9,-14.046348278625445,-0.8329932930530433,0.0,1.0
1002,32,10,-13.046348278625445,-0.8329932930530433,0.0,1.0
1003,32,11,-12.046348278625445,-0.8329932930530433,0.0,1.0
1004,32,12,-11.046348278625445,-0.8329932930530433,0.0,1.0
1005,32,13,-10.046348278625445,-0.8329932930530433,0.0,1.0
1006,32,14,-9.046348278625445,-0.8329932930530433,0.0,1.0
1007,32,15,-8.046348278625445,-0.8329932930530433,0.0,1.0
1008,32,16,-7.0463482786254446,-0.8329932930530433,0.0,1.0
1009,32,17,-6.0463482786254446,-0.8329932930530433,0.0,1.0
1010,32,18,-5.0463482786254446,-0.8329932930530433,0.0,1.0
1011,32,19,-4.0463482786254446,-0.8329932930530433,0.0,1.0
1012,32,20,-3.0463482786254446,-0.8329932930530433,0.9142857142857143,0.08571428571428574
1013,32,21,-2.0463482786254446,-0.8329932930530433,0.7928571428571428,0.20714285714285718
1014,32,22,-1.0463482786254446,-0.8329932930530433,0.8571428571428571,0.1428571428571429
1015,32,23,-0.04634827862544455,-0.8329932930530433,0.7857142857142857,0.2142857142857143
1016,32,24,0.9536517213745554,-0.8329932930530433,0.0,1.0
1017,32,25,1.9536517213745554,-0.8329932930530433,0.0,1.0
1018,32,26,2.9536517213745554,-0.8329932930530433,0.0,1.0
1019,32,27,3.9536517213745554,-0.8329932930530433,0.0,1.0
1020,32,28,4.9536517213745554,-0.8329932930530433,0.0,1.0
1021,32,29,5.9536517213745554,-0.8329932930530433,0.0,1.0
1022,32,30,6.9536517213745554,-0.8329932930530433,0.0,1.0
1023,33,0,-23.046348278625445,0.16700670694695674,0.0,1.0
1024,33,1,-22.046348278625445,0.16700670694695674,0.0,1.0
1025,33,2,-21.046348278625445,0.16700670694695674,0.0,1.0
1026,33,3,-20.046348278625445,0.16700670694695674,0.0,1.0
1027,33,4,-19.046348278625445,0.16700670694695674,0.0,1.0
1028,33,5,-18.046348278625445,0.16700670694695674,0.0,1.0
1029,33,6,-17.046348278625445,0.16700670694695674,0.0,1.0
1030,33,7,-16.046348278625445,0.16700670694695674,0.0,1.0
1031,33,8,-15.046348278625445,0.16700670694695674,0.0,1.0
1032,33,9,-14.046348278625445,0.16700670694695674,0.0,1.0
1033,33,10,-13.046348278625445,0.16700670694695674,0.0,1.0
1034,33,11,-12.046348278625445,0.16700670694695674,0.0,1.0
1035,33,12,-11.046348278625445,0.16700670694695674,0.0,1.0
1036,33,13,-10.046348278625445,0.16700670694695674,0.0,1.0
1037,33,14,-9.046348278625445,0.16700670694695674,0.0,1.0
1038,33,15,-8.046348278625445,0.16700670694695674,0.0,1.0
1039,33,16,-7.0463482786254446,0.16700670694695674,0.0,1.0
1040,33,17,-6.0463482786254446,0.16700670694695674,0.0,1.0
1041,33,18,-5.0463482786254446,0.16700670694695674,0.0,1.0
1042,33,19,-4.0463482786254446,0.16700670694695674,0.9,0.09999999999999998
1043,33,20,-3.0463482786254446,0.16700670694695674,0.9214285714285714,0.07857142857142863
1044,33,21,-2.0463482786254446,0.16700670694695674,0.8928571428571429,0.1071428571428571
1045,33,22,-1.0463482786254446,0.16700670694695674,0.7842857142857143,0.21571428571428575
1046,33,23,-0.04634827862544455,0.16700670694695674,0.7785714285714286,0.22142857142857142
1047,33,24,0.9536517213745554,0.16700670694695674,0.0,1.0
1048,33,25,1.9536517213745554,0.16700670694695674,0.0,1.0
1049,33,26,2.9536517213745554,0.16700670694695674,0.0,1.0
1050,33,27,3.9536517213745554,0.16700670694695674,0.0,1.0
1051,33,28,4.9536517213745554,0.16700670694695674,0.0,1.0
1052,33,29,5.9536517213745554,0.16700670694695674,0.0,1.0
1053,33,30,6.9536517213745554,0.16700670694695674,0.0,1.0
1054,34,0,-23.046348278625445,1.1670067069469567,0.0,1.0
1055,34,1,-22.046348278625445,1.1670067069469567,0.0,1.0
1056,34,2,-21.046348278625445,1.1670067069469567,0.0,1.0
1057,34,3,-20.046348278625445,1.1670067069469567,0.0,1.0
1058,34,4,-19.046348278625445,1.1670067069469567,0.0,1.0
1059,34,5,-18.046348278625445,1.1670067069469567,0.0,1.0
1060,34,6,-17.046348278625445,1.1670067069469567,0.0,1.0
1061,34,7,-16.046348278625445,1.1670067069469567,0.0,1.0
1062,34,8,-15.046348278625445,1.1670067069469567,0.0,1.0
1063,34,9,-14.046348278625445,1.1670067069469567,0.0,1.0
1064,34,10,-13.046348278625445,1.1670067069469567,0.0,1.0
1065,34,11,-12.046348278625445,1.1670067069469567,0.0,1.0
1066,34,12,-11.046348278625445,1.1670067069469567,0.0,1.0
1067,34,13,-10.046348278625445,1.1670067069469567,0.0,1.0
1068,34,14,-9.046348278625445,1.1670067069469567,0.0,1.0
1069,34,15,-8.046348278625445,1.1670067069469567,0.0,1.0
1070,34,16,-7.0463482786254446,1.1670067069469567,0.0,1.0
1071,34,17,-6.0463482786254446,1.1670067069469567,0.0,1.0
1072,34,18,-5.0463482786254446,1.1670067069469567,0.0,1.0
1073,34,19,-4.0463482786254446,1.1670067069469567,0.8952380952380952,0.10476190476190483
1074,34,20,-3.0463482786254446,1.1670067069469567,0.9142857142857143,0.08571428571428574
1075,34,21,-2.0463482786254446,1.1670067069469567,0.9,0.09999999999999998
1076,34,22,-1.0463482786254446,1.1670067069469567,0.8785714285714286,0.12142857142857144
1077,34,23,-0.04634827862544455,1.1670067069469567,0.0,1.0
1078,34,24,0.9536517213745554,1.1670067069469567,0.8261904761904763,0.17380952380952375
1079,34,25,1.9536517213745554,1.1670067069469567,0.2857142857142857,0.7142857142857143
1080,34,26,2.9536517213745554,1.1670067069469567,0.0,1.0
1081,34,27,3.9536517213745554,1.1670067069469567,0.0,1.0
1082,34,28,4.9536517213745554,1.1670067069469567,0.0,1.0
1083,34,29,5.9536517213745554,1.1670067069469567,0.0,1.0
1084,34,30,6.9536517213745554,1.1670067069469567,0.0,1.0
1085,35,0,-23.046348278625445,2.1670067069469567,0.0,1.0
1086,35,1,-22.046348278625445,2.1670067069469567,0.0,1.0
1087,35,2,-21.046348278625445,2.1670067069469567,0.0,1.0
1088,35,3,-20.046348278625445,2.1670067069469567,0.0,1.0
1089,35,4,-19.046348278625445,2.1670067069469567,0.0,1.0
1090,35,5,-18.046348278625445,2.1670067069469567,0.0,1.0
1091,35,6,-17.046348278625445,2.1670067069469567,0.0,1.0
1092,35,7,-16.046348278625445,2.1670067069469567,0.0,1.0
1093,35,8,-15.046348278625445,2.1670067069469567,0.0,1.0
1094,35,9,-14.046348278625445,2.1670067069469567,0.0,1.0
1095,35,10,-13.046348278625445,2.1670067069469567,0.0,1.0
1096,35,11,-12.046348278625445,2.1670067069469567,0.0,1.0
1097,35,12,-11.046348278625445,2.1670067069469567,0.0,1.0
1098,35,13,-10.046348278625445,2.1670067069469567,0.0,1.0
1099,35,14,-9.046348278625445,2.1670067069469567,0.0,1.0
1100,35,15,-8.046348278625445,2.1670067069469567,0.0,1.0
1101,35,16,-7.0463482786254446,2.1670067069469567,0.0,1.0
1102,35,17,-6.0463482786254446,2.1670067069469567,0.0,1.0
1103,35,18,-5.0463482786254446,2.1670067069469567,0.9,0.09999999999999998
1104,35,19,-4.0463482786254446,2.1670067069469567,0.9071428571428571,0.09285714285714286
1105,35,20,-3.0463482786254446,2.1670067069469567,0.0,1.0
1106,35,21,-2.0463482786254446,2.1670067069469567,0.9071428571428571,0.09285714285714286
1107,35,22,-1.0463482786254446,2.1670067069469567,0.0,1.0
1108,35,23,-0.04634827862544455,2.1670067069469567,0.8428571428571429,0.15714285714285714
1109,35,24,0.9536517213745554,2.1670067069469567,0.8642857142857143,0.13571428571428568
1110,35,25,1.9536517213745554,2.1670067069469567,0.8142857142857143,0.18571428571428572
1111,35,26,2.9536517213745554,2.1670067069469567,0.0,1.0
1112,35,27,3.9536517213745554,2.1670067069469567,0.0,1.0
1113,35,28,4.9536517213745554,2.1670067069469567,0.0,1.0
1114,35,29,5.9536517213745554,2.1670067069469567,0.0,1.0
1115,35,30,6.9536517213745554,2.1670067069469567,0.0,1.0
1116,36,0,-23.046348278625445,3.1670067069469567,0.0,1.0
1117,36,1,-22.046348278625445,3.1670067069469567,0.0,1.0
1118,36,2,-21.046348278625445,3.1670067069469567,0.0,1.0
1119,36,3,-20.046348278625445,3.1670067069469567,0.0,1.0
1120,36,4,-19.046348278625445,3.1670067069469567,0.0,1.0
1121,36,5,-18.046348278625445,3.1670067069469567,0.0,1.0
1122,36,6,-17.046348278625445,3.1670067069469567,0.0,1.0
1123,36,7,-16.046348278625445,3.1670067069469567,0.0,1.0
1124,36,8,-15.046348278625445,3.1670067069469567,0.0,1.0
1125,36,9,-14.046348278625445,3.1670067069469567,0.0,1.0
1126,36,10,-13.046348278625445,3.1670067069469567,0.0,1.0
1127,36,11,-12.046348278625445,3.1670067069469567,0.0,1.0
1128,36,12,-11.046348278625445,3.1670067069469567,0.0,1.0
1129,36,13,-10.046348278625445,3.1670067069469567,0.0,1.0
1130,36,14,-9.046348278625445,3.1670067069469567,0.0,1.0
1131,36,15,-8.046348278625445,3.1670067069469567,0.0,1.0
1132,36,16,-7.0463482786254446,3.1670067069469567,0.0,1.0
1133,36,17,-6.0463482786254446,3.1670067069469567,0.0,1.0
1134,36,18,-5.0463482786254446,3.1670067069469567,0.9142857142857143,0.08571428571428574
1135,36,19,-4.0463482786254446,3.1670067069469567,0.0,1.0
1136,36,20,-3.0463482786254446,3.1670067069469567,0.0,1.0
1137,36,21,-2.0463482786254446,3.1670067069469567,0.9142857142857143,0.08571428571428574
1138,36,22,-1.0463482786254446,3.1670067069469567,0.875,0.125
1139,36,23,-0.04634827862544455,3.1670067069469567,0.0,1.0
1140,36,24,0.9536517213745554,3.1670067069469567,0.0,1.0
1141,36,25,1.9536517213745554,3.1670067069469567,0.0,1.0
1142,36,26,2.9536517213745554,3.1670067069469567,0.0,1.0
1143,36,27,3.9536517213745554,3.1670067069469567,0.0,1.0
1144,36,28,4.9536517213745554,3.1670067069469567,0.0,1.0
1145,36,29,5.9536517213745554,3.1670067069469567,0.0,1.0
1146,36,30,6.9536517213745554,3.1670067069469567,0.0,1.0
1147,37,0,-23.046348278625445,4.167006706946957,0.0,1.0
1148,37,1,-22.046348278625445,4.167006706946957,0.0,1.0
1149,37,2,-21.046348278625445,4.167006706946957,0.0,1.0
1150,37,3,-20.046348278625445,4.167006706946957,0.0,1.0
1151,37,4,-19.046348278625445,4.167006706946957,0.0,1.0
1152,37,5,-18.046348278625445,4.167006706946957,0.0,1.0
1153,37,6,-17.046348278625445,4.167006706946957,0.0,1.0
1154,37,7,-16.046348278625445,4.167006706946957,0.0,1.0
1155,37,8,-15.046348278625445,4.167006706946957,0.0,1.0
1156,37,9,-14.046348278625445,4.167006706946957,0.0,1.0
1157,37,10,-13.046348278625445,4.167006706946957,0.0,1.0
1158,37,11,-12.046348278625445,4.167006706946957,0.0,1.0
1159,37,12,-11.046348278625445,4.167006706946957,0.0,1.0
1160,37,13,-10.046348278625445,4.167006706946957,0.0,1.0
1161,37,14,-9.046348278625445,4.167006706946957,0.0,1.0
1162,37,15,-8.046348278625445,4.167006706946957,0.0,1.0
1163,37,16,-7.0463482786254446,4.167006706946957,0.0,1.0
1164,37,17,-6.0463482786254446,4.167006706946957,0.0,1.0
1165,37,18,-5.0463482786254446,4.167006706946957,0.0,1.0
1166,37,19,-4.0463482786254446,4.167006706946957,0.0,1.0
1167,37,20,-3.0463482786254446,4.167006706946957,0.0,1.0
1168,37,21,-2.0463482786254446,4.167006706946957,0.9071428571428571,0.09285714285714286
1169,37,22,-1.0463482786254446,4.167006706946957,0.0,1.0
1170,37,23,-0.04634827862544455,4.167006706946957,0.0,1.0
1171,37,24,0.9536517213745554,4.167006706946957,0.0,1.0
1172,37,25,1.9536517213745554,4.167006706946957,0.0,1.0
1173,37,26,2.9536517213745554,4.167006706946957,0.0,1.0
1174,37,27,3.9536517213745554,4.167006706946957,0.0,1.0
1175,37,28,4.9536517213745554,4.167006706946957,0.0,1.0
1176,37,29,5.9536517213745554,4.167006706946957,0.0,1.0
1177,37,30,6.9536517213745554,4.167006706946957,0.0,1.0
1178,38,0,-23.046348278625445,5.167006706946957,0.0,1.0
1179,38,1,-22.046348278625445,5.167006706946957,0.0,1.0
1180,38,2,-21.046348278625445,5.167006706946957,0.0,1.0
1181,38,3,-20.046348278625445,5.167006706946957,0.0,1.0
1182,38,4,-19.046348278625445,5.167006706946957,0.0,1.0
1183,38,5,-18.046348278625445,5.167006706946957,0.0,1.0
1184,38,6,-17.046348278625445,5.167006706946957,0.0,1.0
1185,38,7,-16.046348278625445,5.167006706946957,0.0,1.0
1186,38,8,-15.046348278625445,5.167006706946957,0.0,1.0
1187,38,9,-14.046348278625445,5.167006706946957,0.0,1.0
1188,38,10,-13.046348278625445,5.167006706946957,0.0,1.0
1189,38,11,-12.046348278625445,5.167006706946957,0.0,1.0
1190,38,12,-11.046348278625445,5.167006706946957,0.0,1.0
1191,38,13,-10.046348278625445,5.167006706946957,0.0,1.0
1192,38,14,-9.046348278625445,5.167006706946957,0.0,1.0
1193,38,15,-8.046348278625445,5.167006706946957,0.0,1.0
1194,38,16,-7.0463482786254446,5.167006706946957,0.0,1.0
1195,38,17,-6.0463482786254446,5.167006706946957,0.0,1.0
1196,38,18,-5.0463482786254446,5.167006706946957,0.0,1.0
1197,38,19,-4.0463482786254446,5.167006706946957,0.0,1.0
1198,38,20,-3.0463482786254446,5.167006706946957,0.0,1.0
1199,38,21,-2.0463482786254446,5.167006706946957,0.0,1.0
1200,38,22,-1.0463482786254446,5.167006706946957,0.0,1.0
1201,38,23,-0.04634827862544455,5.167006706946957,0.0,1.0
1202,38,24,0.9536517213745554,5.167006706946957,0.0,1.0
1203,38,25,1.9536517213745554,5.167006706946957,0.0,1.0
1204,38,26,2.9536517213745554,5.167006706946957,0.0,1.0
1205,38,27,3.9536517213745554,5.167006706946957,0.0,1.0
1206,38,28,4.9536517213745554,5.167006706946957,0.0,1.0
1207,38,29,5.9536517213745554,5.167006706946957,0.0,1.0
1208,38,30,6.9536517213745554,5.167006706946957,0.0,1.0
1209,39,0,-23.046348278625445,6.167006706946957,0.0,1.0
1210,39,1,-22.046348278625445,6.167006706946957,0.0,1.0
1211,39,2,-21.046348278625445,6.167006706946957,0.0,1.0
1212,39,3,-20.046348278625445,6.167006706946957,0.0,1.0
1213,39,4,-19.046348278625445,6.167006706946957,0.0,1.0
1214,39,5,-18.046348278625445,6.167006706946957,0.0,1.0
1215,39,6,-17.046348278625445,6.167006706946957,0.0,1.0
1216,39,7,-16.046348278625445,6.167006706946957,0.0,1.0
1217,39,8,-15.046348278625445,6.167006706946957,0.0,1.0
1218,39,9,-14.046348278625445,6.167006706946957,0.0,1.0
1219,39,10,-13.046348278625445,6.167006706946957,0.0,1.0
1220,39,11,-12.046348278625445,6.167006706946957,0.0,1.0
1221,39,12,-11.046348278625445,6.167006706946957,0.0,1.0
1222,39,13,-10.046348278625445,6.167006706946957,0.0,1.0
1223,39,14,-9.046348278625445,6.167006706946957,0.0,1.0
1224,39,15,-8.046348278625445,6.167006706946957,0.0,1.0
1225,39,16,-7.0463482786254446,6.167006706946957,0.0,1.0
1226,39,17,-6.0463482786254446,6.167006706946957,0.0,1.0
1227,39,18,-5.0463482786254446,6.167006706946957,0.0,1.0
1228,39,19,-4.0463482786254446,6.167006706946957,0.0,1.0
1229,39,20,-3.0463482786254446,6.167006706946957,0.0,1.0
1230,39,21,-2.0463482786254446,6.167006706946957,0.0,1.0
1231,39,22,-1.0463482786254446,6.167006706946957,0.0,1.0
1232,39,23,-0.04634827862544455,6.167006706946957,0.0,1.0
1233,39,24,0.9536517213745554,6.167006706946957,0.0,1.0
1234,39,25,1.9536517213745554,6.167006706946957,0.0,1.0
1235,39,26,2.9536517213745554,6.167006706946957,0.0,1.0
1236,39,27,3.9536517213745554,6.167006706946957,0.0,1.0
1237,39,28,4.9536517213745554,6.167006706946957,0.0,1.0
1238,39,29,5.9536517213745554,6.167006706946957,0.0,1.0
1239,39,30,6.9536517213745554,6.167006706946957,0.0,1.0
1240,40,0,-23.046348278625445,7.167006706946957,0.0,1.0
1241,40,1,-22.046348278625445,7.167006706946957,0.0,1.0
1242,40,2,-21.046348278625445,7.167006706946957,0.0,1.0
1243,40,3,-20.046348278625445,7.167006706946957,0.0,1.0
1244,40,4,-19.046348278625445,7.167006706946957,0.0,1.0
1245,40,5,-18.046348278625445,7.167006706946957,0.0,1.0
1246,40,6,-17.046348278625445,7.167006706946957,0.0,1.0
1247,40,7,-16.046348278625445,7.167006706946957,0.0,1.0
1248,40,8,-15.046348278625445,7.167006706946957,0.0,1.0
1249,40,9,-14.046348278625445,7.167006706946957,0.0,1.0
1250,40,10,-13.046348278625445,7.167006706946957,0.0,1.0
1251,40,11,-12.046348278625445,7.167006706946957,0.0,1.0
1252,40,12,-11.046348278625445,7.167006706946957,0.0,1.0
1253,40,13,-10.046348278625445,7.167006706946957,0.0,1.0
1254,40,14,-9.046348278625445,7.167006706946957,0.0,1.0
1255,40,15,-8.046348278625445,7.167006706946957,0.0,1.0
1256,40,16,-7.0463482786254446,7.167006706946957,0.0,1.0
1257,40,17,-6.0463482786254446,7.167006706946957,0.0,1.0
1258,40,18,-5.0463482786254446,7.167006706946957,0.0,1.0
1259,40,19,-4.0463482786254446,7.167006706946957,0.0,1.0
1260,40,20,-3.0463482786254446,7.167006706946957,0.0,1.0
1261,40,21,-2.0463482786254446,7.167006706946957,0.0,1.0
1262,40,22,-1.0463482786254446,7.167006706946957,0.0,1.0
1263,40,23,-0.04634827862544455,7.167006706946957,0.0,1.0
1264,40,24,0.9536517213745554,7.167006706946957,0.0,1.0
1265,40,25,1.9536517213745554,7.167006706946957,0.0,1.0
1266,40,26,2.9536517213745554,7.167006706946957,0.0,1.0
1267,40,27,3.9536517213745554,7.167006706946957,0.0,1.0
1268,40,28,4.9536517213745554,7.167006706946957,0.0,1.0
1269,40,29,5.9536517213745554,7.167006706946957,0.0,1.0
1270,40,30,6.9536517213745554,7.167006706946957,0.0,1.0
