row,col,center_x,center_z,priority
0,0,-23.046348278625445,-32.83299329305304,1.0
0,1,-22.046348278625445,-32.83299329305304,1.0
0,2,-21.046348278625445,-32.83299329305304,1.0
0,3,-20.046348278625445,-32.83299329305304,1.0
0,4,-19.046348278625445,-32.83299329305304,1.0
0,5,-18.046348278625445,-32.83299329305304,1.0
0,6,-17.046348278625445,-32.83299329305304,1.0
0,7,-16.046348278625445,-32.83299329305304,1.0
0,8,-15.046348278625445,-32.83299329305304,1.0
0,9,-14.046348278625445,-32.83299329305304,1.0
0,10,-13.046348278625445,-32.83299329305304,1.0
0,11,-12.046348278625445,-32.83299329305304,1.0
0,12,-11.046348278625445,-32.83299329305304,1.0
0,13,-10.046348278625445,-32.83299329305304,1.0
0,14,-9.046348278625445,-32.83299329305304,1.0
0,15,-8.046348278625445,-32.83299329305304,1.0
0,16,-7.0463482786254446,-32.83299329305304,1.0
0,17,-6.0463482786254446,-32.83299329305304,1.0
0,18,-5.0463482786254446,-32.83299329305304,1.0
0,19,-4.0463482786254446,-32.83299329305304,1.0
0,20,-3.0463482786254446,-32.83299329305304,1.0
0,21,-2.0463482786254446,-32.83299329305304,1.0
0,22,-1.0463482786254446,-32.83299329305304,1.0
0,23,-0.04634827862544455,-32.83299329305304,1.0
0,24,0.9536517213745554,-32.83299329305304,1.0
0,25,1.9536517213745554,-32.83299329305304,1.0
0,26,2.9536517213745554,-32.83299329305304,1.0
0,27,3.9536517213745554,-32.83299329305304,1.0
0,28,4.9536517213745554,-32.83299329305304,1.0
0,29,5.9536517213745554,-32.83299329305304,1.0
0,30,6.9536517213745554,-32.83299329305304,1.0
1,0,-23.046348278625445,-31.832993293053043,1.0
1,1,-22.046348278625445,-31.832993293053043,1.0
1,2,-21.046348278625445,-31.832993293053043,1.0
1,3,-20.046348278625445,-31.832993293053043,1.0
1,4,-19.046348278625445,-31.832993293053043,1.0
1,5,-18.046348278625445,-31.832993293053043,1.0
1,6,-17.046348278625445,-31.832993293053043,1.0
1,7,-16.046348278625445,-31.832993293053043,1.0
1,8,-15.046348278625445,-31.832993293053043,1.0
1,9,-14.046348278625445,-31.832993293053043,1.0
1,10,-13.046348278625445,-31.832993293053043,1.0
1,11,-12.046348278625445,-31.832993293053043,1.0
1,12,-11.046348278625445,-31.832993293053043,1.0
1,13,-10.046348278625445,-31.832993293053043,1.0
1,14,-9.046348278625445,-31.832993293053043,1.0
1,15,-8.046348278625445,-31.832993293053043,1.0
1,16,-7.0463482786254446,-31.832993293053043,1.0
1,17,-6.0463482786254446,-31.832993293053043,1.0
1,18,-5.0463482786254446,-31.832993293053043,1.0
1,19,-4.0463482786254446,-31.832993293053043,1.0
1,20,-3.0463482786254446,-31.832993293053043,1.0
1,21,-2.0463482786254446,-31.832993293053043,1.0
1,22,-1.0463482786254446,-31.832993293053043,1.0
1,23,-0.04634827862544455,-31.832993293053043,1.0
1,24,0.9536517213745554,-31.832993293053043,1.0
1,25,1.9536517213745554,-31.832993293053043,1.0
1,26,2.9536517213745554,-31.832993293053043,1.0
1,27,3.9536517213745554,-31.832993293053043,1.0
1,28,4.9536517213745554,-31.832993293053043,1.0
1,29,5.9536517213745554,-31.832993293053043,1.0
1,30,6.9536517213745554,-31.832993293053043,1.0
2,0,-23.046348278625445,-30.832993293053043,1.0
2,1,-22.046348278625445,-30.832993293053043,1.0
2,2,-21.046348278625445,-30.832993293053043,1.0
2,3,-20.046348278625445,-30.832993293053043,1.0
2,4,-19.046348278625445,-30.832993293053043,1.0
2,5,-18.046348278625445,-30.832993293053043,1.0
2,6,-17.046348278625445,-30.832993293053043,1.0
2,7,-16.046348278625445,-30.832993293053043,1.0
2,8,-15.046348278625445,-30.832993293053043,1.0
2,9,-14.046348278625445,-30.832993293053043,1.0
2,10,-13.046348278625445,-30.832993293053043,1.0
2,11,-12.046348278625445,-30.832993293053043,1.0
2,12,-11.046348278625445,-30.832993293053043,1.0
2,13,-10.046348278625445,-30.832993293053043,1.0
2,14,-9.046348278625445,-30.832993293053043,1.0
2,15,-8.046348278625445,-30.832993293053043,1.0
2,16,-7.0463482786254446,-30.832993293053043,1.0
2,17,-6.0463482786254446,-30.832993293053043,0.0
2,18,-5.0463482786254446,-30.832993293053043,1.0
2,19,-4.0463482786254446,-30.832993293053043,1.0
2,20,-3.0463482786254446,-30.832993293053043,1.0
2,21,-2.0463482786254446,-30.832993293053043,1.0
2,22,-1.0463482786254446,-30.832993293053043,1.0
2,23,-0.04634827862544455,-30.832993293053043,1.0
2,24,0.9536517213745554,-30.832993293053043,1.0
2,25,1.9536517213745554,-30.832993293053043,1.0
2,26,2.9536517213745554,-30.832993293053043,0.0
2,27,3.9536517213745554,-30.832993293053043,0.0
2,28,4.9536517213745554,-30.832993293053043,1.0
2,29,5.9536517213745554,-30.832993293053043,1.0
2,30,6.9536517213745554,-30.832993293053043,1.0
3,0,-23.046348278625445,-29.832993293053043,1.0
3,1,-22.046348278625445,-29.832993293053043,1.0
3,2,-21.046348278625445,-29.832993293053043,1.0
3,3,-20.046348278625445,-29.832993293053043,1.0
3,4,-19.046348278625445,-29.832993293053043,1.0
3,5,-18.046348278625445,-29.832993293053043,1.0
3,6,-17.046348278625445,-29.832993293053043,1.0
3,7,-16.046348278625445,-29.832993293053043,1.0
3,8,-15.046348278625445,-29.832993293053043,1.0
3,9,-14.046348278625445,-29.832993293053043,1.0
3,10,-13.046348278625445,-29.832993293053043,1.0
3,11,-12.046348278625445,-29.832993293053043,1.0
3,12,-11.046348278625445,-29.832993293053043,1.0
3,13,-10.046348278625445,-29.832993293053043,1.0
3,14,-9.046348278625445,-29.832993293053043,1.0
3,15,-8.046348278625445,-29.832993293053043,0.0
3,16,-7.0463482786254446,-29.832993293053043,0.0
3,17,-6.0463482786254446,-29.832993293053043,0.0
3,18,-5.0463482786254446,-29.832993293053043,0.0
3,19,-4.0463482786254446,-29.832993293053043,1.0
3,20,-3.0463482786254446,-29.832993293053043,0.0
3,21,-2.0463482786254446,-29.832993293053043,0.0
3,22,-1.0463482786254446,-29.832993293053043,1.0
3,23,-0.04634827862544455,-29.832993293053043,1.0
3,24,0.9536517213745554,-29.832993293053043,1.0
3,25,1.9536517213745554,-29.832993293053043,0.0
3,26,2.9536517213745554,-29.832993293053043,0.0
3,27,3.9536517213745554,-29.832993293053043,0.0
3,28,4.9536517213745554,-29.832993293053043,0.0
3,29,5.9536517213745554,-29.832993293053043,1.0
3,30,6.9536517213745554,-29.832993293053043,1.0
4,0,-23.046348278625445,-28.832993293053043,1.0
4,1,-22.046348278625445,-28.832993293053043,1.0
4,2,-21.046348278625445,-28.832993293053043,1.0
4,3,-20.046348278625445,-28.832993293053043,1.0
4,4,-19.046348278625445,-28.832993293053043,1.0
4,5,-18.046348278625445,-28.832993293053043,1.0
4,6,-17.046348278625445,-28.832993293053043,1.0
4,7,-16.046348278625445,-28.832993293053043,1.0
4,8,-15.046348278625445,-28.832993293053043,1.0
4,9,-14.046348278625445,-28.832993293053043,1.0
4,10,-13.046348278625445,-28.832993293053043,1.0
4,11,-12.046348278625445,-28.832993293053043,1.0
4,12,-11.046348278625445,-28.832993293053043,0.0
4,13,-10.046348278625445,-28.832993293053043,0.0
4,14,-9.046348278625445,-28.832993293053043,0.0
4,15,-8.046348278625445,-28.832993293053043,0.0
4,16,-7.0463482786254446,-28.832993293053043,0.0
4,17,-6.0463482786254446,-28.832993293053043,0.0
4,18,-5.0463482786254446,-28.832993293053043,0.0
4,19,-4.0463482786254446,-28.832993293053043,0.0
4,20,-3.0463482786254446,-28.832993293053043,0.0
4,21,-2.0463482786254446,-28.832993293053043,0.0
4,22,-1.0463482786254446,-28.832993293053043,0.0
4,23,-0.04634827862544455,-28.832993293053043,0.0
4,24,0.9536517213745554,-28.832993293053043,0.0
4,25,1.9536517213745554,-28.832993293053043,0.0
4,26,2.9536517213745554,-28.832993293053043,0.0
4,27,3.9536517213745554,-28.832993293053043,0.0
4,28,4.9536517213745554,-28.832993293053043,0.0
4,29,5.9536517213745554,-28.832993293053043,1.0
4,30,6.9536517213745554,-28.832993293053043,1.0
5,0,-23.046348278625445,-27.832993293053043,1.0
5,1,-22.046348278625445,-27.832993293053043,1.0
5,2,-21.046348278625445,-27.832993293053043,1.0
5,3,-20.046348278625445,-27.832993293053043,1.0
5,4,-19.046348278625445,-27.832993293053043,1.0
5,5,-18.046348278625445,-27.832993293053043,0.0
5,6,-17.046348278625445,-27.832993293053043,0.0
5,7,-16.046348278625445,-27.832993293053043,0.0
5,8,-15.046348278625445,-27.832993293053043,0.0
5,9,-14.046348278625445,-27.832993293053043,1.0
5,10,-13.046348278625445,-27.832993293053043,1.0
5,11,-12.046348278625445,-27.832993293053043,1.0
5,12,-11.046348278625445,-27.832993293053043,0.0
5,13,-10.046348278625445,-27.832993293053043,0.0
5,14,-9.046348278625445,-27.832993293053043,0.0
5,15,-8.046348278625445,-27.832993293053043,0.0
5,16,-7.0463482786254446,-27.832993293053043,0.0
5,17,-6.0463482786254446,-27.832993293053043,0.0
5,18,-5.0463482786254446,-27.832993293053043,0.0
5,19,-4.0463482786254446,-27.832993293053043,0.0
5,20,-3.0463482786254446,-27.832993293053043,0.0
5,21,-2.0463482786254446,-27.832993293053043,0.0
5,22,-1.0463482786254446,-27.832993293053043,0.0
5,23,-0.04634827862544455,-27.832993293053043,0.0
5,24,0.9536517213745554,-27.832993293053043,0.0
5,25,1.9536517213745554,-27.832993293053043,0.0
5,26,2.9536517213745554,-27.832993293053043,0.0
5,27,3.9536517213745554,-27.832993293053043,0.0
5,28,4.9536517213745554,-27.832993293053043,0.0
5,29,5.9536517213745554,-27.832993293053043,1.0
5,30,6.9536517213745554,-27.832993293053043,1.0
6,0,-23.046348278625445,-26.832993293053043,1.0
6,1,-22.046348278625445,-26.832993293053043,1.0
6,2,-21.046348278625445,-26.832993293053043,1.0
6,3,-20.046348278625445,-26.832993293053043,1.0
6,4,-19.046348278625445,-26.832993293053043,0.0
6,5,-18.046348278625445,-26.832993293053043,0.0
6,6,-17.046348278625445,-26.832993293053043,0.0
6,7,-16.046348278625445,-26.832993293053043,0.0
6,8,-15.046348278625445,-26.832993293053043,0.0
6,9,-14.046348278625445,-26.832993293053043,0.0
6,10,-13.046348278625445,-26.832993293053043,1.0
6,11,-12.046348278625445,-26.832993293053043,0.0
6,12,-11.046348278625445,-26.832993293053043,0.0
6,13,-10.046348278625445,-26.832993293053043,0.0
6,14,-9.046348278625445,-26.832993293053043,0.0
6,15,-8.046348278625445,-26.832993293053043,0.0
6,16,-7.0463482786254446,-26.832993293053043,0.0
6,17,-6.0463482786254446,-26.832993293053043,0.0
6,18,-5.0463482786254446,-26.832993293053043,0.0
6,19,-4.0463482786254446,-26.832993293053043,0.0
6,20,-3.0463482786254446,-26.832993293053043,0.0
6,21,-2.0463482786254446,-26.832993293053043,0.0
6,22,-1.0463482786254446,-26.832993293053043,0.0
6,23,-0.04634827862544455,-26.832993293053043,0.0
6,24,0.9536517213745554,-26.832993293053043,0.0
6,25,1.9536517213745554,-26.832993293053043,0.0
6,26,2.9536517213745554,-26.832993293053043,0.0
6,27,3.9536517213745554,-26.832993293053043,0.0
6,28,4.9536517213745554,-26.832993293053043,0.0
6,29,5.9536517213745554,-26.832993293053043,1.0
6,30,6.9536517213745554,-26.832993293053043,1.0
7,0,-23.046348278625445,-25.832993293053043,1.0
7,1,-22.046348278625445,-25.832993293053043,1.0
7,2,-21.046348278625445,-25.832993293053043,1.0
7,3,-20.046348278625445,-25.832993293053043,1.0
7,4,-19.046348278625445,-25.832993293053043,0.0
7,5,-18.046348278625445,-25.832993293053043,0.0
7,6,-17.046348278625445,-25.832993293053043,0.0
7,7,-16.046348278625445,-25.832993293053043,0.0
7,8,-15.046348278625445,-25.832993293053043,0.0
7,9,-14.046348278625445,-25.832993293053043,0.0
7,10,-13.046348278625445,-25.832993293053043,0.0
7,11,-12.046348278625445,-25.832993293053043,0.0
7,12,-11.046348278625445,-25.832993293053043,0.0
7,13,-10.046348278625445,-25.832993293053043,0.0
7,14,-9.046348278625445,-25.832993293053043,1.0
7,15,-8.046348278625445,-25.832993293053043,0.0
7,16,-7.0463482786254446,-25.832993293053043,0.0
7,17,-6.0463482786254446,-25.832993293053043,0.0
7,18,-5.0463482786254446,-25.832993293053043,0.0
7,19,-4.0463482786254446,-25.832993293053043,0.0
7,20,-3.0463482786254446,-25.832993293053043,0.0
7,21,-2.0463482786254446,-25.832993293053043,0.0
7,22,-1.0463482786254446,-25.832993293053043,0.0
7,23,-0.04634827862544455,-25.832993293053043,0.0
7,24,0.9536517213745554,-25.832993293053043,1.0
7,25,1.9536517213745554,-25.832993293053043,0.0
7,26,2.9536517213745554,-25.832993293053043,0.0
7,27,3.9536517213745554,-25.832993293053043,0.0
7,28,4.9536517213745554,-25.832993293053043,1.0
7,29,5.9536517213745554,-25.832993293053043,1.0
7,30,6.9536517213745554,-25.832993293053043,1.0
8,0,-23.046348278625445,-24.832993293053043,1.0
8,1,-22.046348278625445,-24.832993293053043,1.0
8,2,-21.046348278625445,-24.832993293053043,1.0
8,3,-20.046348278625445,-24.832993293053043,1.0
8,4,-19.046348278625445,-24.832993293053043,0.0
8,5,-18.046348278625445,-24.832993293053043,0.0
8,6,-17.046348278625445,-24.832993293053043,0.0
8,7,-16.046348278625445,-24.832993293053043,0.0
8,8,-15.046348278625445,-24.832993293053043,0.0
8,9,-14.046348278625445,-24.832993293053043,0.0
8,10,-13.046348278625445,-24.832993293053043,0.0
8,11,-12.046348278625445,-24.832993293053043,0.0
8,12,-11.046348278625445,-24.832993293053043,0.0
8,13,-10.046348278625445,-24.832993293053043,0.0
8,14,-9.046348278625445,-24.832993293053043,1.0
8,15,-8.046348278625445,-24.832993293053043,0.0
8,16,-7.0463482786254446,-24.832993293053043,0.0
8,17,-6.0463482786254446,-24.832993293053043,0.0
8,18,-5.0463482786254446,-24.832993293053043,0.0
8,19,-4.0463482786254446,-24.832993293053043,1.0
8,20,-3.0463482786254446,-24.832993293053043,1.0
8,21,-2.0463482786254446,-24.832993293053043,1.0
8,22,-1.0463482786254446,-24.832993293053043,1.0
8,23,-0.04634827862544455,-24.832993293053043,1.0
8,24,0.9536517213745554,-24.832993293053043,1.0
8,25,1.9536517213745554,-24.832993293053043,0.0
8,26,2.9536517213745554,-24.832993293053043,0.0
8,27,3.9536517213745554,-24.832993293053043,0.0
8,28,4.9536517213745554,-24.832993293053043,1.0
8,29,5.9536517213745554,-24.832993293053043,1.0
8,30,6.9536517213745554,-24.832993293053043,1.0
9,0,-23.046348278625445,-23.832993293053043,1.0
9,1,-22.046348278625445,-23.832993293053043,1.0
9,2,-21.046348278625445,-23.832993293053043,1.0
9,3,-20.046348278625445,-23.832993293053043,0.0
9,4,-19.046348278625445,-23.832993293053043,1.0
9,5,-18.046348278625445,-23.832993293053043,0.0
9,6,-17.046348278625445,-23.832993293053043,0.0
9,7,-16.046348278625445,-23.832993293053043,0.0
9,8,-15.046348278625445,-23.832993293053043,0.0
9,9,-14.046348278625445,-23.832993293053043,0.0
9,10,-13.046348278625445,-23.832993293053043,0.0
9,11,-12.046348278625445,-23.832993293053043,0.0
9,12,-11.046348278625445,-23.832993293053043,0.0
9,13,-10.046348278625445,-23.832993293053043,0.0
9,14,-9.046348278625445,-23.832993293053043,1.0
9,15,-8.046348278625445,-23.832993293053043,1.0
9,16,-7.0463482786254446,-23.832993293053043,0.0
9,17,-6.0463482786254446,-23.832993293053043,0.0
9,18,-5.0463482786254446,-23.832993293053043,1.0
9,19,-4.0463482786254446,-23.832993293053043,1.0
9,20,-3.0463482786254446,-23.832993293053043,1.0
9,21,-2.0463482786254446,-23.832993293053043,1.0
9,22,-1.0463482786254446,-23.832993293053043,1.0
9,23,-0.04634827862544455,-23.832993293053043,1.0
9,24,0.9536517213745554,-23.832993293053043,0.0
9,25,1.9536517213745554,-23.832993293053043,0.0
9,26,2.9536517213745554,-23.832993293053043,0.0
9,27,3.9536517213745554,-23.832993293053043,1.0
9,28,4.9536517213745554,-23.832993293053043,1.0
9,29,5.9536517213745554,-23.832993293053043,1.0
9,30,6.9536517213745554,-23.832993293053043,1.0
10,0,-23.046348278625445,-22.832993293053043,1.0
10,1,-22.046348278625445,-22.832993293053043,0.0
10,2,-21.046348278625445,-22.832993293053043,0.0
10,3,-20.046348278625445,-22.832993293053043,0.0
10,4,-19.046348278625445,-22.832993293053043,0.0
10,5,-18.046348278625445,-22.832993293053043,0.0
10,6,-17.046348278625445,-22.832993293053043,0.0
10,7,-16.046348278625445,-22.832993293053043,0.0
10,8,-15.046348278625445,-22.832993293053043,0.0
10,9,-14.046348278625445,-22.832993293053043,0.0
10,10,-13.046348278625445,-22.832993293053043,0.0
10,11,-12.046348278625445,-22.832993293053043,0.0
10,12,-11.046348278625445,-22.832993293053043,0.0
10,13,-10.046348278625445,-22.832993293053043,0.0
10,14,-9.046348278625445,-22.832993293053043,1.0
10,15,-8.046348278625445,-22.832993293053043,1.0
10,16,-7.0463482786254446,-22.832993293053043,1.0
10,17,-6.0463482786254446,-22.832993293053043,1.0
10,18,-5.0463482786254446,-22.832993293053043,1.0
10,19,-4.0463482786254446,-22.832993293053043,1.0
10,20,-3.0463482786254446,-22.832993293053043,1.0
10,21,-2.0463482786254446,-22.832993293053043,1.0
10,22,-1.0463482786254446,-22.832993293053043,1.0
10,23,-0.04634827862544455,-22.832993293053043,1.0
10,24,0.9536517213745554,-22.832993293053043,0.0
10,25,1.9536517213745554,-22.832993293053043,0.0
10,26,2.9536517213745554,-22.832993293053043,0.0
10,27,3.9536517213745554,-22.832993293053043,1.0
10,28,4.9536517213745554,-22.832993293053043,1.0
10,29,5.9536517213745554,-22.832993293053043,1.0
10,30,6.9536517213745554,-22.832993293053043,1.0
11,0,-23.046348278625445,-21.832993293053043,1.0
11,1,-22.046348278625445,-21.832993293053043,0.0
11,2,-21.046348278625445,-21.832993293053043,0.0
11,3,-20.046348278625445,-21.832993293053043,0.0
11,4,-19.046348278625445,-21.832993293053043,0.0
11,5,-18.046348278625445,-21.832993293053043,0.0
11,6,-17.046348278625445,-21.832993293053043,0.0
11,7,-16.046348278625445,-21.832993293053043,0.0
11,8,-15.046348278625445,-21.832993293053043,0.0
11,9,-14.046348278625445,-21.832993293053043,0.0
11,10,-13.046348278625445,-21.832993293053043,0.0
11,11,-12.046348278625445,-21.832993293053043,0.0
11,12,-11.046348278625445,-21.832993293053043,0.0
11,13,-10.046348278625445,-21.832993293053043,0.0
11,14,-9.046348278625445,-21.832993293053043,1.0
11,15,-8.046348278625445,-21.832993293053043,1.0
11,16,-7.0463482786254446,-21.832993293053043,1.0
11,17,-6.0463482786254446,-21.832993293053043,1.0
11,18,-5.0463482786254446,-21.832993293053043,1.0
11,19,-4.0463482786254446,-21.832993293053043,1.0
11,20,-3.0463482786254446,-21.832993293053043,1.0
11,21,-2.0463482786254446,-21.832993293053043,1.0
11,22,-1.0463482786254446,-21.832993293053043,1.0
11,23,-0.04634827862544455,-21.832993293053043,0.0
11,24,0.9536517213745554,-21.832993293053043,0.0
11,25,1.9536517213745554,-21.832993293053043,0.0
11,26,2.9536517213745554,-21.832993293053043,0.0
11,27,3.9536517213745554,-21.832993293053043,1.0
11,28,4.9536517213745554,-21.832993293053043,1.0
11,29,5.9536517213745554,-21.832993293053043,1.0
11,30,6.9536517213745554,-21.832993293053043,1.0
12,0,-23.046348278625445,-20.832993293053043,1.0
12,1,-22.046348278625445,-20.832993293053043,0.0
12,2,-21.046348278625445,-20.832993293053043,0.0
12,3,-20.046348278625445,-20.832993293053043,0.0
12,4,-19.046348278625445,-20.832993293053043,0.0
12,5,-18.046348278625445,-20.832993293053043,0.0
12,6,-17.046348278625445,-20.832993293053043,0.0
12,7,-16.046348278625445,-20.832993293053043,0.0
12,8,-15.046348278625445,-20.832993293053043,0.0
12,9,-14.046348278625445,-20.832993293053043,0.0
12,10,-13.046348278625445,-20.832993293053043,0.0
12,11,-12.046348278625445,-20.832993293053043,0.0
12,12,-11.046348278625445,-20.832993293053043,0.0
12,13,-10.046348278625445,-20.832993293053043,1.0
12,14,-9.046348278625445,-20.832993293053043,1.0
12,15,-8.046348278625445,-20.832993293053043,1.0
12,16,-7.0463482786254446,-20.832993293053043,1.0
12,17,-6.0463482786254446,-20.832993293053043,1.0
12,18,-5.0463482786254446,-20.832993293053043,1.0
12,19,-4.0463482786254446,-20.832993293053043,1.0
12,20,-3.0463482786254446,-20.832993293053043,1.0
12,21,-2.0463482786254446,-20.832993293053043,1.0
12,22,-1.0463482786254446,-20.832993293053043,1.0
12,23,-0.04634827862544455,-20.832993293053043,0.0
12,24,0.9536517213745554,-20.832993293053043,0.0
12,25,1.9536517213745554,-20.832993293053043,0.0
12,26,2.9536517213745554,-20.832993293053043,1.0
12,27,3.9536517213745554,-20.832993293053043,1.0
12,28,4.9536517213745554,-20.832993293053043,1.0
12,29,5.9536517213745554,-20.832993293053043,1.0
12,30,6.9536517213745554,-20.832993293053043,1.0
13,0,-23.046348278625445,-19.832993293053043,1.0
13,1,-22.046348278625445,-19.832993293053043,1.0
13,2,-21.046348278625445,-19.832993293053043,0.0
13,3,-20.046348278625445,-19.832993293053043,0.0
13,4,-19.046348278625445,-19.832993293053043,0.0
13,5,-18.046348278625445,-19.832993293053043,0.0
13,6,-17.046348278625445,-19.832993293053043,0.0
13,7,-16.046348278625445,-19.832993293053043,0.0
13,8,-15.046348278625445,-19.832993293053043,0.0
13,9,-14.046348278625445,-19.832993293053043,1.0
13,10,-13.046348278625445,-19.832993293053043,1.0
13,11,-12.046348278625445,-19.832993293053043,1.0
13,12,-11.046348278625445,-19.832993293053043,1.0
13,13,-10.046348278625445,-19.832993293053043,1.0
13,14,-9.046348278625445,-19.832993293053043,1.0
13,15,-8.046348278625445,-19.832993293053043,1.0
13,16,-7.0463482786254446,-19.832993293053043,1.0
13,17,-6.0463482786254446,-19.832993293053043,1.0
13,18,-5.0463482786254446,-19.832993293053043,1.0
13,19,-4.0463482786254446,-19.832993293053043,1.0
13,20,-3.0463482786254446,-19.832993293053043,1.0
13,21,-2.0463482786254446,-19.832993293053043,1.0
13,22,-1.0463482786254446,-19.832993293053043,1.0
13,23,-0.04634827862544455,-19.832993293053043,0.0
13,24,0.9536517213745554,-19.832993293053043,0.0
13,25,1.9536517213745554,-19.832993293053043,0.0
13,26,2.9536517213745554,-19.832993293053043,1.0
13,27,3.9536517213745554,-19.832993293053043,1.0
13,28,4.9536517213745554,-19.832993293053043,1.0
13,29,5.9536517213745554,-19.832993293053043,1.0
13,30,6.9536517213745554,-19.832993293053043,1.0
14,0,-23.046348278625445,-18.832993293053043,1.0
14,1,-22.046348278625445,-18.832993293053043,1.0
14,2,-21.046348278625445,-18.832993293053043,0.0
14,3,-20.046348278625445,-18.832993293053043,0.0
14,4,-19.046348278625445,-18.832993293053043,0.0
14,5,-18.046348278625445,-18.832993293053043,0.0
14,6,-17.046348278625445,-18.832993293053043,0.0
14,7,-16.046348278625445,-18.832993293053043,0.0
14,8,-15.046348278625445,-18.832993293053043,1.0
14,9,-14.046348278625445,-18.832993293053043,1.0
14,10,-13.046348278625445,-18.832993293053043,1.0
14,11,-12.046348278625445,-18.832993293053043,1.0
14,12,-11.046348278625445,-18.832993293053043,1.0
14,13,-10.046348278625445,-18.832993293053043,1.0
14,14,-9.046348278625445,-18.832993293053043,1.0
14,15,-8.046348278625445,-18.832993293053043,1.0
14,16,-7.0463482786254446,-18.832993293053043,1.0
14,17,-6.0463482786254446,-18.832993293053043,1.0
14,18,-5.0463482786254446,-18.832993293053043,1.0
14,19,-4.0463482786254446,-18.832993293053043,1.0
14,20,-3.0463482786254446,-18.832993293053043,1.0
14,21,-2.0463482786254446,-18.832993293053043,1.0
14,22,-1.0463482786254446,-18.832993293053043,0.0
14,23,-0.04634827862544455,-18.832993293053043,0.0
14,24,0.9536517213745554,-18.832993293053043,0.0
14,25,1.9536517213745554,-18.832993293053043,1.0
14,26,2.9536517213745554,-18.832993293053043,1.0
14,27,3.9536517213745554,-18.832993293053043,1.0
14,28,4.9536517213745554,-18.832993293053043,1.0
14,29,5.9536517213745554,-18.832993293053043,1.0
14,30,6.9536517213745554,-18.832993293053043,1.0
15,0,-23.046348278625445,-17.832993293053043,1.0
15,1,-22.046348278625445,-17.832993293053043,1.0
15,2,-21.046348278625445,-17.832993293053043,0.0
15,3,-20.046348278625445,-17.832993293053043,0.0
15,4,-19.046348278625445,-17.832993293053043,0.0
15,5,-18.046348278625445,-17.832993293053043,0.0
15,6,-17.046348278625445,-17.832993293053043,0.0
15,7,-16.046348278625445,-17.832993293053043,1.0
15,8,-15.046348278625445,-17.832993293053043,1.0
15,9,-14.046348278625445,-17.832993293053043,1.0
15,10,-13.046348278625445,-17.832993293053043,1.0
15,11,-12.046348278625445,-17.832993293053043,1.0
15,12,-11.046348278625445,-17.832993293053043,1.0
15,13,-10.046348278625445,-17.832993293053043,1.0
15,14,-9.046348278625445,-17.832993293053043,1.0
15,15,-8.046348278625445,-17.832993293053043,1.0
15,16,-7.0463482786254446,-17.832993293053043,1.0
15,17,-6.0463482786254446,-17.832993293053043,1.0
15,18,-5.0463482786254446,-17.832993293053043,1.0
15,19,-4.0463482786254446,-17.832993293053043,1.0
15,20,-3.0463482786254446,-17.832993293053043,1.0
15,21,-2.0463482786254446,-17.832993293053043,1.0
15,22,-1.0463482786254446,-17.832993293053043,0.0
15,23,-0.04634827862544455,-17.832993293053043,0.0
15,24,0.9536517213745554,-17.832993293053043,0.0
15,25,1.9536517213745554,-17.832993293053043,1.0
15,26,2.9536517213745554,-17.832993293053043,1.0
15,27,3.9536517213745554,-17.832993293053043,1.0
15,28,4.9536517213745554,-17.832993293053043,1.0
15,29,5.9536517213745554,-17.832993293053043,1.0
15,30,6.9536517213745554,-17.832993293053043,1.0
16,0,-23.046348278625445,-16.832993293053043,1.0
16,1,-22.046348278625445,-16.832993293053043,1.0
16,2,-21.046348278625445,-16.832993293053043,1.0
16,3,-20.046348278625445,-16.832993293053043,0.0
16,4,-19.046348278625445,-16.832993293053043,0.0
16,5,-18.046348278625445,-16.832993293053043,0.0
16,6,-17.046348278625445,-16.832993293053043,1.0
16,7,-16.046348278625445,-16.832993293053043,1.0
16,8,-15.046348278625445,-16.832993293053043,1.0
16,9,-14.046348278625445,-16.832993293053043,1.0
16,10,-13.046348278625445,-16.832993293053043,1.0
16,11,-12.046348278625445,-16.832993293053043,1.0
16,12,-11.046348278625445,-16.832993293053043,1.0
16,13,-10.046348278625445,-16.832993293053043,1.0
16,14,-9.046348278625445,-16.832993293053043,1.0
16,15,-8.046348278625445,-16.832993293053043,1.0
16,16,-7.0463482786254446,-16.832993293053043,1.0
16,17,-6.0463482786254446,-16.832993293053043,1.0
16,18,-5.0463482786254446,-16.832993293053043,1.0
16,19,-4.0463482786254446,-16.832993293053043,1.0
16,20,-3.0463482786254446,-16.832993293053043,1.0
16,21,-2.0463482786254446,-16.832993293053043,0.0
16,22,-1.0463482786254446,-16.832993293053043,0.0
16,23,-0.04634827862544455,-16.832993293053043,0.0
16,24,0.9536517213745554,-16.832993293053043,0.0
16,25,1.9536517213745554,-16.832993293053043,1.0
16,26,2.9536517213745554,-16.832993293053043,1.0
16,27,3.9536517213745554,-16.832993293053043,1.0
16,28,4.9536517213745554,-16.832993293053043,1.0
16,29,5.9536517213745554,-16.832993293053043,1.0
16,30,6.9536517213745554,-16.832993293053043,1.0
17,0,-23.046348278625445,-15.832993293053043,1.0
17,1,-22.046348278625445,-15.832993293053043,1.0
17,2,-21.046348278625445,-15.832993293053043,1.0
17,3,-20.046348278625445,-15.832993293053043,0.0
17,4,-19.046348278625445,-15.832993293053043,0.0
17,5,-18.046348278625445,-15.832993293053043,0.0
17,6,-17.046348278625445,-15.832993293053043,1.0
17,7,-16.046348278625445,-15.832993293053043,1.0
17,8,-15.046348278625445,-15.832993293053043,1.0
17,9,-14.046348278625445,-15.832993293053043,1.0
17,10,-13.046348278625445,-15.832993293053043,1.0
17,11,-12.046348278625445,-15.832993293053043,1.0
17,12,-11.046348278625445,-15.832993293053043,1.0
17,13,-10.046348278625445,-15.832993293053043,1.0
17,14,-9.046348278625445,-15.832993293053043,1.0
17,15,-8.046348278625445,-15.832993293053043,1.0
17,16,-7.0463482786254446,-15.832993293053043,1.0
17,17,-6.0463482786254446,-15.832993293053043,1.0
17,18,-5.0463482786254446,-15.832993293053043,1.0
17,19,-4.0463482786254446,-15.832993293053043,1.0
17,20,-3.0463482786254446,-15.832993293053043,1.0
17,21,-2.0463482786254446,-15.832993293053043,0.0
17,22,-1.0463482786254446,-15.832993293053043,0.0
17,23,-0.04634827862544455,-15.832993293053043,0.0
17,24,0.9536517213745554,-15.832993293053043,1.0
17,25,1.9536517213745554,-15.832993293053043,1.0
17,26,2.9536517213745554,-15.832993293053043,1.0
17,27,3.9536517213745554,-15.832993293053043,1.0
17,28,4.9536517213745554,-15.832993293053043,1.0
17,29,5.9536517213745554,-15.832993293053043,1.0
17,30,6.9536517213745554,-15.832993293053043,1.0
18,0,-23.046348278625445,-14.832993293053043,1.0
18,1,-22.046348278625445,-14.832993293053043,1.0
18,2,-21.046348278625445,-14.832993293053043,1.0
18,3,-20.046348278625445,-14.832993293053043,0.0
18,4,-19.046348278625445,-14.832993293053043,0.0
18,5,-18.046348278625445,-14.832993293053043,0.0
18,6,-17.046348278625445,-14.832993293053043,1.0
18,7,-16.046348278625445,-14.832993293053043,1.0
18,8,-15.046348278625445,-14.832993293053043,1.0
18,9,-14.046348278625445,-14.832993293053043,1.0
18,10,-13.046348278625445,-14.832993293053043,1.0
18,11,-12.046348278625445,-14.832993293053043,1.0
18,12,-11.046348278625445,-14.832993293053043,1.0
18,13,-10.046348278625445,-14.832993293053043,1.0
18,14,-9.046348278625445,-14.832993293053043,1.0
18,15,-8.046348278625445,-14.832993293053043,1.0
18,16,-7.0463482786254446,-14.832993293053043,1.0
18,17,-6.0463482786254446,-14.832993293053043,1.0
18,18,-5.0463482786254446,-14.832993293053043,1.0
18,19,-4.0463482786254446,-14.832993293053043,1.0
18,20,-3.0463482786254446,-14.832993293053043,1.0
18,21,-2.0463482786254446,-14.832993293053043,0.0
18,22,-1.0463482786254446,-14.832993293053043,0.0
18,23,-0.04634827862544455,-14.832993293053043,0.0
18,24,0.9536517213745554,-14.832993293053043,1.0
18,25,1.9536517213745554,-14.832993293053043,1.0
18,26,2.9536517213745554,-14.832993293053043,1.0
18,27,3.9536517213745554,-14.832993293053043,1.0
18,28,4.9536517213745554,-14.832993293053043,1.0
18,29,5.9536517213745554,-14.832993293053043,1.0
18,30,6.9536517213745554,-14.832993293053043,1.0
19,0,-23.046348278625445,-13.832993293053043,1.0
19,1,-22.046348278625445,-13.832993293053043,1.0
19,2,-21.046348278625445,-13.832993293053043,1.0
19,3,-20.046348278625445,-13.832993293053043,1.0
19,4,-19.046348278625445,-13.832993293053043,1.0
19,5,-18.046348278625445,-13.832993293053043,1.0
19,6,-17.046348278625445,-13.832993293053043,1.0
19,7,-16.046348278625445,-13.832993293053043,1.0
19,8,-15.046348278625445,-13.832993293053043,1.0
19,9,-14.046348278625445,-13.832993293053043,1.0
19,10,-13.046348278625445,-13.832993293053043,1.0
19,11,-12.046348278625445,-13.832993293053043,1.0
19,12,-11.046348278625445,-13.832993293053043,1.0
19,13,-10.046348278625445,-13.832993293053043,1.0
19,14,-9.046348278625445,-13.832993293053043,1.0
19,15,-8.046348278625445,-13.832993293053043,1.0
19,16,-7.0463482786254446,-13.832993293053043,1.0
19,17,-6.0463482786254446,-13.832993293053043,1.0
19,18,-5.0463482786254446,-13.832993293053043,1.0
19,19,-4.0463482786254446,-13.832993293053043,1.0
19,20,-3.0463482786254446,-13.832993293053043,0.0
19,21,-2.0463482786254446,-13.832993293053043,0.0
19,22,-1.0463482786254446,-13.832993293053043,0.0
19,23,-0.04634827862544455,-13.832993293053043,1.0
19,24,0.9536517213745554,-13.832993293053043,1.0
19,25,1.9536517213745554,-13.832993293053043,1.0
19,26,2.9536517213745554,-13.832993293053043,1.0
19,27,3.9536517213745554,-13.832993293053043,1.0
19,28,4.9536517213745554,-13.832993293053043,1.0
19,29,5.9536517213745554,-13.832993293053043,1.0
19,30,6.9536517213745554,-13.832993293053043,1.0
20,0,-23.046348278625445,-12.832993293053043,1.0
20,1,-22.046348278625445,-12.832993293053043,1.0
20,2,-21.046348278625445,-12.832993293053043,1.0
20,3,-20.046348278625445,-12.832993293053043,1.0
20,4,-19.046348278625445,-12.832993293053043,1.0
20,5,-18.046348278625445,-12.832993293053043,1.0
20,6,-17.046348278625445,-12.832993293053043,1.0
20,7,-16.046348278625445,-12.832993293053043,1.0
20,8,-15.046348278625445,-12.832993293053043,1.0
20,9,-14.046348278625445,-12.832993293053043,1.0
20,10,-13.046348278625445,-12.832993293053043,1.0
20,11,-12.046348278625445,-12.832993293053043,1.0
20,12,-11.046348278625445,-12.832993293053043,1.0
20,13,-10.046348278625445,-12.832993293053043,1.0
20,14,-9.046348278625445,-12.832993293053043,1.0
20,15,-8.046348278625445,-12.832993293053043,1.0
20,16,-7.0463482786254446,-12.832993293053043,1.0
20,17,-6.0463482786254446,-12.832993293053043,1.0
20,18,-5.0463482786254446,-12.832993293053043,1.0
20,19,-4.0463482786254446,-12.832993293053043,1.0
20,20,-3.0463482786254446,-12.832993293053043,0.0
20,21,-2.0463482786254446,-12.832993293053043,0.0
20,22,-1.0463482786254446,-12.832993293053043,0.0
20,23,-0.04634827862544455,-12.832993293053043,1.0
20,24,0.9536517213745554,-12.832993293053043,1.0
20,25,1.9536517213745554,-12.832993293053043,1.0
20,26,2.9536517213745554,-12.832993293053043,1.0
20,27,3.9536517213745554,-12.832993293053043,1.0
20,28,4.9536517213745554,-12.832993293053043,1.0
20,29,5.9536517213745554,-12.832993293053043,1.0
20,30,6.9536517213745554,-12.832993293053043,1.0
21,0,-23.046348278625445,-11.832993293053043,1.0
21,1,-22.046348278625445,-11.832993293053043,1.0
21,2,-21.046348278625445,-11.832993293053043,1.0
21,3,-20.046348278625445,-11.832993293053043,1.0
21,4,-19.046348278625445,-11.832993293053043,1.0
21,5,-18.046348278625445,-11.832993293053043,1.0
21,6,-17.046348278625445,-11.832993293053043,1.0
21,7,-16.046348278625445,-11.832993293053043,1.0
21,8,-15.046348278625445,-11.832993293053043,1.0
21,9,-14.046348278625445,-11.832993293053043,1.0
21,10,-13.046348278625445,-11.832993293053043,1.0
21,11,-12.046348278625445,-11.832993293053043,1.0
21,12,-11.046348278625445,-11.832993293053043,1.0
21,13,-10.046348278625445,-11.832993293053043,1.0
21,14,-9.046348278625445,-11.832993293053043,1.0
21,15,-8.046348278625445,-11.832993293053043,1.0
21,16,-7.0463482786254446,-11.832993293053043,1.0
21,17,-6.0463482786254446,-11.832993293053043,1.0
21,18,-5.0463482786254446,-11.832993293053043,1.0
21,19,-4.0463482786254446,-11.832993293053043,0.0
21,20,-3.0463482786254446,-11.832993293053043,0.0
21,21,-2.0463482786254446,-11.832993293053043,0.0
21,22,-1.0463482786254446,-11.832993293053043,0.0
21,23,-0.04634827862544455,-11.832993293053043,1.0
21,24,0.9536517213745554,-11.832993293053043,1.0
21,25,1.9536517213745554,-11.832993293053043,1.0
21,26,2.9536517213745554,-11.832993293053043,1.0
21,27,3.9536517213745554,-11.832993293053043,1.0
21,28,4.9536517213745554,-11.832993293053043,1.0
21,29,5.9536517213745554,-11.832993293053043,1.0
21,30,6.9536517213745554,-11.832993293053043,1.0
22,0,-23.046348278625445,-10.832993293053043,1.0
22,1,-22.046348278625445,-10.832993293053043,1.0
22,2,-21.046348278625445,-10.832993293053043,1.0
22,3,-20.046348278625445,-10.832993293053043,1.0
22,4,-19.046348278625445,-10.832993293053043,1.0
22,5,-18.046348278625445,-10.832993293053043,1.0
22,6,-17.046348278625445,-10.832993293053043,1.0
22,7,-16.046348278625445,-10.832993293053043,1.0
22,8,-15.046348278625445,-10.832993293053043,1.0
22,9,-14.046348278625445,-10.832993293053043,1.0
22,10,-13.046348278625445,-10.832993293053043,1.0
22,11,-12.046348278625445,-10.832993293053043,1.0
22,12,-11.046348278625445,-10.832993293053043,1.0
22,13,-10.046348278625445,-10.832993293053043,1.0
22,14,-9.046348278625445,-10.832993293053043,1.0
22,15,-8.046348278625445,-10.832993293053043,1.0
22,16,-7.0463482786254446,-10.832993293053043,1.0
22,17,-6.0463482786254446,-10.832993293053043,1.0
22,18,-5.0463482786254446,-10.832993293053043,1.0
22,19,-4.0463482786254446,-10.832993293053043,0.0
22,20,-3.0463482786254446,-10.832993293053043,0.0
22,21,-2.0463482786254446,-10.832993293053043,0.0
22,22,-1.0463482786254446,-10.832993293053043,1.0
22,23,-0.04634827862544455,-10.832993293053043,1.0
22,24,0.9536517213745554,-10.832993293053043,1.0
22,25,1.9536517213745554,-10.832993293053043,1.0
22,26,2.9536517213745554,-10.832993293053043,1.0
22,27,3.9536517213745554,-10.832993293053043,1.0
22,28,4.9536517213745554,-10.832993293053043,1.0
22,29,5.9536517213745554,-10.832993293053043,1.0
22,30,6.9536517213745554,-10.832993293053043,1.0
23,0,-23.046348278625445,-9.832993293053043,1.0
23,1,-22.046348278625445,-9.832993293053043,1.0
23,2,-21.046348278625445,-9.832993293053043,1.0
23,3,-20.046348278625445,-9.832993293053043,1.0
23,4,-19.046348278625445,-9.832993293053043,1.0
23,5,-18.046348278625445,-9.832993293053043,1.0
23,6,-17.046348278625445,-9.832993293053043,1.0
23,7,-16.046348278625445,-9.832993293053043,1.0
23,8,-15.046348278625445,-9.832993293053043,1.0
23,9,-14.046348278625445,-9.832993293053043,1.0
23,10,-13.046348278625445,-9.832993293053043,1.0
23,11,-12.046348278625445,-9.832993293053043,1.0
23,12,-11.046348278625445,-9.832993293053043,1.0
23,13,-10.046348278625445,-9.832993293053043,1.0
23,14,-9.046348278625445,-9.832993293053043,1.0
23,15,-8.046348278625445,-9.832993293053043,1.0
23,16,-7.0463482786254446,-9.832993293053043,1.0
23,17,-6.0463482786254446,-9.832993293053043,1.0
23,18,-5.0463482786254446,-9.832993293053043,1.0
23,19,-4.0463482786254446,-9.832993293053043,0.0
23,20,-3.0463482786254446,-9.832993293053043,0.0
23,21,-2.0463482786254446,-9.832993293053043,0.0
23,22,-1.0463482786254446,-9.832993293053043,0.0
23,23,-0.04634827862544455,-9.832993293053043,1.0
23,24,0.9536517213745554,-9.832993293053043,1.0
23,25,1.9536517213745554,-9.832993293053043,1.0
23,26,2.9536517213745554,-9.832993293053043,1.0
23,27,3.9536517213745554,-9.832993293053043,1.0
23,28,4.9536517213745554,-9.832993293053043,1.0
23,29,5.9536517213745554,-9.832993293053043,1.0
23,30,6.9536517213745554,-9.832993293053043,1.0
24,0,-23.046348278625445,-8.832993293053043,1.0
24,1,-22.046348278625445,-8.832993293053043,1.0
24,2,-21.046348278625445,-8.832993293053043,1.0
24,3,-20.046348278625445,-8.832993293053043,1.0
24,4,-19.046348278625445,-8.832993293053043,1.0
24,5,-18.046348278625445,-8.832993293053043,1.0
24,6,-17.046348278625445,-8.832993293053043,1.0
24,7,-16.046348278625445,-8.832993293053043,1.0
24,8,-15.046348278625445,-8.832993293053043,1.0
24,9,-14.046348278625445,-8.832993293053043,1.0
24,10,-13.046348278625445,-8.832993293053043,1.0
24,11,-12.046348278625445,-8.832993293053043,1.0
24,12,-11.046348278625445,-8.832993293053043,1.0
24,13,-10.046348278625445,-8.832993293053043,1.0
24,14,-9.046348278625445,-8.832993293053043,1.0
24,15,-8.046348278625445,-8.832993293053043,1.0
24,16,-7.0463482786254446,-8.832993293053043,1.0
24,17,-6.0463482786254446,-8.832993293053043,1.0
24,18,-5.0463482786254446,-8.832993293053043,1.0
24,19,-4.0463482786254446,-8.832993293053043,0.0
24,20,-3.0463482786254446,-8.832993293053043,0.0
24,21,-2.0463482786254446,-8.832993293053043,0.0
24,22,-1.0463482786254446,-8.832993293053043,1.0
24,23,-0.04634827862544455,-8.832993293053043,1.0
24,24,0.9536517213745554,-8.832993293053043,1.0
24,25,1.9536517213745554,-8.832993293053043,1.0
24,26,2.9536517213745554,-8.832993293053043,1.0
24,27,3.9536517213745554,-8.832993293053043,1.0
24,28,4.9536517213745554,-8.832993293053043,1.0
24,29,5.9536517213745554,-8.832993293053043,1.0
24,30,6.9536517213745554,-8.832993293053043,1.0
25,0,-23.046348278625445,-7.832993293053043,1.0
25,1,-22.046348278625445,-7.832993293053043,1.0
25,2,-21.046348278625445,-7.832993293053043,1.0
25,3,-20.046348278625445,-7.832993293053043,1.0
25,4,-19.046348278625445,-7.832993293053043,1.0
25,5,-18.046348278625445,-7.832993293053043,1.0
25,6,-17.046348278625445,-7.832993293053043,1.0
25,7,-16.046348278625445,-7.832993293053043,1.0
25,8,-15.046348278625445,-7.832993293053043,1.0
25,9,-14.046348278625445,-7.832993293053043,1.0
25,10,-13.046348278625445,-7.832993293053043,1.0
25,11,-12.046348278625445,-7.832993293053043,1.0
25,12,-11.046348278625445,-7.832993293053043,1.0
25,13,-10.046348278625445,-7.832993293053043,1.0
25,14,-9.046348278625445,-7.832993293053043,1.0
25,15,-8.046348278625445,-7.832993293053043,1.0
25,16,-7.0463482786254446,-7.832993293053043,1.0
25,17,-6.0463482786254446,-7.832993293053043,1.0
25,18,-5.0463482786254446,-7.832993293053043,1.0
25,19,-4.0463482786254446,-7.832993293053043,0.0
25,20,-3.0463482786254446,-7.832993293053043,0.0
25,21,-2.0463482786254446,-7.832993293053043,0.0
25,22,-1.0463482786254446,-7.832993293053043,0.0
25,23,-0.04634827862544455,-7.832993293053043,1.0
25,24,0.9536517213745554,-7.832993293053043,1.0
25,25,1.9536517213745554,-7.832993293053043,1.0
25,26,2.9536517213745554,-7.832993293053043,1.0
25,27,3.9536517213745554,-7.832993293053043,1.0
25,28,4.9536517213745554,-7.832993293053043,1.0
25,29,5.9536517213745554,-7.832993293053043,1.0
25,30,6.9536517213745554,-7.832993293053043,1.0
26,0,-23.046348278625445,-6.832993293053043,1.0
26,1,-22.046348278625445,-6.832993293053043,1.0
26,2,-21.046348278625445,-6.832993293053043,1.0
26,3,-20.046348278625445,-6.832993293053043,1.0
26,4,-19.046348278625445,-6.832993293053043,1.0
26,5,-18.046348278625445,-6.832993293053043,1.0
26,6,-17.046348278625445,-6.832993293053043,1.0
26,7,-16.046348278625445,-6.832993293053043,1.0
26,8,-15.046348278625445,-6.832993293053043,1.0
26,9,-14.046348278625445,-6.832993293053043,1.0
26,10,-13.046348278625445,-6.832993293053043,1.0
26,11,-12.046348278625445,-6.832993293053043,1.0
26,12,-11.046348278625445,-6.832993293053043,1.0
26,13,-10.046348278625445,-6.832993293053043,1.0
26,14,-9.046348278625445,-6.832993293053043,1.0
26,15,-8.046348278625445,-6.832993293053043,1.0
26,16,-7.0463482786254446,-6.832993293053043,1.0
26,17,-6.0463482786254446,-6.832993293053043,1.0
26,18,-5.0463482786254446,-6.832993293053043,0.0
26,19,-4.0463482786254446,-6.832993293053043,0.0
26,20,-3.0463482786254446,-6.832993293053043,0.0
26,21,-2.0463482786254446,-6.832993293053043,0.0
26,22,-1.0463482786254446,-6.832993293053043,0.0
26,23,-0.04634827862544455,-6.832993293053043,1.0
26,24,0.9536517213745554,-6.832993293053043,1.0
26,25,1.9536517213745554,-6.832993293053043,1.0
26,26,2.9536517213745554,-6.832993293053043,1.0
26,27,3.9536517213745554,-6.832993293053043,1.0
26,28,4.9536517213745554,-6.832993293053043,1.0
26,29,5.9536517213745554,-6.832993293053043,1.0
26,30,6.9536517213745554,-6.832993293053043,1.0
27,0,-23.046348278625445,-5.832993293053043,1.0
27,1,-22.046348278625445,-5.832993293053043,1.0
27,2,-21.046348278625445,-5.832993293053043,1.0
27,3,-20.046348278625445,-5.832993293053043,1.0
27,4,-19.046348278625445,-5.832993293053043,1.0
27,5,-18.046348278625445,-5.832993293053043,1.0
27,6,-17.046348278625445,-5.832993293053043,1.0
27,7,-16.046348278625445,-5.832993293053043,1.0
27,8,-15.046348278625445,-5.832993293053043,1.0
27,9,-14.046348278625445,-5.832993293053043,1.0
27,10,-13.046348278625445,-5.832993293053043,1.0
27,11,-12.046348278625445,-5.832993293053043,1.0
27,12,-11.046348278625445,-5.832993293053043,1.0
27,13,-10.046348278625445,-5.832993293053043,1.0
27,14,-9.046348278625445,-5.832993293053043,1.0
27,15,-8.046348278625445,-5.832993293053043,1.0
27,16,-7.0463482786254446,-5.832993293053043,1.0
27,17,-6.0463482786254446,-5.832993293053043,1.0
27,18,-5.0463482786254446,-5.832993293053043,0.0
27,19,-4.0463482786254446,-5.832993293053043,0.0
27,20,-3.0463482786254446,-5.832993293053043,0.0
27,21,-2.0463482786254446,-5.832993293053043,0.0
27,22,-1.0463482786254446,-5.832993293053043,0.0
27,23,-0.04634827862544455,-5.832993293053043,1.0
27,24,0.9536517213745554,-5.832993293053043,1.0
27,25,1.9536517213745554,-5.832993293053043,1.0
27,26,2.9536517213745554,-5.832993293053043,1.0
27,27,3.9536517213745554,-5.832993293053043,1.0
27,28,4.9536517213745554,-5.832993293053043,1.0
27,29,5.9536517213745554,-5.832993293053043,1.0
27,30,6.9536517213745554,-5.832993293053043,1.0
28,0,-23.046348278625445,-4.832993293053043,1.0
28,1,-22.046348278625445,-4.832993293053043,1.0
28,2,-21.046348278625445,-4.832993293053043,1.0
28,3,-20.046348278625445,-4.832993293053043,1.0
28,4,-19.046348278625445,-4.832993293053043,1.0
28,5,-18.046348278625445,-4.832993293053043,1.0
28,6,-17.046348278625445,-4.832993293053043,1.0
28,7,-16.046348278625445,-4.832993293053043,1.0
28,8,-15.046348278625445,-4.832993293053043,1.0
28,9,-14.046348278625445,-4.832993293053043,1.0
28,10,-13.046348278625445,-4.832993293053043,1.0
28,11,-12.046348278625445,-4.832993293053043,1.0
28,12,-11.046348278625445,-4.832993293053043,1.0
28,13,-10.046348278625445,-4.832993293053043,1.0
28,14,-9.046348278625445,-4.832993293053043,1.0
28,15,-8.046348278625445,-4.832993293053043,1.0
28,16,-7.0463482786254446,-4.832993293053043,1.0
28,17,-6.0463482786254446,-4.832993293053043,1.0
28,18,-5.0463482786254446,-4.832993293053043,0.0
28,19,-4.0463482786254446,-4.832993293053043,0.0
28,20,-3.0463482786254446,-4.832993293053043,0.0
28,21,-2.0463482786254446,-4.832993293053043,0.0
28,22,-1.0463482786254446,-4.832993293053043,0.0
28,23,-0.04634827862544455,-4.832993293053043,1.0
28,24,0.9536517213745554,-4.832993293053043,1.0
28,25,1.9536517213745554,-4.832993293053043,1.0
28,26,2.9536517213745554,-4.832993293053043,1.0
28,27,3.9536517213745554,-4.832993293053043,1.0
28,28,4.9536517213745554,-4.832993293053043,1.0
28,29,5.9536517213745554,-4.832993293053043,1.0
28,30,6.9536517213745554,-4.832993293053043,1.0
29,0,-23.046348278625445,-3.8329932930530433,1.0
29,1,-22.046348278625445,-3.8329932930530433,1.0
29,2,-21.046348278625445,-3.8329932930530433,1.0
29,3,-20.046348278625445,-3.8329932930530433,1.0
29,4,-19.046348278625445,-3.8329932930530433,1.0
29,5,-18.046348278625445,-3.8329932930530433,1.0
29,6,-17.046348278625445,-3.8329932930530433,1.0
29,7,-16.046348278625445,-3.8329932930530433,1.0
29,8,-15.046348278625445,-3.8329932930530433,1.0
29,9,-14.046348278625445,-3.8329932930530433,1.0
29,10,-13.046348278625445,-3.8329932930530433,1.0
29,11,-12.046348278625445,-3.8329932930530433,1.0
29,12,-11.046348278625445,-3.8329932930530433,1.0
29,13,-10.046348278625445,-3.8329932930530433,1.0
29,14,-9.046348278625445,-3.8329932930530433,1.0
29,15,-8.046348278625445,-3.8329932930530433,1.0
29,16,-7.0463482786254446,-3.8329932930530433,1.0
29,17,-6.0463482786254446,-3.8329932930530433,1.0
29,18,-5.0463482786254446,-3.8329932930530433,1.0
29,19,-4.0463482786254446,-3.8329932930530433,0.0
29,20,-3.0463482786254446,-3.8329932930530433,0.0
29,21,-2.0463482786254446,-3.8329932930530433,0.0
29,22,-1.0463482786254446,-3.8329932930530433,0.0
29,23,-0.04634827862544455,-3.8329932930530433,1.0
29,24,0.9536517213745554,-3.8329932930530433,1.0
29,25,1.9536517213745554,-3.8329932930530433,1.0
29,26,2.9536517213745554,-3.8329932930530433,1.0
29,27,3.9536517213745554,-3.8329932930530433,1.0
29,28,4.9536517213745554,-3.8329932930530433,1.0
29,29,5.9536517213745554,-3.8329932930530433,1.0
29,30,6.9536517213745554,-3.8329932930530433,1.0
30,0,-23.046348278625445,-2.8329932930530433,1.0
30,1,-22.046348278625445,-2.8329932930530433,1.0
30,2,-21.046348278625445,-2.8329932930530433,1.0
30,3,-20.046348278625445,-2.8329932930530433,1.0
30,4,-19.046348278625445,-2.8329932930530433,1.0
30,5,-18.046348278625445,-2.8329932930530433,1.0
30,6,-17.046348278625445,-2.8329932930530433,1.0
30,7,-16.046348278625445,-2.8329932930530433,1.0
30,8,-15.046348278625445,-2.8329932930530433,1.0
30,9,-14.046348278625445,-2.8329932930530433,1.0
30,10,-13.046348278625445,-2.8329932930530433,1.0
30,11,-12.046348278625445,-2.8329932930530433,1.0
30,12,-11.046348278625445,-2.8329932930530433,1.0
30,13,-10.046348278625445,-2.8329932930530433,1.0
30,14,-9.046348278625445,-2.8329932930530433,1.0
30,15,-8.046348278625445,-2.8329932930530433,1.0
30,16,-7.0463482786254446,-2.8329932930530433,1.0
30,17,-6.0463482786254446,-2.8329932930530433,1.0
30,18,-5.0463482786254446,-2.8329932930530433,1.0
30,19,-4.0463482786254446,-2.8329932930530433,0.0
30,20,-3.0463482786254446,-2.8329932930530433,0.0
30,21,-2.0463482786254446,-2.8329932930530433,0.0
30,22,-1.0463482786254446,-2.8329932930530433,0.0
30,23,-0.04634827862544455,-2.8329932930530433,1.0
30,24,0.9536517213745554,-2.8329932930530433,1.0
30,25,1.9536517213745554,-2.8329932930530433,1.0
30,26,2.9536517213745554,-2.8329932930530433,1.0
30,27,3.9536517213745554,-2.8329932930530433,1.0
30,28,4.9536517213745554,-2.8329932930530433,1.0
30,29,5.9536517213745554,-2.8329932930530433,1.0
30,30,6.9536517213745554,-2.8329932930530433,1.0
31,0,-23.046348278625445,-1.8329932930530433,1.0
31,1,-22.046348278625445,-1.8329932930530433,1.0
31,2,-21.046348278625445,-1.8329932930530433,1.0
31,3,-20.046348278625445,-1.8329932930530433,1.0
31,4,-19.046348278625445,-1.8329932930530433,1.0
31,5,-18.046348278625445,-1.8329932930530433,1.0
31,6,-17.046348278625445,-1.8329932930530433,1.0
31,7,-16.046348278625445,-1.8329932930530433,1.0
31,8,-15.046348278625445,-1.8329932930530433,1.0
31,9,-14.046348278625445,-1.8329932930530433,1.0
31,10,-13.046348278625445,-1.8329932930530433,1.0
31,11,-12.046348278625445,-1.8329932930530433,1.0
31,12,-11.046348278625445,-1.8329932930530433,1.0
31,13,-10.046348278625445,-1.8329932930530433,1.0
31,14,-9.046348278625445,-1.8329932930530433,1.0
31,15,-8.046348278625445,-1.8329932930530433,1.0
31,16,-7.0463482786254446,-1.8329932930530433,1.0
31,17,-6.0463482786254446,-1.8329932930530433,1.0
31,18,-5.0463482786254446,-1.8329932930530433,1.0
31,19,-4.0463482786254446,-1.8329932930530433,0.0
31,20,-3.0463482786254446,-1.8329932930530433,0.0
31,21,-2.0463482786254446,-1.8329932930530433,0.0
31,22,-1.0463482786254446,-1.8329932930530433,0.0
31,23,-0.04634827862544455,-1.8329932930530433,0.0
31,24,0.9536517213745554,-1.8329932930530433,1.0
31,25,1.9536517213745554,-1.8329932930530433,1.0
31,26,2.9536517213745554,-1.8329932930530433,1.0
31,27,3.9536517213745554,-1.8329932930530433,1.0
31,28,4.9536517213745554,-1.8329932930530433,1.0
31,29,5.9536517213745554,-1.8329932930530433,1.0
31,30,6.9536517213745554,-1.8329932930530433,1.0
32,0,-23.046348278625445,-0.8329932930530433,1.0
32,1,-22.046348278625445,-0.8329932930530433,1.0
32,2,-21.046348278625445,-0.8329932930530433,1.0
32,3,-20.046348278625445,-0.8329932930530433,1.0
32,4,-19.046348278625445,-0.8329932930530433,1.0
32,5,-18.046348278625445,-0.8329932930530433,1.0
32,6,-17.046348278625445,-0.8329932930530433,1.0
32,7,-16.046348278625445,-0.8329932930530433,1.0
32,8,-15.046348278625445,-0.8329932930530433,1.0
32,9,-14.046348278625445,-0.8329932930530433,1.0
32,10,-13.046348278625445,-0.8329932930530433,1.0
32,11,-12.046348278625445,-0.8329932930530433,1.0
32,12,-11.046348278625445,-0.8329932930530433,1.0
32,13,-10.046348278625445,-0.8329932930530433,1.0
32,14,-9.046348278625445,-0.8329932930530433,1.0
32,15,-8.046348278625445,-0.8329932930530433,1.0
32,16,-7.0463482786254446,-0.8329932930530433,1.0
32,17,-6.0463482786254446,-0.8329932930530433,1.0
32,18,-5.0463482786254446,-0.8329932930530433,1.0
32,19,-4.0463482786254446,-0.8329932930530433,0.0
32,20,-3.0463482786254446,-0.8329932930530433,0.0
32,21,-2.0463482786254446,-0.8329932930530433,0.0
32,22,-1.0463482786254446,-0.8329932930530433,0.0
32,23,-0.04634827862544455,-0.8329932930530433,0.0
32,24,0.9536517213745554,-0.8329932930530433,0.0
32,25,1.9536517213745554,-0.8329932930530433,1.0
32,26,2.9536517213745554,-0.8329932930530433,1.0
32,27,3.9536517213745554,-0.8329932930530433,1.0
32,28,4.9536517213745554,-0.8329932930530433,1.0
32,29,5.9536517213745554,-0.8329932930530433,1.0
32,30,6.9536517213745554,-0.8329932930530433,1.0
33,0,-23.046348278625445,0.16700670694695674,1.0
33,1,-22.046348278625445,0.16700670694695674,1.0
33,2,-21.046348278625445,0.16700670694695674,1.0
33,3,-20.046348278625445,0.16700670694695674,1.0
33,4,-19.046348278625445,0.16700670694695674,1.0
33,5,-18.046348278625445,0.16700670694695674,1.0
33,6,-17.046348278625445,0.16700670694695674,1.0
33,7,-16.046348278625445,0.16700670694695674,1.0
33,8,-15.046348278625445,0.16700670694695674,1.0
33,9,-14.046348278625445,0.16700670694695674,1.0
33,10,-13.046348278625445,0.16700670694695674,1.0
33,11,-12.046348278625445,0.16700670694695674,1.0
33,12,-11.046348278625445,0.16700670694695674,1.0
33,13,-10.046348278625445,0.16700670694695674,1.0
33,14,-9.046348278625445,0.16700670694695674,1.0
33,15,-8.046348278625445,0.16700670694695674,1.0
33,16,-7.0463482786254446,0.16700670694695674,1.0
33,17,-6.0463482786254446,0.16700670694695674,1.0
33,18,-5.0463482786254446,0.16700670694695674,0.0
33,19,-4.0463482786254446,0.16700670694695674,0.0
33,20,-3.0463482786254446,0.16700670694695674,0.0
33,21,-2.0463482786254446,0.16700670694695674,0.0
33,22,-1.0463482786254446,0.16700670694695674,0.0
33,23,-0.04634827862544455,0.16700670694695674,0.0
33,24,0.9536517213745554,0.16700670694695674,0.0
33,25,1.9536517213745554,0.16700670694695674,0.0
33,26,2.9536517213745554,0.16700670694695674,0.0
33,27,3.9536517213745554,0.16700670694695674,1.0
33,28,4.9536517213745554,0.16700670694695674,1.0
33,29,5.9536517213745554,0.16700670694695674,1.0
33,30,6.9536517213745554,0.16700670694695674,1.0
34,0,-23.046348278625445,1.1670067069469567,1.0
34,1,-22.046348278625445,1.1670067069469567,1.0
34,2,-21.046348278625445,1.1670067069469567,1.0
34,3,-20.046348278625445,1.1670067069469567,1.0
34,4,-19.046348278625445,1.1670067069469567,1.0
34,5,-18.046348278625445,1.1670067069469567,1.0
34,6,-17.046348278625445,1.1670067069469567,1.0
34,7,-16.046348278625445,1.1670067069469567,1.0
34,8,-15.046348278625445,1.1670067069469567,1.0
34,9,-14.046348278625445,1.1670067069469567,1.0
34,10,-13.046348278625445,1.1670067069469567,1.0
34,11,-12.046348278625445,1.1670067069469567,1.0
34,12,-11.046348278625445,1.1670067069469567,1.0
34,13,-10.046348278625445,1.1670067069469567,1.0
34,14,-9.046348278625445,1.1670067069469567,1.0
34,15,-8.046348278625445,1.1670067069469567,1.0
34,16,-7.0463482786254446,1.1670067069469567,1.0
34,17,-6.0463482786254446,1.1670067069469567,0.0
34,18,-5.0463482786254446,1.1670067069469567,0.0
34,19,-4.0463482786254446,1.1670067069469567,0.0
34,20,-3.0463482786254446,1.1670067069469567,0.0
34,21,-2.0463482786254446,1.1670067069469567,0.0
34,22,-1.0463482786254446,1.1670067069469567,0.0
34,23,-0.04634827862544455,1.1670067069469567,0.0
34,24,0.9536517213745554,1.1670067069469567,0.0
34,25,1.9536517213745554,1.1670067069469567,0.0
34,26,2.9536517213745554,1.1670067069469567,0.0
34,27,3.9536517213745554,1.1670067069469567,1.0
34,28,4.9536517213745554,1.1670067069469567,1.0
34,29,5.9536517213745554,1.1670067069469567,1.0
34,30,6.9536517213745554,1.1670067069469567,1.0
35,0,-23.046348278625445,2.1670067069469567,1.0
35,1,-22.046348278625445,2.1670067069469567,1.0
35,2,-21.046348278625445,2.1670067069469567,1.0
35,3,-20.046348278625445,2.1670067069469567,1.0
35,4,-19.046348278625445,2.1670067069469567,1.0
35,5,-18.046348278625445,2.1670067069469567,1.0
35,6,-17.046348278625445,2.1670067069469567,1.0
35,7,-16.046348278625445,2.1670067069469567,1.0
35,8,-15.046348278625445,2.1670067069469567,1.0
35,9,-14.046348278625445,2.1670067069469567,1.0
35,10,-13.046348278625445,2.1670067069469567,1.0
35,11,-12.046348278625445,2.1670067069469567,1.0
35,12,-11.046348278625445,2.1670067069469567,1.0
35,13,-10.046348278625445,2.1670067069469567,1.0
35,14,-9.046348278625445,2.1670067069469567,1.0
35,15,-8.046348278625445,2.1670067069469567,1.0
35,16,-7.0463482786254446,2.1670067069469567,1.0
35,17,-6.0463482786254446,2.1670067069469567,0.0
35,18,-5.0463482786254446,2.1670067069469567,0.0
35,19,-4.0463482786254446,2.1670067069469567,0.0
35,20,-3.0463482786254446,2.1670067069469567,0.0
35,21,-2.0463482786254446,2.1670067069469567,0.0
35,22,-1.0463482786254446,2.1670067069469567,0.0
35,23,-0.04634827862544455,2.1670067069469567,0.0
35,24,0.9536517213745554,2.1670067069469567,0.0
35,25,1.9536517213745554,2.1670067069469567,0.0
35,26,2.9536517213745554,2.1670067069469567,0.0
35,27,3.9536517213745554,2.1670067069469567,1.0
35,28,4.9536517213745554,2.1670067069469567,1.0
35,29,5.9536517213745554,2.1670067069469567,1.0
35,30,6.9536517213745554,2.1670067069469567,1.0
36,0,-23.046348278625445,3.1670067069469567,1.0
36,1,-22.046348278625445,3.1670067069469567,1.0
36,2,-21.046348278625445,3.1670067069469567,1.0
36,3,-20.046348278625445,3.1670067069469567,1.0
36,4,-19.046348278625445,3.1670067069469567,1.0
36,5,-18.046348278625445,3.1670067069469567,1.0
36,6,-17.046348278625445,3.1670067069469567,1.0
36,7,-16.046348278625445,3.1670067069469567,1.0
36,8,-15.046348278625445,3.1670067069469567,1.0
36,9,-14.046348278625445,3.1670067069469567,1.0
36,10,-13.046348278625445,3.1670067069469567,1.0
36,11,-12.046348278625445,3.1670067069469567,1.0
36,12,-11.046348278625445,3.1670067069469567,1.0
36,13,-10.046348278625445,3.1670067069469567,1.0
36,14,-9.046348278625445,3.1670067069469567,1.0
36,15,-8.046348278625445,3.1670067069469567,1.0
36,16,-7.0463482786254446,3.1670067069469567,1.0
36,17,-6.0463482786254446,3.1670067069469567,0.0
36,18,-5.0463482786254446,3.1670067069469567,0.0
36,19,-4.0463482786254446,3.1670067069469567,0.0
36,20,-3.0463482786254446,3.1670067069469567,0.0
36,21,-2.0463482786254446,3.1670067069469567,0.0
36,22,-1.0463482786254446,3.1670067069469567,0.0
36,23,-0.04634827862544455,3.1670067069469567,0.0
36,24,0.9536517213745554,3.1670067069469567,0.0
36,25,1.9536517213745554,3.1670067069469567,0.0
36,26,2.9536517213745554,3.1670067069469567,1.0
36,27,3.9536517213745554,3.1670067069469567,1.0
36,28,4.9536517213745554,3.1670067069469567,1.0
36,29,5.9536517213745554,3.1670067069469567,1.0
36,30,6.9536517213745554,3.1670067069469567,1.0
37,0,-23.046348278625445,4.167006706946957,1.0
37,1,-22.046348278625445,4.167006706946957,1.0
37,2,-21.046348278625445,4.167006706946957,1.0
37,3,-20.046348278625445,4.167006706946957,1.0
37,4,-19.046348278625445,4.167006706946957,1.0
37,5,-18.046348278625445,4.167006706946957,1.0
37,6,-17.046348278625445,4.167006706946957,1.0
37,7,-16.046348278625445,4.167006706946957,1.0
37,8,-15.046348278625445,4.167006706946957,1.0
37,9,-14.046348278625445,4.167006706946957,1.0
37,10,-13.046348278625445,4.167006706946957,1.0
37,11,-12.046348278625445,4.167006706946957,1.0
37,12,-11.046348278625445,4.167006706946957,1.0
37,13,-10.046348278625445,4.167006706946957,1.0
37,14,-9.046348278625445,4.167006706946957,1.0
37,15,-8.046348278625445,4.167006706946957,1.0
37,16,-7.0463482786254446,4.167006706946957,1.0
37,17,-6.0463482786254446,4.167006706946957,1.0
37,18,-5.0463482786254446,4.167006706946957,0.0
37,19,-4.0463482786254446,4.167006706946957,1.0
37,20,-3.0463482786254446,4.167006706946957,0.0
37,21,-2.0463482786254446,4.167006706946957,0.0
37,22,-1.0463482786254446,4.167006706946957,0.0
37,23,-0.04634827862544455,4.167006706946957,0.0
37,24,0.9536517213745554,4.167006706946957,1.0
37,25,1.9536517213745554,4.167006706946957,1.0
37,26,2.9536517213745554,4.167006706946957,1.0
37,27,3.9536517213745554,4.167006706946957,1.0
37,28,4.9536517213745554,4.167006706946957,1.0
37,29,5.9536517213745554,4.167006706946957,1.0
37,30,6.9536517213745554,4.167006706946957,1.0
38,0,-23.046348278625445,5.167006706946957,1.0
38,1,-22.046348278625445,5.167006706946957,1.0
38,2,-21.046348278625445,5.167006706946957,1.0
38,3,-20.046348278625445,5.167006706946957,1.0
38,4,-19.046348278625445,5.167006706946957,1.0
38,5,-18.046348278625445,5.167006706946957,1.0
38,6,-17.046348278625445,5.167006706946957,1.0
38,7,-16.046348278625445,5.167006706946957,1.0
38,8,-15.046348278625445,5.167006706946957,1.0
38,9,-14.046348278625445,5.167006706946957,1.0
38,10,-13.046348278625445,5.167006706946957,1.0
38,11,-12.046348278625445,5.167006706946957,1.0
38,12,-11.046348278625445,5.167006706946957,1.0
38,13,-10.046348278625445,5.167006706946957,1.0
38,14,-9.046348278625445,5.167006706946957,1.0
38,15,-8.046348278625445,5.167006706946957,1.0
38,16,-7.0463482786254446,5.167006706946957,1.0
38,17,-6.0463482786254446,5.167006706946957,1.0
38,18,-5.0463482786254446,5.167006706946957,1.0
38,19,-4.0463482786254446,5.167006706946957,1.0
38,20,-3.0463482786254446,5.167006706946957,1.0
38,21,-2.0463482786254446,5.167006706946957,1.0
38,22,-1.0463482786254446,5.167006706946957,1.0
38,23,-0.04634827862544455,5.167006706946957,1.0
38,24,0.9536517213745554,5.167006706946957,1.0
38,25,1.9536517213745554,5.167006706946957,1.0
38,26,2.9536517213745554,5.167006706946957,1.0
38,27,3.9536517213745554,5.167006706946957,1.0
38,28,4.9536517213745554,5.167006706946957,1.0
38,29,5.9536517213745554,5.167006706946957,1.0
38,30,6.9536517213745554,5.167006706946957,1.0
39,0,-23.046348278625445,6.167006706946957,1.0
39,1,-22.046348278625445,6.167006706946957,1.0
39,2,-21.046348278625445,6.167006706946957,1.0
39,3,-20.046348278625445,6.167006706946957,1.0
39,4,-19.046348278625445,6.167006706946957,1.0
39,5,-18.046348278625445,6.167006706946957,1.0
39,6,-17.046348278625445,6.167006706946957,1.0
39,7,-16.046348278625445,6.167006706946957,1.0
39,8,-15.046348278625445,6.167006706946957,1.0
39,9,-14.046348278625445,6.167006706946957,1.0
39,10,-13.046348278625445,6.167006706946957,1.0
39,11,-12.046348278625445,6.167006706946957,1.0
39,12,-11.046348278625445,6.167006706946957,1.0
39,13,-10.046348278625445,6.167006706946957,1.0
39,14,-9.046348278625445,6.167006706946957,1.0
39,15,-8.046348278625445,6.167006706946957,1.0
39,16,-7.0463482786254446,6.167006706946957,1.0
39,17,-6.0463482786254446,6.167006706946957,1.0
39,18,-5.0463482786254446,6.167006706946957,1.0
39,19,-4.0463482786254446,6.167006706946957,1.0
39,20,-3.0463482786254446,6.167006706946957,1.0
39,21,-2.0463482786254446,6.167006706946957,1.0
39,22,-1.0463482786254446,6.167006706946957,1.0
39,23,-0.04634827862544455,6.167006706946957,1.0
39,24,0.9536517213745554,6.167006706946957,1.0
39,25,1.9536517213745554,6.167006706946957,1.0
39,26,2.9536517213745554,6.167006706946957,1.0
39,27,3.9536517213745554,6.167006706946957,1.0
39,28,4.9536517213745554,6.167006706946957,1.0
39,29,5.9536517213745554,6.167006706946957,1.0
39,30,6.9536517213745554,6.167006706946957,1.0
40,0,-23.046348278625445,7.167006706946957,1.0
40,1,-22.046348278625445,7.167006706946957,1.0
40,2,-21.046348278625445,7.167006706946957,1.0
40,3,-20.046348278625445,7.167006706946957,1.0
40,4,-19.046348278625445,7.167006706946957,1.0
40,5,-18.046348278625445,7.167006706946957,1.0
40,6,-17.046348278625445,7.167006706946957,1.0
40,7,-16.046348278625445,7.167006706946957,1.0
40,8,-15.046348278625445,7.167006706946957,1.0
40,9,-14.046348278625445,7.167006706946957,1.0
40,10,-13.046348278625445,7.167006706946957,1.0
40,11,-12.046348278625445,7.167006706946957,1.0
40,12,-11.046348278625445,7.167006706946957,1.0
40,13,-10.046348278625445,7.167006706946957,1.0
40,14,-9.046348278625445,7.167006706946957,1.0
40,15,-8.046348278625445,7.167006706946957,1.0
40,16,-7.0463482786254446,7.167006706946957,1.0
40,17,-6.0463482786254446,7.167006706946957,1.0
40,18,-5.0463482786254446,7.167006706946957,1.0
40,19,-4.0463482786254446,7.167006706946957,1.0
40,20,-3.0463482786254446,7.167006706946957,1.0
40,21,-2.0463482786254446,7.167006706946957,1.0
40,22,-1.0463482786254446,7.167006706946957,1.0
40,23,-0.04634827862544455,7.167006706946957,1.0
40,24,0.9536517213745554,7.167006706946957,1.0
40,25,1.9536517213745554,7.167006706946957,1.0
40,26,2.9536517213745554,7.167006706946957,1.0
40,27,3.9536517213745554,7.167006706946957,1.0
40,28,4.9536517213745554,7.167006706946957,1.0
40,29,5.9536517213745554,7.167006706946957,1.0
40,30,6.9536517213745554,7.167006706946957,1.0
