waypoint_id,row,col,x,z
0,0,0,-23.046348278625445,-32.83299329305304
1,0,1,-22.046348278625445,-32.83299329305304
2,0,2,-21.046348278625445,-32.83299329305304
3,0,3,-20.046348278625445,-32.83299329305304
4,0,4,-19.046348278625445,-32.83299329305304
5,0,5,-18.046348278625445,-32.83299329305304
6,0,6,-17.046348278625445,-32.83299329305304
7,0,7,-16.046348278625445,-32.83299329305304
8,0,8,-15.046348278625445,-32.83299329305304
9,0,9,-14.046348278625445,-32.83299329305304
10,0,10,-13.046348278625445,-32.83299329305304
11,0,11,-12.046348278625445,-32.83299329305304
12,0,12,-11.046348278625445,-32.83299329305304
13,0,13,-10.046348278625445,-32.83299329305304
14,0,14,-9.046348278625445,-32.83299329305304
15,0,15,-8.046348278625445,-32.83299329305304
16,0,16,-7.0463482786254446,-32.83299329305304
17,0,17,-6.0463482786254446,-32.83299329305304
18,0,18,-5.0463482786254446,-32.83299329305304
19,0,19,-4.0463482786254446,-32.83299329305304
20,0,20,-3.046348278625445,-32.83299329305304
21,0,21,-2.046348278625445,-32.83299329305304
22,0,22,-1.0463482786254446,-32.83299329305304
23,0,23,-0.0463482786254445,-32.83299329305304
24,0,24,0.9536517213745554,-32.83299329305304
25,0,25,1.953651721374556,-32.83299329305304
26,0,26,2.9536517213745554,-32.83299329305304
27,0,27,3.953651721374555,-32.83299329305304
28,0,28,4.9536517213745554,-32.83299329305304
29,0,29,5.9536517213745554,-32.83299329305304
30,0,30,6.9536517213745554,-32.83299329305304
31,1,30,6.9536517213745554,-31.832993293053043
32,1,29,5.9536517213745554,-31.832993293053043
33,1,28,4.9536517213745554,-31.832993293053043
34,1,27,3.953651721374555,-31.832993293053043
35,1,26,2.9536517213745554,-31.832993293053043
36,1,25,1.953651721374556,-31.832993293053043
37,1,24,0.9536517213745554,-31.832993293053043
38,1,23,-0.0463482786254445,-31.832993293053043
39,1,22,-1.0463482786254446,-31.832993293053043
40,1,21,-2.046348278625445,-31.832993293053043
41,1,20,-3.046348278625445,-31.832993293053043
42,1,19,-4.0463482786254446,-31.832993293053043
43,1,18,-5.0463482786254446,-31.832993293053043
44,1,17,-6.0463482786254446,-31.832993293053043
45,1,16,-7.0463482786254446,-31.832993293053043
46,1,15,-8.046348278625445,-31.832993293053043
47,1,14,-9.046348278625445,-31.832993293053043
48,1,13,-10.046348278625445,-31.832993293053043
49,1,12,-11.046348278625445,-31.832993293053043
50,1,11,-12.046348278625445,-31.832993293053043
51,1,10,-13.046348278625445,-31.832993293053043
52,1,9,-14.046348278625445,-31.832993293053043
53,1,8,-15.046348278625445,-31.832993293053043
54,1,7,-16.046348278625445,-31.832993293053043
55,1,6,-17.046348278625445,-31.832993293053043
56,1,5,-18.046348278625445,-31.832993293053043
57,1,4,-19.046348278625445,-31.832993293053043
58,1,3,-20.046348278625445,-31.832993293053043
59,1,2,-21.046348278625445,-31.832993293053043
60,1,1,-22.046348278625445,-31.832993293053043
61,1,0,-23.046348278625445,-31.832993293053043
62,2,0,-23.046348278625445,-30.832993293053043
63,2,1,-22.046348278625445,-30.832993293053043
64,2,2,-21.046348278625445,-30.832993293053043
65,2,3,-20.046348278625445,-30.832993293053043
66,2,4,-19.046348278625445,-30.832993293053043
67,2,5,-18.046348278625445,-30.832993293053043
68,2,6,-17.046348278625445,-30.832993293053043
69,2,7,-16.046348278625445,-30.832993293053043
70,2,8,-15.046348278625445,-30.832993293053043
71,2,9,-14.046348278625445,-30.832993293053043
72,2,10,-13.046348278625445,-30.832993293053043
73,2,11,-12.046348278625445,-30.832993293053043
74,2,12,-11.046348278625445,-30.832993293053043
75,2,13,-10.046348278625445,-30.832993293053043
76,2,14,-9.046348278625445,-30.832993293053043
77,2,15,-8.046348278625445,-30.832993293053043
78,2,16,-7.0463482786254446,-30.832993293053043
79,2,17,-6.0463482786254446,-30.832993293053043
80,2,18,-5.0463482786254446,-30.832993293053043
81,2,19,-4.0463482786254446,-30.832993293053043
82,2,20,-3.046348278625445,-30.832993293053043
83,2,21,-2.046348278625445,-30.832993293053043
84,2,22,-1.0463482786254446,-30.832993293053043
85,2,23,-0.0463482786254445,-30.832993293053043
86,2,24,0.9536517213745554,-30.832993293053043
87,2,25,1.953651721374556,-30.832993293053043
88,2,26,2.9536517213745554,-30.832993293053043
89,2,27,3.953651721374555,-30.832993293053043
90,2,28,4.9536517213745554,-30.832993293053043
91,2,29,5.9536517213745554,-30.832993293053043
92,2,30,6.9536517213745554,-30.832993293053043
93,3,30,6.9536517213745554,-29.832993293053043
94,3,29,5.9536517213745554,-29.832993293053043
95,3,28,4.9536517213745554,-29.832993293053043
96,3,25,1.953651721374556,-29.832993293053043
97,3,24,0.9536517213745554,-29.832993293053043
98,3,23,-0.0463482786254445,-29.832993293053043
99,3,22,-1.0463482786254446,-29.832993293053043
100,3,21,-2.046348278625445,-29.832993293053043
101,3,20,-3.046348278625445,-29.832993293053043
102,3,19,-4.0463482786254446,-29.832993293053043
103,3,18,-5.0463482786254446,-29.832993293053043
104,3,16,-7.0463482786254446,-29.832993293053043
105,3,15,-8.046348278625445,-29.832993293053043
106,3,14,-9.046348278625445,-29.832993293053043
107,3,13,-10.046348278625445,-29.832993293053043
108,3,12,-11.046348278625445,-29.832993293053043
109,3,11,-12.046348278625445,-29.832993293053043
110,3,10,-13.046348278625445,-29.832993293053043
111,3,9,-14.046348278625445,-29.832993293053043
112,3,8,-15.046348278625445,-29.832993293053043
113,3,7,-16.046348278625445,-29.832993293053043
114,3,6,-17.046348278625445,-29.832993293053043
115,3,5,-18.046348278625445,-29.832993293053043
116,3,4,-19.046348278625445,-29.832993293053043
117,3,3,-20.046348278625445,-29.832993293053043
118,3,2,-21.046348278625445,-29.832993293053043
119,3,1,-22.046348278625445,-29.832993293053043
120,3,0,-23.046348278625445,-29.832993293053043
121,4,0,-23.046348278625445,-28.832993293053043
122,4,1,-22.046348278625445,-28.832993293053043
123,4,2,-21.046348278625445,-28.832993293053043
124,4,3,-20.046348278625445,-28.832993293053043
125,4,4,-19.046348278625445,-28.832993293053043
126,4,5,-18.046348278625445,-28.832993293053043
127,4,6,-17.046348278625445,-28.832993293053043
128,4,7,-16.046348278625445,-28.832993293053043
129,4,8,-15.046348278625445,-28.832993293053043
130,4,9,-14.046348278625445,-28.832993293053043
131,4,10,-13.046348278625445,-28.832993293053043
132,4,11,-12.046348278625445,-28.832993293053043
133,4,12,-11.046348278625445,-28.832993293053043
134,4,13,-10.046348278625445,-28.832993293053043
135,4,14,-9.046348278625445,-28.832993293053043
136,4,17,-6.0463482786254446,-28.832993293053043
137,4,18,-5.0463482786254446,-28.832993293053043
138,4,19,-4.0463482786254446,-28.832993293053043
139,4,21,-2.046348278625445,-28.832993293053043
140,4,22,-1.0463482786254446,-28.832993293053043
141,4,23,-0.0463482786254445,-28.832993293053043
142,4,24,0.9536517213745554,-28.832993293053043
143,4,28,4.9536517213745554,-28.832993293053043
144,4,29,5.9536517213745554,-28.832993293053043
145,4,30,6.9536517213745554,-28.832993293053043
146,5,30,6.9536517213745554,-27.832993293053043
147,5,29,5.9536517213745554,-27.832993293053043
148,5,28,4.9536517213745554,-27.832993293053043
149,5,26,2.9536517213745554,-27.832993293053043
150,5,19,-4.0463482786254446,-27.832993293053043
151,5,18,-5.0463482786254446,-27.832993293053043
152,5,12,-11.046348278625445,-27.832993293053043
153,5,11,-12.046348278625445,-27.832993293053043
154,5,10,-13.046348278625445,-27.832993293053043
155,5,9,-14.046348278625445,-27.832993293053043
156,5,8,-15.046348278625445,-27.832993293053043
157,5,7,-16.046348278625445,-27.832993293053043
158,5,6,-17.046348278625445,-27.832993293053043
159,5,5,-18.046348278625445,-27.832993293053043
160,5,4,-19.046348278625445,-27.832993293053043
161,5,3,-20.046348278625445,-27.832993293053043
162,5,2,-21.046348278625445,-27.832993293053043
163,5,1,-22.046348278625445,-27.832993293053043
164,5,0,-23.046348278625445,-27.832993293053043
165,6,0,-23.046348278625445,-26.832993293053043
166,6,1,-22.046348278625445,-26.832993293053043
167,6,2,-21.046348278625445,-26.832993293053043
168,6,3,-20.046348278625445,-26.832993293053043
169,6,4,-19.046348278625445,-26.832993293053043
170,6,8,-15.046348278625445,-26.832993293053043
171,6,9,-14.046348278625445,-26.832993293053043
172,6,10,-13.046348278625445,-26.832993293053043
173,6,11,-12.046348278625445,-26.832993293053043
174,6,13,-10.046348278625445,-26.832993293053043
175,6,14,-9.046348278625445,-26.832993293053043
176,6,15,-8.046348278625445,-26.832993293053043
177,6,17,-6.0463482786254446,-26.832993293053043
178,6,24,0.9536517213745554,-26.832993293053043
179,6,25,1.953651721374556,-26.832993293053043
180,6,27,3.953651721374555,-26.832993293053043
181,6,28,4.9536517213745554,-26.832993293053043
182,6,29,5.9536517213745554,-26.832993293053043
183,6,30,6.9536517213745554,-26.832993293053043
184,7,30,6.9536517213745554,-25.832993293053043
185,7,29,5.9536517213745554,-25.832993293053043
186,7,28,4.9536517213745554,-25.832993293053043
187,7,27,3.953651721374555,-25.832993293053043
188,7,25,1.953651721374556,-25.832993293053043
189,7,24,0.9536517213745554,-25.832993293053043
190,7,23,-0.0463482786254445,-25.832993293053043
191,7,22,-1.0463482786254446,-25.832993293053043
192,7,21,-2.046348278625445,-25.832993293053043
193,7,20,-3.046348278625445,-25.832993293053043
194,7,19,-4.0463482786254446,-25.832993293053043
195,7,15,-8.046348278625445,-25.832993293053043
196,7,14,-9.046348278625445,-25.832993293053043
197,7,13,-10.046348278625445,-25.832993293053043
198,7,11,-12.046348278625445,-25.832993293053043
199,7,10,-13.046348278625445,-25.832993293053043
200,7,6,-17.046348278625445,-25.832993293053043
201,7,4,-19.046348278625445,-25.832993293053043
202,7,3,-20.046348278625445,-25.832993293053043
203,7,2,-21.046348278625445,-25.832993293053043
204,7,1,-22.046348278625445,-25.832993293053043
205,7,0,-23.046348278625445,-25.832993293053043
206,8,0,-23.046348278625445,-24.832993293053043
207,8,1,-22.046348278625445,-24.832993293053043
208,8,2,-21.046348278625445,-24.832993293053043
209,8,3,-20.046348278625445,-24.832993293053043
210,8,4,-19.046348278625445,-24.832993293053043
211,8,5,-18.046348278625445,-24.832993293053043
212,8,8,-15.046348278625445,-24.832993293053043
213,8,10,-13.046348278625445,-24.832993293053043
214,8,11,-12.046348278625445,-24.832993293053043
215,8,13,-10.046348278625445,-24.832993293053043
216,8,14,-9.046348278625445,-24.832993293053043
217,8,15,-8.046348278625445,-24.832993293053043
218,8,17,-6.0463482786254446,-24.832993293053043
219,8,18,-5.0463482786254446,-24.832993293053043
220,8,19,-4.0463482786254446,-24.832993293053043
221,8,20,-3.046348278625445,-24.832993293053043
222,8,21,-2.046348278625445,-24.832993293053043
223,8,22,-1.0463482786254446,-24.832993293053043
224,8,23,-0.0463482786254445,-24.832993293053043
225,8,24,0.9536517213745554,-24.832993293053043
226,8,25,1.953651721374556,-24.832993293053043
227,8,27,3.953651721374555,-24.832993293053043
228,8,28,4.9536517213745554,-24.832993293053043
229,8,29,5.9536517213745554,-24.832993293053043
230,8,30,6.9536517213745554,-24.832993293053043
231,9,30,6.9536517213745554,-23.832993293053043
232,9,29,5.9536517213745554,-23.832993293053043
233,9,28,4.9536517213745554,-23.832993293053043
234,9,27,3.953651721374555,-23.832993293053043
235,9,26,2.9536517213745554,-23.832993293053043
236,9,24,0.9536517213745554,-23.832993293053043
237,9,23,-0.0463482786254445,-23.832993293053043
238,9,22,-1.0463482786254446,-23.832993293053043
239,9,21,-2.046348278625445,-23.832993293053043
240,9,20,-3.046348278625445,-23.832993293053043
241,9,19,-4.0463482786254446,-23.832993293053043
242,9,18,-5.0463482786254446,-23.832993293053043
243,9,17,-6.0463482786254446,-23.832993293053043
244,9,16,-7.0463482786254446,-23.832993293053043
245,9,15,-8.046348278625445,-23.832993293053043
246,9,14,-9.046348278625445,-23.832993293053043
247,9,13,-10.046348278625445,-23.832993293053043
248,9,5,-18.046348278625445,-23.832993293053043
249,9,4,-19.046348278625445,-23.832993293053043
250,9,3,-20.046348278625445,-23.832993293053043
251,9,2,-21.046348278625445,-23.832993293053043
252,9,1,-22.046348278625445,-23.832993293053043
253,9,0,-23.046348278625445,-23.832993293053043
254,10,0,-23.046348278625445,-22.832993293053043
255,10,1,-22.046348278625445,-22.832993293053043
256,10,2,-21.046348278625445,-22.832993293053043
257,10,4,-19.046348278625445,-22.832993293053043
258,10,5,-18.046348278625445,-22.832993293053043
259,10,13,-10.046348278625445,-22.832993293053043
260,10,14,-9.046348278625445,-22.832993293053043
261,10,15,-8.046348278625445,-22.832993293053043
262,10,16,-7.0463482786254446,-22.832993293053043
263,10,17,-6.0463482786254446,-22.832993293053043
264,10,18,-5.0463482786254446,-22.832993293053043
265,10,19,-4.0463482786254446,-22.832993293053043
266,10,20,-3.046348278625445,-22.832993293053043
267,10,21,-2.046348278625445,-22.832993293053043
268,10,22,-1.0463482786254446,-22.832993293053043
269,10,23,-0.0463482786254445,-22.832993293053043
270,10,24,0.9536517213745554,-22.832993293053043
271,10,26,2.9536517213745554,-22.832993293053043
272,10,27,3.953651721374555,-22.832993293053043
273,10,28,4.9536517213745554,-22.832993293053043
274,10,29,5.9536517213745554,-22.832993293053043
275,10,30,6.9536517213745554,-22.832993293053043
276,11,30,6.9536517213745554,-21.832993293053043
277,11,29,5.9536517213745554,-21.832993293053043
278,11,28,4.9536517213745554,-21.832993293053043
279,11,27,3.953651721374555,-21.832993293053043
280,11,26,2.9536517213745554,-21.832993293053043
281,11,25,1.953651721374556,-21.832993293053043
282,11,23,-0.0463482786254445,-21.832993293053043
283,11,22,-1.0463482786254446,-21.832993293053043
284,11,21,-2.046348278625445,-21.832993293053043
285,11,20,-3.046348278625445,-21.832993293053043
286,11,19,-4.0463482786254446,-21.832993293053043
287,11,18,-5.0463482786254446,-21.832993293053043
288,11,17,-6.0463482786254446,-21.832993293053043
289,11,16,-7.0463482786254446,-21.832993293053043
290,11,15,-8.046348278625445,-21.832993293053043
291,11,14,-9.046348278625445,-21.832993293053043
292,11,13,-10.046348278625445,-21.832993293053043
293,11,3,-20.046348278625445,-21.832993293053043
294,11,1,-22.046348278625445,-21.832993293053043
295,11,0,-23.046348278625445,-21.832993293053043
296,12,0,-23.046348278625445,-20.832993293053043
297,12,1,-22.046348278625445,-20.832993293053043
298,12,6,-17.046348278625445,-20.832993293053043
299,12,7,-16.046348278625445,-20.832993293053043
300,12,9,-14.046348278625445,-20.832993293053043
301,12,10,-13.046348278625445,-20.832993293053043
302,12,11,-12.046348278625445,-20.832993293053043
303,12,12,-11.046348278625445,-20.832993293053043
304,12,13,-10.046348278625445,-20.832993293053043
305,12,14,-9.046348278625445,-20.832993293053043
306,12,15,-8.046348278625445,-20.832993293053043
307,12,16,-7.0463482786254446,-20.832993293053043
308,12,17,-6.0463482786254446,-20.832993293053043
309,12,18,-5.0463482786254446,-20.832993293053043
310,12,19,-4.0463482786254446,-20.832993293053043
311,12,20,-3.046348278625445,-20.832993293053043
312,12,21,-2.046348278625445,-20.832993293053043
313,12,22,-1.0463482786254446,-20.832993293053043
314,12,23,-0.0463482786254445,-20.832993293053043
315,12,25,1.953651721374556,-20.832993293053043
316,12,26,2.9536517213745554,-20.832993293053043
317,12,27,3.953651721374555,-20.832993293053043
318,12,28,4.9536517213745554,-20.832993293053043
319,12,29,5.9536517213745554,-20.832993293053043
320,12,30,6.9536517213745554,-20.832993293053043
321,13,30,6.9536517213745554,-19.832993293053043
322,13,29,5.9536517213745554,-19.832993293053043
323,13,28,4.9536517213745554,-19.832993293053043
324,13,27,3.953651721374555,-19.832993293053043
325,13,26,2.9536517213745554,-19.832993293053043
326,13,25,1.953651721374556,-19.832993293053043
327,13,23,-0.0463482786254445,-19.832993293053043
328,13,22,-1.0463482786254446,-19.832993293053043
329,13,21,-2.046348278625445,-19.832993293053043
330,13,20,-3.046348278625445,-19.832993293053043
331,13,19,-4.0463482786254446,-19.832993293053043
332,13,18,-5.0463482786254446,-19.832993293053043
333,13,17,-6.0463482786254446,-19.832993293053043
334,13,16,-7.0463482786254446,-19.832993293053043
335,13,15,-8.046348278625445,-19.832993293053043
336,13,14,-9.046348278625445,-19.832993293053043
337,13,13,-10.046348278625445,-19.832993293053043
338,13,12,-11.046348278625445,-19.832993293053043
339,13,11,-12.046348278625445,-19.832993293053043
340,13,10,-13.046348278625445,-19.832993293053043
341,13,9,-14.046348278625445,-19.832993293053043
342,13,8,-15.046348278625445,-19.832993293053043
343,13,5,-18.046348278625445,-19.832993293053043
344,13,4,-19.046348278625445,-19.832993293053043
345,13,2,-21.046348278625445,-19.832993293053043
346,13,1,-22.046348278625445,-19.832993293053043
347,13,0,-23.046348278625445,-19.832993293053043
348,14,0,-23.046348278625445,-18.832993293053043
349,14,1,-22.046348278625445,-18.832993293053043
350,14,2,-21.046348278625445,-18.832993293053043
351,14,4,-19.046348278625445,-18.832993293053043
352,14,6,-17.046348278625445,-18.832993293053043
353,14,7,-16.046348278625445,-18.832993293053043
354,14,8,-15.046348278625445,-18.832993293053043
355,14,9,-14.046348278625445,-18.832993293053043
356,14,10,-13.046348278625445,-18.832993293053043
357,14,11,-12.046348278625445,-18.832993293053043
358,14,12,-11.046348278625445,-18.832993293053043
359,14,13,-10.046348278625445,-18.832993293053043
360,14,14,-9.046348278625445,-18.832993293053043
361,14,15,-8.046348278625445,-18.832993293053043
362,14,16,-7.0463482786254446,-18.832993293053043
363,14,17,-6.0463482786254446,-18.832993293053043
364,14,18,-5.0463482786254446,-18.832993293053043
365,14,19,-4.0463482786254446,-18.832993293053043
366,14,20,-3.046348278625445,-18.832993293053043
367,14,21,-2.046348278625445,-18.832993293053043
368,14,22,-1.0463482786254446,-18.832993293053043
369,14,24,0.9536517213745554,-18.832993293053043
370,14,25,1.953651721374556,-18.832993293053043
371,14,26,2.9536517213745554,-18.832993293053043
372,14,27,3.953651721374555,-18.832993293053043
373,14,28,4.9536517213745554,-18.832993293053043
374,14,29,5.9536517213745554,-18.832993293053043
375,14,30,6.9536517213745554,-18.832993293053043
376,15,30,6.9536517213745554,-17.832993293053043
377,15,29,5.9536517213745554,-17.832993293053043
378,15,28,4.9536517213745554,-17.832993293053043
379,15,27,3.953651721374555,-17.832993293053043
380,15,26,2.9536517213745554,-17.832993293053043
381,15,25,1.953651721374556,-17.832993293053043
382,15,24,0.9536517213745554,-17.832993293053043
383,15,22,-1.0463482786254446,-17.832993293053043
384,15,21,-2.046348278625445,-17.832993293053043
385,15,20,-3.046348278625445,-17.832993293053043
386,15,19,-4.0463482786254446,-17.832993293053043
387,15,18,-5.0463482786254446,-17.832993293053043
388,15,17,-6.0463482786254446,-17.832993293053043
389,15,16,-7.0463482786254446,-17.832993293053043
390,15,15,-8.046348278625445,-17.832993293053043
391,15,14,-9.046348278625445,-17.832993293053043
392,15,13,-10.046348278625445,-17.832993293053043
393,15,12,-11.046348278625445,-17.832993293053043
394,15,11,-12.046348278625445,-17.832993293053043
395,15,10,-13.046348278625445,-17.832993293053043
396,15,9,-14.046348278625445,-17.832993293053043
397,15,8,-15.046348278625445,-17.832993293053043
398,15,7,-16.046348278625445,-17.832993293053043
399,15,6,-17.046348278625445,-17.832993293053043
400,15,2,-21.046348278625445,-17.832993293053043
401,15,1,-22.046348278625445,-17.832993293053043
402,15,0,-23.046348278625445,-17.832993293053043
403,16,0,-23.046348278625445,-16.832993293053043
404,16,1,-22.046348278625445,-16.832993293053043
405,16,2,-21.046348278625445,-16.832993293053043
406,16,3,-20.046348278625445,-16.832993293053043
407,16,5,-18.046348278625445,-16.832993293053043
408,16,6,-17.046348278625445,-16.832993293053043
409,16,7,-16.046348278625445,-16.832993293053043
410,16,8,-15.046348278625445,-16.832993293053043
411,16,9,-14.046348278625445,-16.832993293053043
412,16,10,-13.046348278625445,-16.832993293053043
413,16,11,-12.046348278625445,-16.832993293053043
414,16,12,-11.046348278625445,-16.832993293053043
415,16,13,-10.046348278625445,-16.832993293053043
416,16,14,-9.046348278625445,-16.832993293053043
417,16,15,-8.046348278625445,-16.832993293053043
418,16,16,-7.0463482786254446,-16.832993293053043
419,16,17,-6.0463482786254446,-16.832993293053043
420,16,18,-5.0463482786254446,-16.832993293053043
421,16,19,-4.0463482786254446,-16.832993293053043
422,16,20,-3.046348278625445,-16.832993293053043
423,16,21,-2.046348278625445,-16.832993293053043
424,16,22,-1.0463482786254446,-16.832993293053043
425,16,24,0.9536517213745554,-16.832993293053043
426,16,25,1.953651721374556,-16.832993293053043
427,16,26,2.9536517213745554,-16.832993293053043
428,16,27,3.953651721374555,-16.832993293053043
429,16,28,4.9536517213745554,-16.832993293053043
430,16,29,5.9536517213745554,-16.832993293053043
431,16,30,6.9536517213745554,-16.832993293053043
432,17,30,6.9536517213745554,-15.832993293053043
433,17,29,5.9536517213745554,-15.832993293053043
434,17,28,4.9536517213745554,-15.832993293053043
435,17,27,3.953651721374555,-15.832993293053043
436,17,26,2.9536517213745554,-15.832993293053043
437,17,25,1.953651721374556,-15.832993293053043
438,17,24,0.9536517213745554,-15.832993293053043
439,17,23,-0.0463482786254445,-15.832993293053043
440,17,21,-2.046348278625445,-15.832993293053043
441,17,20,-3.046348278625445,-15.832993293053043
442,17,19,-4.0463482786254446,-15.832993293053043
443,17,18,-5.0463482786254446,-15.832993293053043
444,17,17,-6.0463482786254446,-15.832993293053043
445,17,16,-7.0463482786254446,-15.832993293053043
446,17,15,-8.046348278625445,-15.832993293053043
447,17,14,-9.046348278625445,-15.832993293053043
448,17,13,-10.046348278625445,-15.832993293053043
449,17,12,-11.046348278625445,-15.832993293053043
450,17,11,-12.046348278625445,-15.832993293053043
451,17,10,-13.046348278625445,-15.832993293053043
452,17,9,-14.046348278625445,-15.832993293053043
453,17,8,-15.046348278625445,-15.832993293053043
454,17,7,-16.046348278625445,-15.832993293053043
455,17,6,-17.046348278625445,-15.832993293053043
456,17,5,-18.046348278625445,-15.832993293053043
457,17,3,-20.046348278625445,-15.832993293053043
458,17,2,-21.046348278625445,-15.832993293053043
459,17,1,-22.046348278625445,-15.832993293053043
460,17,0,-23.046348278625445,-15.832993293053043
461,18,0,-23.046348278625445,-14.832993293053043
462,18,1,-22.046348278625445,-14.832993293053043
463,18,2,-21.046348278625445,-14.832993293053043
464,18,3,-20.046348278625445,-14.832993293053043
465,18,4,-19.046348278625445,-14.832993293053043
466,18,5,-18.046348278625445,-14.832993293053043
467,18,6,-17.046348278625445,-14.832993293053043
468,18,7,-16.046348278625445,-14.832993293053043
469,18,8,-15.046348278625445,-14.832993293053043
470,18,9,-14.046348278625445,-14.832993293053043
471,18,10,-13.046348278625445,-14.832993293053043
472,18,11,-12.046348278625445,-14.832993293053043
473,18,12,-11.046348278625445,-14.832993293053043
474,18,13,-10.046348278625445,-14.832993293053043
475,18,14,-9.046348278625445,-14.832993293053043
476,18,15,-8.046348278625445,-14.832993293053043
477,18,16,-7.0463482786254446,-14.832993293053043
478,18,17,-6.0463482786254446,-14.832993293053043
479,18,18,-5.0463482786254446,-14.832993293053043
480,18,19,-4.0463482786254446,-14.832993293053043
481,18,20,-3.046348278625445,-14.832993293053043
482,18,21,-2.046348278625445,-14.832993293053043
483,18,23,-0.0463482786254445,-14.832993293053043
484,18,24,0.9536517213745554,-14.832993293053043
485,18,25,1.953651721374556,-14.832993293053043
486,18,26,2.9536517213745554,-14.832993293053043
487,18,27,3.953651721374555,-14.832993293053043
488,18,28,4.9536517213745554,-14.832993293053043
489,18,29,5.9536517213745554,-14.832993293053043
490,18,30,6.9536517213745554,-14.832993293053043
491,19,30,6.9536517213745554,-13.832993293053043
492,19,29,5.9536517213745554,-13.832993293053043
493,19,28,4.9536517213745554,-13.832993293053043
494,19,27,3.953651721374555,-13.832993293053043
495,19,26,2.9536517213745554,-13.832993293053043
496,19,25,1.953651721374556,-13.832993293053043
497,19,24,0.9536517213745554,-13.832993293053043
498,19,23,-0.0463482786254445,-13.832993293053043
499,19,22,-1.0463482786254446,-13.832993293053043
500,19,20,-3.046348278625445,-13.832993293053043
501,19,19,-4.0463482786254446,-13.832993293053043
502,19,18,-5.0463482786254446,-13.832993293053043
503,19,17,-6.0463482786254446,-13.832993293053043
504,19,16,-7.0463482786254446,-13.832993293053043
505,19,15,-8.046348278625445,-13.832993293053043
506,19,14,-9.046348278625445,-13.832993293053043
507,19,13,-10.046348278625445,-13.832993293053043
508,19,12,-11.046348278625445,-13.832993293053043
509,19,11,-12.046348278625445,-13.832993293053043
510,19,10,-13.046348278625445,-13.832993293053043
511,19,9,-14.046348278625445,-13.832993293053043
512,19,8,-15.046348278625445,-13.832993293053043
513,19,7,-16.046348278625445,-13.832993293053043
514,19,6,-17.046348278625445,-13.832993293053043
515,19,5,-18.046348278625445,-13.832993293053043
516,19,4,-19.046348278625445,-13.832993293053043
517,19,3,-20.046348278625445,-13.832993293053043
518,19,2,-21.046348278625445,-13.832993293053043
519,19,1,-22.046348278625445,-13.832993293053043
520,19,0,-23.046348278625445,-13.832993293053043
521,20,0,-23.046348278625445,-12.832993293053043
522,20,1,-22.046348278625445,-12.832993293053043
523,20,2,-21.046348278625445,-12.832993293053043
524,20,3,-20.046348278625445,-12.832993293053043
525,20,4,-19.046348278625445,-12.832993293053043
526,20,5,-18.046348278625445,-12.832993293053043
527,20,6,-17.046348278625445,-12.832993293053043
528,20,7,-16.046348278625445,-12.832993293053043
529,20,8,-15.046348278625445,-12.832993293053043
530,20,9,-14.046348278625445,-12.832993293053043
531,20,10,-13.046348278625445,-12.832993293053043
532,20,11,-12.046348278625445,-12.832993293053043
533,20,12,-11.046348278625445,-12.832993293053043
534,20,13,-10.046348278625445,-12.832993293053043
535,20,14,-9.046348278625445,-12.832993293053043
536,20,15,-8.046348278625445,-12.832993293053043
537,20,16,-7.0463482786254446,-12.832993293053043
538,20,17,-6.0463482786254446,-12.832993293053043
539,20,18,-5.0463482786254446,-12.832993293053043
540,20,19,-4.0463482786254446,-12.832993293053043
541,20,20,-3.046348278625445,-12.832993293053043
542,20,22,-1.0463482786254446,-12.832993293053043
543,20,23,-0.0463482786254445,-12.832993293053043
544,20,24,0.9536517213745554,-12.832993293053043
545,20,25,1.953651721374556,-12.832993293053043
546,20,26,2.9536517213745554,-12.832993293053043
547,20,27,3.953651721374555,-12.832993293053043
548,20,28,4.9536517213745554,-12.832993293053043
549,20,29,5.9536517213745554,-12.832993293053043
550,20,30,6.9536517213745554,-12.832993293053043
551,21,30,6.9536517213745554,-11.832993293053043
552,21,29,5.9536517213745554,-11.832993293053043
553,21,28,4.9536517213745554,-11.832993293053043
554,21,27,3.953651721374555,-11.832993293053043
555,21,26,2.9536517213745554,-11.832993293053043
556,21,25,1.953651721374556,-11.832993293053043
557,21,24,0.9536517213745554,-11.832993293053043
558,21,23,-0.0463482786254445,-11.832993293053043
559,21,22,-1.0463482786254446,-11.832993293053043
560,21,21,-2.046348278625445,-11.832993293053043
561,21,19,-4.0463482786254446,-11.832993293053043
562,21,18,-5.0463482786254446,-11.832993293053043
563,21,17,-6.0463482786254446,-11.832993293053043
564,21,16,-7.0463482786254446,-11.832993293053043
565,21,15,-8.046348278625445,-11.832993293053043
566,21,14,-9.046348278625445,-11.832993293053043
567,21,13,-10.046348278625445,-11.832993293053043
568,21,12,-11.046348278625445,-11.832993293053043
569,21,11,-12.046348278625445,-11.832993293053043
570,21,10,-13.046348278625445,-11.832993293053043
571,21,9,-14.046348278625445,-11.832993293053043
572,21,8,-15.046348278625445,-11.832993293053043
573,21,7,-16.046348278625445,-11.832993293053043
574,21,6,-17.046348278625445,-11.832993293053043
575,21,5,-18.046348278625445,-11.832993293053043
576,21,4,-19.046348278625445,-11.832993293053043
577,21,3,-20.046348278625445,-11.832993293053043
578,21,2,-21.046348278625445,-11.832993293053043
579,21,1,-22.046348278625445,-11.832993293053043
580,21,0,-23.046348278625445,-11.832993293053043
581,22,0,-23.046348278625445,-10.832993293053043
582,22,1,-22.046348278625445,-10.832993293053043
583,22,2,-21.046348278625445,-10.832993293053043
584,22,3,-20.046348278625445,-10.832993293053043
585,22,4,-19.046348278625445,-10.832993293053043
586,22,5,-18.046348278625445,-10.832993293053043
587,22,6,-17.046348278625445,-10.832993293053043
588,22,7,-16.046348278625445,-10.832993293053043
589,22,8,-15.046348278625445,-10.832993293053043
590,22,9,-14.046348278625445,-10.832993293053043
591,22,10,-13.046348278625445,-10.832993293053043
592,22,11,-12.046348278625445,-10.832993293053043
593,22,12,-11.046348278625445,-10.832993293053043
594,22,13,-10.046348278625445,-10.832993293053043
595,22,14,-9.046348278625445,-10.832993293053043
596,22,15,-8.046348278625445,-10.832993293053043
597,22,16,-7.0463482786254446,-10.832993293053043
598,22,17,-6.0463482786254446,-10.832993293053043
599,22,18,-5.0463482786254446,-10.832993293053043
600,22,19,-4.0463482786254446,-10.832993293053043
601,22,21,-2.046348278625445,-10.832993293053043
602,22,22,-1.0463482786254446,-10.832993293053043
603,22,23,-0.0463482786254445,-10.832993293053043
604,22,24,0.9536517213745554,-10.832993293053043
605,22,25,1.953651721374556,-10.832993293053043
606,22,26,2.9536517213745554,-10.832993293053043
607,22,27,3.953651721374555,-10.832993293053043
608,22,28,4.9536517213745554,-10.832993293053043
609,22,29,5.9536517213745554,-10.832993293053043
610,22,30,6.9536517213745554,-10.832993293053043
611,23,30,6.9536517213745554,-9.832993293053043
612,23,29,5.9536517213745554,-9.832993293053043
613,23,28,4.9536517213745554,-9.832993293053043
614,23,27,3.953651721374555,-9.832993293053043
615,23,26,2.9536517213745554,-9.832993293053043
616,23,25,1.953651721374556,-9.832993293053043
617,23,24,0.9536517213745554,-9.832993293053043
618,23,23,-0.0463482786254445,-9.832993293053043
619,23,22,-1.0463482786254446,-9.832993293053043
620,23,19,-4.0463482786254446,-9.832993293053043
621,23,18,-5.0463482786254446,-9.832993293053043
622,23,17,-6.0463482786254446,-9.832993293053043
623,23,16,-7.0463482786254446,-9.832993293053043
624,23,15,-8.046348278625445,-9.832993293053043
625,23,14,-9.046348278625445,-9.832993293053043
626,23,13,-10.046348278625445,-9.832993293053043
627,23,12,-11.046348278625445,-9.832993293053043
628,23,11,-12.046348278625445,-9.832993293053043
629,23,10,-13.046348278625445,-9.832993293053043
630,23,9,-14.046348278625445,-9.832993293053043
631,23,8,-15.046348278625445,-9.832993293053043
632,23,7,-16.046348278625445,-9.832993293053043
633,23,6,-17.046348278625445,-9.832993293053043
634,23,5,-18.046348278625445,-9.832993293053043
635,23,4,-19.046348278625445,-9.832993293053043
636,23,3,-20.046348278625445,-9.832993293053043
637,23,2,-21.046348278625445,-9.832993293053043
638,23,1,-22.046348278625445,-9.832993293053043
639,23,0,-23.046348278625445,-9.832993293053043
640,24,0,-23.046348278625445,-8.832993293053043
641,24,1,-22.046348278625445,-8.832993293053043
642,24,2,-21.046348278625445,-8.832993293053043
643,24,3,-20.046348278625445,-8.832993293053043
644,24,4,-19.046348278625445,-8.832993293053043
645,24,5,-18.046348278625445,-8.832993293053043
646,24,6,-17.046348278625445,-8.832993293053043
647,24,7,-16.046348278625445,-8.832993293053043
648,24,8,-15.046348278625445,-8.832993293053043
649,24,9,-14.046348278625445,-8.832993293053043
650,24,10,-13.046348278625445,-8.832993293053043
651,24,11,-12.046348278625445,-8.832993293053043
652,24,12,-11.046348278625445,-8.832993293053043
653,24,13,-10.046348278625445,-8.832993293053043
654,24,14,-9.046348278625445,-8.832993293053043
655,24,15,-8.046348278625445,-8.832993293053043
656,24,16,-7.0463482786254446,-8.832993293053043
657,24,17,-6.0463482786254446,-8.832993293053043
658,24,18,-5.0463482786254446,-8.832993293053043
659,24,19,-4.0463482786254446,-8.832993293053043
660,24,21,-2.046348278625445,-8.832993293053043
661,24,22,-1.0463482786254446,-8.832993293053043
662,24,23,-0.0463482786254445,-8.832993293053043
663,24,24,0.9536517213745554,-8.832993293053043
664,24,25,1.953651721374556,-8.832993293053043
665,24,26,2.9536517213745554,-8.832993293053043
666,24,27,3.953651721374555,-8.832993293053043
667,24,28,4.9536517213745554,-8.832993293053043
668,24,29,5.9536517213745554,-8.832993293053043
669,24,30,6.9536517213745554,-8.832993293053043
670,25,30,6.9536517213745554,-7.832993293053043
671,25,29,5.9536517213745554,-7.832993293053043
672,25,28,4.9536517213745554,-7.832993293053043
673,25,27,3.953651721374555,-7.832993293053043
674,25,26,2.9536517213745554,-7.832993293053043
675,25,25,1.953651721374556,-7.832993293053043
676,25,24,0.9536517213745554,-7.832993293053043
677,25,23,-0.0463482786254445,-7.832993293053043
678,25,22,-1.0463482786254446,-7.832993293053043
679,25,21,-2.046348278625445,-7.832993293053043
680,25,19,-4.0463482786254446,-7.832993293053043
681,25,18,-5.0463482786254446,-7.832993293053043
682,25,17,-6.0463482786254446,-7.832993293053043
683,25,16,-7.0463482786254446,-7.832993293053043
684,25,15,-8.046348278625445,-7.832993293053043
685,25,14,-9.046348278625445,-7.832993293053043
686,25,13,-10.046348278625445,-7.832993293053043
687,25,12,-11.046348278625445,-7.832993293053043
688,25,11,-12.046348278625445,-7.832993293053043
689,25,10,-13.046348278625445,-7.832993293053043
690,25,9,-14.046348278625445,-7.832993293053043
691,25,8,-15.046348278625445,-7.832993293053043
692,25,7,-16.046348278625445,-7.832993293053043
693,25,6,-17.046348278625445,-7.832993293053043
694,25,5,-18.046348278625445,-7.832993293053043
695,25,4,-19.046348278625445,-7.832993293053043
696,25,3,-20.046348278625445,-7.832993293053043
697,25,2,-21.046348278625445,-7.832993293053043
698,25,1,-22.046348278625445,-7.832993293053043
699,25,0,-23.046348278625445,-7.832993293053043
700,26,0,-23.046348278625445,-6.832993293053043
701,26,1,-22.046348278625445,-6.832993293053043
702,26,2,-21.046348278625445,-6.832993293053043
703,26,3,-20.046348278625445,-6.832993293053043
704,26,4,-19.046348278625445,-6.832993293053043
705,26,5,-18.046348278625445,-6.832993293053043
706,26,6,-17.046348278625445,-6.832993293053043
707,26,7,-16.046348278625445,-6.832993293053043
708,26,8,-15.046348278625445,-6.832993293053043
709,26,9,-14.046348278625445,-6.832993293053043
710,26,10,-13.046348278625445,-6.832993293053043
711,26,11,-12.046348278625445,-6.832993293053043
712,26,12,-11.046348278625445,-6.832993293053043
713,26,13,-10.046348278625445,-6.832993293053043
714,26,14,-9.046348278625445,-6.832993293053043
715,26,15,-8.046348278625445,-6.832993293053043
716,26,16,-7.0463482786254446,-6.832993293053043
717,26,17,-6.0463482786254446,-6.832993293053043
718,26,18,-5.0463482786254446,-6.832993293053043
719,26,19,-4.0463482786254446,-6.832993293053043
720,26,22,-1.0463482786254446,-6.832993293053043
721,26,23,-0.0463482786254445,-6.832993293053043
722,26,24,0.9536517213745554,-6.832993293053043
723,26,25,1.953651721374556,-6.832993293053043
724,26,26,2.9536517213745554,-6.832993293053043
725,26,27,3.953651721374555,-6.832993293053043
726,26,28,4.9536517213745554,-6.832993293053043
727,26,29,5.9536517213745554,-6.832993293053043
728,26,30,6.9536517213745554,-6.832993293053043
729,27,30,6.9536517213745554,-5.832993293053043
730,27,29,5.9536517213745554,-5.832993293053043
731,27,28,4.9536517213745554,-5.832993293053043
732,27,27,3.953651721374555,-5.832993293053043
733,27,26,2.9536517213745554,-5.832993293053043
734,27,25,1.953651721374556,-5.832993293053043
735,27,24,0.9536517213745554,-5.832993293053043
736,27,23,-0.0463482786254445,-5.832993293053043
737,27,22,-1.0463482786254446,-5.832993293053043
738,27,18,-5.0463482786254446,-5.832993293053043
739,27,17,-6.0463482786254446,-5.832993293053043
740,27,16,-7.0463482786254446,-5.832993293053043
741,27,15,-8.046348278625445,-5.832993293053043
742,27,14,-9.046348278625445,-5.832993293053043
743,27,13,-10.046348278625445,-5.832993293053043
744,27,12,-11.046348278625445,-5.832993293053043
745,27,11,-12.046348278625445,-5.832993293053043
746,27,10,-13.046348278625445,-5.832993293053043
747,27,9,-14.046348278625445,-5.832993293053043
748,27,8,-15.046348278625445,-5.832993293053043
749,27,7,-16.046348278625445,-5.832993293053043
750,27,6,-17.046348278625445,-5.832993293053043
751,27,5,-18.046348278625445,-5.832993293053043
752,27,4,-19.046348278625445,-5.832993293053043
753,27,3,-20.046348278625445,-5.832993293053043
754,27,2,-21.046348278625445,-5.832993293053043
755,27,1,-22.046348278625445,-5.832993293053043
756,27,0,-23.046348278625445,-5.832993293053043
757,28,0,-23.046348278625445,-4.832993293053043
758,28,1,-22.046348278625445,-4.832993293053043
759,28,2,-21.046348278625445,-4.832993293053043
760,28,3,-20.046348278625445,-4.832993293053043
761,28,4,-19.046348278625445,-4.832993293053043
762,28,5,-18.046348278625445,-4.832993293053043
763,28,6,-17.046348278625445,-4.832993293053043
764,28,7,-16.046348278625445,-4.832993293053043
765,28,8,-15.046348278625445,-4.832993293053043
766,28,9,-14.046348278625445,-4.832993293053043
767,28,10,-13.046348278625445,-4.832993293053043
768,28,11,-12.046348278625445,-4.832993293053043
769,28,12,-11.046348278625445,-4.832993293053043
770,28,13,-10.046348278625445,-4.832993293053043
771,28,14,-9.046348278625445,-4.832993293053043
772,28,15,-8.046348278625445,-4.832993293053043
773,28,16,-7.0463482786254446,-4.832993293053043
774,28,17,-6.0463482786254446,-4.832993293053043
775,28,18,-5.0463482786254446,-4.832993293053043
776,28,22,-1.0463482786254446,-4.832993293053043
777,28,23,-0.0463482786254445,-4.832993293053043
778,28,24,0.9536517213745554,-4.832993293053043
779,28,25,1.953651721374556,-4.832993293053043
780,28,26,2.9536517213745554,-4.832993293053043
781,28,27,3.953651721374555,-4.832993293053043
782,28,28,4.9536517213745554,-4.832993293053043
783,28,29,5.9536517213745554,-4.832993293053043
784,28,30,6.9536517213745554,-4.832993293053043
785,29,30,6.9536517213745554,-3.8329932930530433
786,29,29,5.9536517213745554,-3.8329932930530433
787,29,28,4.9536517213745554,-3.8329932930530433
788,29,27,3.953651721374555,-3.8329932930530433
789,29,26,2.9536517213745554,-3.8329932930530433
790,29,25,1.953651721374556,-3.8329932930530433
791,29,24,0.9536517213745554,-3.8329932930530433
792,29,23,-0.0463482786254445,-3.8329932930530433
793,29,22,-1.0463482786254446,-3.8329932930530433
794,29,19,-4.0463482786254446,-3.8329932930530433
795,29,18,-5.0463482786254446,-3.8329932930530433
796,29,17,-6.0463482786254446,-3.8329932930530433
797,29,16,-7.0463482786254446,-3.8329932930530433
798,29,15,-8.046348278625445,-3.8329932930530433
799,29,14,-9.046348278625445,-3.8329932930530433
800,29,13,-10.046348278625445,-3.8329932930530433
801,29,12,-11.046348278625445,-3.8329932930530433
802,29,11,-12.046348278625445,-3.8329932930530433
803,29,10,-13.046348278625445,-3.8329932930530433
804,29,9,-14.046348278625445,-3.8329932930530433
805,29,8,-15.046348278625445,-3.8329932930530433
806,29,7,-16.046348278625445,-3.8329932930530433
807,29,6,-17.046348278625445,-3.8329932930530433
808,29,5,-18.046348278625445,-3.8329932930530433
809,29,4,-19.046348278625445,-3.8329932930530433
810,29,3,-20.046348278625445,-3.8329932930530433
811,29,2,-21.046348278625445,-3.8329932930530433
812,29,1,-22.046348278625445,-3.8329932930530433
813,29,0,-23.046348278625445,-3.8329932930530433
814,30,0,-23.046348278625445,-2.832993293053044
815,30,1,-22.046348278625445,-2.832993293053044
816,30,2,-21.046348278625445,-2.832993293053044
817,30,3,-20.046348278625445,-2.832993293053044
818,30,4,-19.046348278625445,-2.832993293053044
819,30,5,-18.046348278625445,-2.832993293053044
820,30,6,-17.046348278625445,-2.832993293053044
821,30,7,-16.046348278625445,-2.832993293053044
822,30,8,-15.046348278625445,-2.832993293053044
823,30,9,-14.046348278625445,-2.832993293053044
824,30,10,-13.046348278625445,-2.832993293053044
825,30,11,-12.046348278625445,-2.832993293053044
826,30,12,-11.046348278625445,-2.832993293053044
827,30,13,-10.046348278625445,-2.832993293053044
828,30,14,-9.046348278625445,-2.832993293053044
829,30,15,-8.046348278625445,-2.832993293053044
830,30,16,-7.0463482786254446,-2.832993293053044
831,30,17,-6.0463482786254446,-2.832993293053044
832,30,18,-5.0463482786254446,-2.832993293053044
833,30,19,-4.0463482786254446,-2.832993293053044
834,30,21,-2.046348278625445,-2.832993293053044
835,30,22,-1.0463482786254446,-2.832993293053044
836,30,23,-0.0463482786254445,-2.832993293053044
837,30,24,0.9536517213745554,-2.832993293053044
838,30,25,1.953651721374556,-2.832993293053044
839,30,26,2.9536517213745554,-2.832993293053044
840,30,27,3.953651721374555,-2.832993293053044
841,30,28,4.9536517213745554,-2.832993293053044
842,30,29,5.9536517213745554,-2.832993293053044
843,30,30,6.9536517213745554,-2.832993293053044
844,31,30,6.9536517213745554,-1.832993293053044
845,31,29,5.9536517213745554,-1.832993293053044
846,31,28,4.9536517213745554,-1.832993293053044
847,31,27,3.953651721374555,-1.832993293053044
848,31,26,2.9536517213745554,-1.832993293053044
849,31,25,1.953651721374556,-1.832993293053044
850,31,24,0.9536517213745554,-1.832993293053044
851,31,23,-0.0463482786254445,-1.832993293053044
852,31,22,-1.0463482786254446,-1.832993293053044
853,31,21,-2.046348278625445,-1.832993293053044
854,31,19,-4.0463482786254446,-1.832993293053044
855,31,18,-5.0463482786254446,-1.832993293053044
856,31,17,-6.0463482786254446,-1.832993293053044
857,31,16,-7.0463482786254446,-1.832993293053044
858,31,15,-8.046348278625445,-1.832993293053044
859,31,14,-9.046348278625445,-1.832993293053044
860,31,13,-10.046348278625445,-1.832993293053044
861,31,12,-11.046348278625445,-1.832993293053044
862,31,11,-12.046348278625445,-1.832993293053044
863,31,10,-13.046348278625445,-1.832993293053044
864,31,9,-14.046348278625445,-1.832993293053044
865,31,8,-15.046348278625445,-1.832993293053044
866,31,7,-16.046348278625445,-1.832993293053044
867,31,6,-17.046348278625445,-1.832993293053044
868,31,5,-18.046348278625445,-1.832993293053044
869,31,4,-19.046348278625445,-1.832993293053044
870,31,3,-20.046348278625445,-1.832993293053044
871,31,2,-21.046348278625445,-1.832993293053044
872,31,1,-22.046348278625445,-1.832993293053044
873,31,0,-23.046348278625445,-1.832993293053044
874,32,0,-23.046348278625445,-0.8329932930530433
875,32,1,-22.046348278625445,-0.8329932930530433
876,32,2,-21.046348278625445,-0.8329932930530433
877,32,3,-20.046348278625445,-0.8329932930530433
878,32,4,-19.046348278625445,-0.8329932930530433
879,32,5,-18.046348278625445,-0.8329932930530433
880,32,6,-17.046348278625445,-0.8329932930530433
881,32,7,-16.046348278625445,-0.8329932930530433
882,32,8,-15.046348278625445,-0.8329932930530433
883,32,9,-14.046348278625445,-0.8329932930530433
884,32,10,-13.046348278625445,-0.8329932930530433
885,32,11,-12.046348278625445,-0.8329932930530433
886,32,12,-11.046348278625445,-0.8329932930530433
887,32,13,-10.046348278625445,-0.8329932930530433
888,32,14,-9.046348278625445,-0.8329932930530433
889,32,15,-8.046348278625445,-0.8329932930530433
890,32,16,-7.0463482786254446,-0.8329932930530433
891,32,17,-6.0463482786254446,-0.8329932930530433
892,32,18,-5.0463482786254446,-0.8329932930530433
893,32,19,-4.0463482786254446,-0.8329932930530433
894,32,24,0.9536517213745554,-0.8329932930530433
895,32,25,1.953651721374556,-0.8329932930530433
896,32,26,2.9536517213745554,-0.8329932930530433
897,32,27,3.953651721374555,-0.8329932930530433
898,32,28,4.9536517213745554,-0.8329932930530433
899,32,29,5.9536517213745554,-0.8329932930530433
900,32,30,6.9536517213745554,-0.8329932930530433
901,33,30,6.9536517213745554,0.1670067069469567
902,33,29,5.9536517213745554,0.1670067069469567
903,33,28,4.9536517213745554,0.1670067069469567
904,33,27,3.953651721374555,0.1670067069469567
905,33,26,2.9536517213745554,0.1670067069469567
906,33,25,1.953651721374556,0.1670067069469567
907,33,24,0.9536517213745554,0.1670067069469567
908,33,18,-5.0463482786254446,0.1670067069469567
909,33,17,-6.0463482786254446,0.1670067069469567
910,33,16,-7.0463482786254446,0.1670067069469567
911,33,15,-8.046348278625445,0.1670067069469567
912,33,14,-9.046348278625445,0.1670067069469567
913,33,13,-10.046348278625445,0.1670067069469567
914,33,12,-11.046348278625445,0.1670067069469567
915,33,11,-12.046348278625445,0.1670067069469567
916,33,10,-13.046348278625445,0.1670067069469567
917,33,9,-14.046348278625445,0.1670067069469567
918,33,8,-15.046348278625445,0.1670067069469567
919,33,7,-16.046348278625445,0.1670067069469567
920,33,6,-17.046348278625445,0.1670067069469567
921,33,5,-18.046348278625445,0.1670067069469567
922,33,4,-19.046348278625445,0.1670067069469567
923,33,3,-20.046348278625445,0.1670067069469567
924,33,2,-21.046348278625445,0.1670067069469567
925,33,1,-22.046348278625445,0.1670067069469567
926,33,0,-23.046348278625445,0.1670067069469567
927,34,0,-23.046348278625445,1.1670067069469567
928,34,1,-22.046348278625445,1.1670067069469567
929,34,2,-21.046348278625445,1.1670067069469567
930,34,3,-20.046348278625445,1.1670067069469567
931,34,4,-19.046348278625445,1.1670067069469567
932,34,5,-18.046348278625445,1.1670067069469567
933,34,6,-17.046348278625445,1.1670067069469567
934,34,7,-16.046348278625445,1.1670067069469567
935,34,8,-15.046348278625445,1.1670067069469567
936,34,9,-14.046348278625445,1.1670067069469567
937,34,10,-13.046348278625445,1.1670067069469567
938,34,11,-12.046348278625445,1.1670067069469567
939,34,12,-11.046348278625445,1.1670067069469567
940,34,13,-10.046348278625445,1.1670067069469567
941,34,14,-9.046348278625445,1.1670067069469567
942,34,15,-8.046348278625445,1.1670067069469567
943,34,16,-7.0463482786254446,1.1670067069469567
944,34,17,-6.0463482786254446,1.1670067069469567
945,34,18,-5.0463482786254446,1.1670067069469567
946,34,23,-0.0463482786254445,1.1670067069469567
947,34,25,1.953651721374556,1.1670067069469567
948,34,26,2.9536517213745554,1.1670067069469567
949,34,27,3.953651721374555,1.1670067069469567
950,34,28,4.9536517213745554,1.1670067069469567
951,34,29,5.9536517213745554,1.1670067069469567
952,34,30,6.9536517213745554,1.1670067069469567
953,35,30,6.9536517213745554,2.1670067069469567
954,35,29,5.9536517213745554,2.1670067069469567
955,35,28,4.9536517213745554,2.1670067069469567
956,35,27,3.953651721374555,2.1670067069469567
957,35,26,2.9536517213745554,2.1670067069469567
958,35,22,-1.0463482786254446,2.1670067069469567
959,35,20,-3.046348278625445,2.1670067069469567
960,35,17,-6.0463482786254446,2.1670067069469567
961,35,16,-7.0463482786254446,2.1670067069469567
962,35,15,-8.046348278625445,2.1670067069469567
963,35,14,-9.046348278625445,2.1670067069469567
964,35,13,-10.046348278625445,2.1670067069469567
965,35,12,-11.046348278625445,2.1670067069469567
966,35,11,-12.046348278625445,2.1670067069469567
967,35,10,-13.046348278625445,2.1670067069469567
968,35,9,-14.046348278625445,2.1670067069469567
969,35,8,-15.046348278625445,2.1670067069469567
970,35,7,-16.046348278625445,2.1670067069469567
971,35,6,-17.046348278625445,2.1670067069469567
972,35,5,-18.046348278625445,2.1670067069469567
973,35,4,-19.046348278625445,2.1670067069469567
974,35,3,-20.046348278625445,2.1670067069469567
975,35,2,-21.046348278625445,2.1670067069469567
976,35,1,-22.046348278625445,2.1670067069469567
977,35,0,-23.046348278625445,2.1670067069469567
978,36,0,-23.046348278625445,3.1670067069469567
979,36,1,-22.046348278625445,3.1670067069469567
980,36,2,-21.046348278625445,3.1670067069469567
981,36,3,-20.046348278625445,3.1670067069469567
982,36,4,-19.046348278625445,3.1670067069469567
983,36,5,-18.046348278625445,3.1670067069469567
984,36,6,-17.046348278625445,3.1670067069469567
985,36,7,-16.046348278625445,3.1670067069469567
986,36,8,-15.046348278625445,3.1670067069469567
987,36,9,-14.046348278625445,3.1670067069469567
988,36,10,-13.046348278625445,3.1670067069469567
989,36,11,-12.046348278625445,3.1670067069469567
990,36,12,-11.046348278625445,3.1670067069469567
991,36,13,-10.046348278625445,3.1670067069469567
992,36,14,-9.046348278625445,3.1670067069469567
993,36,15,-8.046348278625445,3.1670067069469567
994,36,16,-7.0463482786254446,3.1670067069469567
995,36,17,-6.0463482786254446,3.1670067069469567
996,36,19,-4.0463482786254446,3.1670067069469567
997,36,20,-3.046348278625445,3.1670067069469567
998,36,23,-0.0463482786254445,3.1670067069469567
999,36,24,0.9536517213745554,3.1670067069469567
1000,36,25,1.953651721374556,3.1670067069469567
1001,36,26,2.9536517213745554,3.1670067069469567
1002,36,27,3.953651721374555,3.1670067069469567
1003,36,28,4.9536517213745554,3.1670067069469567
1004,36,29,5.9536517213745554,3.1670067069469567
1005,36,30,6.9536517213745554,3.1670067069469567
1006,37,30,6.9536517213745554,4.167006706946957
1007,37,29,5.9536517213745554,4.167006706946957
1008,37,28,4.9536517213745554,4.167006706946957
1009,37,27,3.953651721374555,4.167006706946957
1010,37,26,2.9536517213745554,4.167006706946957
1011,37,25,1.953651721374556,4.167006706946957
1012,37,24,0.9536517213745554,4.167006706946957
1013,37,23,-0.0463482786254445,4.167006706946957
1014,37,22,-1.0463482786254446,4.167006706946957
1015,37,20,-3.046348278625445,4.167006706946957
1016,37,19,-4.0463482786254446,4.167006706946957
1017,37,18,-5.0463482786254446,4.167006706946957
1018,37,17,-6.0463482786254446,4.167006706946957
1019,37,16,-7.0463482786254446,4.167006706946957
1020,37,15,-8.046348278625445,4.167006706946957
1021,37,14,-9.046348278625445,4.167006706946957
1022,37,13,-10.046348278625445,4.167006706946957
1023,37,12,-11.046348278625445,4.167006706946957
1024,37,11,-12.046348278625445,4.167006706946957
1025,37,10,-13.046348278625445,4.167006706946957
1026,37,9,-14.046348278625445,4.167006706946957
1027,37,8,-15.046348278625445,4.167006706946957
1028,37,7,-16.046348278625445,4.167006706946957
1029,37,6,-17.046348278625445,4.167006706946957
1030,37,5,-18.046348278625445,4.167006706946957
1031,37,4,-19.046348278625445,4.167006706946957
1032,37,3,-20.046348278625445,4.167006706946957
1033,37,2,-21.046348278625445,4.167006706946957
1034,37,1,-22.046348278625445,4.167006706946957
1035,37,0,-23.046348278625445,4.167006706946957
1036,38,0,-23.046348278625445,5.167006706946957
1037,38,1,-22.046348278625445,5.167006706946957
1038,38,2,-21.046348278625445,5.167006706946957
1039,38,3,-20.046348278625445,5.167006706946957
1040,38,4,-19.046348278625445,5.167006706946957
1041,38,5,-18.046348278625445,5.167006706946957
1042,38,6,-17.046348278625445,5.167006706946957
1043,38,7,-16.046348278625445,5.167006706946957
1044,38,8,-15.046348278625445,5.167006706946957
1045,38,9,-14.046348278625445,5.167006706946957
1046,38,10,-13.046348278625445,5.167006706946957
1047,38,11,-12.046348278625445,5.167006706946957
1048,38,12,-11.046348278625445,5.167006706946957
1049,38,13,-10.046348278625445,5.167006706946957
1050,38,14,-9.046348278625445,5.167006706946957
1051,38,15,-8.046348278625445,5.167006706946957
1052,38,16,-7.0463482786254446,5.167006706946957
1053,38,17,-6.0463482786254446,5.167006706946957
1054,38,18,-5.0463482786254446,5.167006706946957
1055,38,19,-4.0463482786254446,5.167006706946957
1056,38,20,-3.046348278625445,5.167006706946957
1057,38,21,-2.046348278625445,5.167006706946957
1058,38,22,-1.0463482786254446,5.167006706946957
1059,38,23,-0.0463482786254445,5.167006706946957
1060,38,24,0.9536517213745554,5.167006706946957
1061,38,25,1.953651721374556,5.167006706946957
1062,38,26,2.9536517213745554,5.167006706946957
1063,38,27,3.953651721374555,5.167006706946957
1064,38,28,4.9536517213745554,5.167006706946957
1065,38,29,5.9536517213745554,5.167006706946957
1066,38,30,6.9536517213745554,5.167006706946957
1067,39,30,6.9536517213745554,6.167006706946957
1068,39,29,5.9536517213745554,6.167006706946957
1069,39,28,4.9536517213745554,6.167006706946957
1070,39,27,3.953651721374555,6.167006706946957
1071,39,26,2.9536517213745554,6.167006706946957
1072,39,25,1.953651721374556,6.167006706946957
1073,39,24,0.9536517213745554,6.167006706946957
1074,39,23,-0.0463482786254445,6.167006706946957
1075,39,22,-1.0463482786254446,6.167006706946957
1076,39,21,-2.046348278625445,6.167006706946957
1077,39,20,-3.046348278625445,6.167006706946957
1078,39,19,-4.0463482786254446,6.167006706946957
1079,39,18,-5.0463482786254446,6.167006706946957
1080,39,17,-6.0463482786254446,6.167006706946957
1081,39,16,-7.0463482786254446,6.167006706946957
1082,39,15,-8.046348278625445,6.167006706946957
1083,39,14,-9.046348278625445,6.167006706946957
1084,39,13,-10.046348278625445,6.167006706946957
1085,39,12,-11.046348278625445,6.167006706946957
1086,39,11,-12.046348278625445,6.167006706946957
1087,39,10,-13.046348278625445,6.167006706946957
1088,39,9,-14.046348278625445,6.167006706946957
1089,39,8,-15.046348278625445,6.167006706946957
1090,39,7,-16.046348278625445,6.167006706946957
1091,39,6,-17.046348278625445,6.167006706946957
1092,39,5,-18.046348278625445,6.167006706946957
1093,39,4,-19.046348278625445,6.167006706946957
1094,39,3,-20.046348278625445,6.167006706946957
1095,39,2,-21.046348278625445,6.167006706946957
1096,39,1,-22.046348278625445,6.167006706946957
1097,39,0,-23.046348278625445,6.167006706946957
1098,40,0,-23.046348278625445,7.167006706946957
1099,40,1,-22.046348278625445,7.167006706946957
1100,40,2,-21.046348278625445,7.167006706946957
1101,40,3,-20.046348278625445,7.167006706946957
1102,40,4,-19.046348278625445,7.167006706946957
1103,40,5,-18.046348278625445,7.167006706946957
1104,40,6,-17.046348278625445,7.167006706946957
1105,40,7,-16.046348278625445,7.167006706946957
1106,40,8,-15.046348278625445,7.167006706946957
1107,40,9,-14.046348278625445,7.167006706946957
1108,40,10,-13.046348278625445,7.167006706946957
1109,40,11,-12.046348278625445,7.167006706946957
1110,40,12,-11.046348278625445,7.167006706946957
1111,40,13,-10.046348278625445,7.167006706946957
1112,40,14,-9.046348278625445,7.167006706946957
1113,40,15,-8.046348278625445,7.167006706946957
1114,40,16,-7.0463482786254446,7.167006706946957
1115,40,17,-6.0463482786254446,7.167006706946957
1116,40,18,-5.0463482786254446,7.167006706946957
1117,40,19,-4.0463482786254446,7.167006706946957
1118,40,20,-3.046348278625445,7.167006706946957
1119,40,21,-2.046348278625445,7.167006706946957
1120,40,22,-1.0463482786254446,7.167006706946957
1121,40,23,-0.0463482786254445,7.167006706946957
1122,40,24,0.9536517213745554,7.167006706946957
1123,40,25,1.953651721374556,7.167006706946957
1124,40,26,2.9536517213745554,7.167006706946957
1125,40,27,3.953651721374555,7.167006706946957
1126,40,28,4.9536517213745554,7.167006706946957
1127,40,29,5.9536517213745554,7.167006706946957
1128,40,30,6.9536517213745554,7.167006706946957
