t_sec,tf_score,tf_cusum,tf_alarm
0.051275918000000004,451.0128173828125,109311.96875,1.0
0.101472954,795.2674560546875,110107.15625,1.0
0.150943562,448.4524841308594,110555.8515625,1.0
0.20098633000000002,802.9478149414062,111358.71875,1.0
0.251245224,450.3297424316406,111809.2890625,1.0
0.301239794,801.9970703125,112611.203125,1.0
0.35119661100000005,449.6922607421875,113061.1328125,1.0
0.40126294900000004,800.793212890625,113861.8515625,1.0
0.45139993900000003,444.8922424316406,114306.984375,1.0
0.501437095,815.85888671875,115122.7578125,1.0
0.551019261,444.86279296875,115567.859375,1.0
0.601630066,815.8810424804688,116383.6640625,1.0
0.651442017,449.1268310546875,116833.03125,1.0
0.701763898,784.6773681640625,117617.625,1.0
0.751432316,444.6957092285156,118062.5625,1.0
0.8015124960000001,813.8763427734375,118876.359375,1.0
0.8513134680000001,442.1642761230469,119318.765625,1.0
0.9016988140000001,822.6848754882812,120141.3671875,1.0
0.9513829800000001,444.9023132324219,120586.5078125,1.0
1.001461081,816.1575317382812,121402.5859375,1.0
1.051319348,442.718994140625,121845.546875,1.0
1.101471915,828.6336059570312,122674.1015625,1.0
1.151363603,450.262939453125,123124.6015625,1.0
1.201528473,800.2410278320312,123924.765625,1.0
1.251281944,449.26751708984375,124374.2734375,1.0
1.301436885,815.6056518554688,125189.796875,1.0
1.351343105,449.48504638671875,125639.5234375,1.0
1.401488851,804.6530151367188,126444.09375,1.0
1.450971153,450.1623229980469,126894.5,1.0
1.5011869690000001,795.2265625,127689.6484375,1.0
1.5510449370000001,451.1213684082031,128141.0078125,1.0
1.601238498,802.8419799804688,128943.765625,1.0
1.6514055150000002,440.4254455566406,129384.4375,1.0
1.7011264650000002,832.835693359375,130217.1875,1.0
1.7513524280000001,439.6234436035156,130657.0546875,1.0
1.8010619,840.3009033203125,131497.28125,1.0
1.8513623920000002,449.9644775390625,131947.484375,1.0
1.901090726,800.0079345703125,132747.40625,1.0
1.9513737640000002,446.67425537109375,133194.328125,1.0
2.001205057,813.8113403320312,134008.046875,1.0
2.051279363,445.96795654296875,134454.265625,1.0
2.1011192220000003,816.9659423828125,135271.140625,1.0
2.1511962270000002,442.2652893066406,135713.65625,1.0
2.201123097,835.3869018554688,136548.953125,1.0
2.251232765,445.8033447265625,136995.0,1.0
2.301129167,817.7086181640625,137812.625,1.0
2.351255906,447.1112365722656,138259.984375,1.0
2.401102936,799.5732421875,139059.46875,1.0
2.451207471,449.5726013183594,139509.28125,1.0
2.5010827100000004,802.3511352539062,140311.5625,1.0
2.550911015,445.74420166015625,140757.546875,1.0
2.6010557100000002,810.3328857421875,141567.796875,1.0
2.6510983940000004,443.2822570800781,142011.3125,1.0
2.70104187,828.3160400390625,142839.546875,1.0
2.751037942,446.2947692871094,143286.09375,1.0
2.801048703,820.0785522460938,144106.09375,1.0
2.851218512,445.39892578125,144551.71875,1.0
2.9011977960000004,808.3662109375,145360.015625,1.0
2.9512617210000003,445.43511962890625,145805.6875,1.0
3.001284831,814.6700439453125,146620.28125,1.0
3.051331149,446.8930358886719,147067.40625,1.0
3.101216844,812.233154296875,147879.5625,1.0
3.151403025,445.6424255371094,148325.453125,1.0
3.201194511,817.9534301757812,149143.3125,1.0
3.2512806260000002,446.50958251953125,149590.0625,1.0
3.301122744,816.4468383789062,150406.4375,1.0
3.351427761,445.44189453125,150852.125,1.0
3.401043109,814.9567260742188,151667.0,1.0
3.451361732,449.38555908203125,152116.625,1.0
3.5011187460000004,804.40771484375,152920.953125,1.0
3.551016289,440.92822265625,153362.109375,1.0
3.60107267,834.9136352539062,154196.953125,1.0
3.6512898560000004,442.0683288574219,154639.265625,1.0
3.701056057,828.1802978515625,155467.359375,1.0
3.7512211800000004,439.3554992675781,155906.953125,1.0
3.80111779,835.4576416015625,156742.328125,1.0
3.8513468260000003,452.1871032714844,157194.765625,1.0
3.901050462,793.3654174804688,157988.046875,1.0
3.9515307820000003,445.06439208984375,158433.34375,1.0
4.001036519,817.4327392578125,159250.703125,1.0
4.051073768,439.4355773925781,159690.375,1.0
4.101023262,833.4019165039062,160523.703125,1.0
4.151310524,449.1684875488281,160973.109375,1.0
4.2010351130000005,805.181884765625,161778.203125,1.0
4.25138175,447.5464172363281,162226.0,1.0
4.301702656000001,820.4369506835938,163046.359375,1.0
4.350977009,444.2880554199219,163490.875,1.0
4.401394392,817.5439453125,164308.34375,1.0
4.451199954000001,444.9432067871094,164753.53125,1.0
4.501417432,814.2420654296875,165567.6875,1.0
4.5513208060000006,447.9052734375,166015.828125,1.0
4.601719836,808.3458862304688,166824.09375,1.0
4.651329149,445.2584228515625,167269.59375,1.0
4.701049047000001,818.7767944335938,168088.296875,1.0
4.751353678,446.0515441894531,168534.59375,1.0
4.801120776,809.9535522460938,169344.46875,1.0
4.851089937,447.61968994140625,169792.328125,1.0
4.901141856000001,812.0595092773438,170604.296875,1.0
4.951201749,445.31439208984375,171049.859375,1.0
5.001046016,815.8514404296875,171865.625,1.0
5.051202181000001,440.28875732421875,172306.15625,1.0
5.101390255,824.9400024414062,173131.015625,1.0
5.151045379,444.2622375488281,173575.515625,1.0
5.20106258,818.9218139648438,174394.359375,1.0
5.2512153470000005,450.26812744140625,174844.875,1.0
5.3010878990000005,802.6204223632812,175647.40625,1.0
5.351025568000001,445.4624938964844,176093.109375,1.0
5.401078805,814.143798828125,176907.171875,1.0
5.451102766,446.68902587890625,177354.109375,1.0
5.501129941,810.4332275390625,178164.453125,1.0
5.551306726,451.494384765625,178616.1875,1.0
5.601035975,797.5867919921875,179413.703125,1.0
5.6509868590000005,445.98931884765625,179859.921875,1.0
5.701088824,811.9398193359375,180671.78125,1.0
5.751084834,441.0741882324219,181113.09375,1.0
5.801035708000001,832.080322265625,181945.09375,1.0
5.8510627490000005,451.7073974609375,182397.046875,1.0
5.901066479000001,789.9049682617188,183186.875,1.0
5.950965946,452.8836364746094,183640.0,1.0
6.00103948,787.2639770507812,184427.1875,1.0
6.051010291000001,450.2348937988281,184877.65625,1.0
6.101022096,812.6845092773438,185690.265625,1.0
6.151051322000001,446.957275390625,186137.453125,1.0
6.201122391,811.47021484375,186948.84375,1.0
6.251265167000001,445.97308349609375,187395.0625,1.0
6.3011091530000005,812.8600463867188,188207.84375,1.0
6.350955851,446.0885009765625,188654.171875,1.0
6.401095561,809.5414428710938,189463.625,1.0
6.451203418,449.5375061035156,189913.40625,1.0
6.501721184,798.866455078125,190712.1875,1.0
6.551083839,443.9948425292969,191156.4375,1.0
6.6017393460000005,812.8054809570312,191969.15625,1.0
6.650967327,447.75994873046875,192417.15625,1.0
6.70170944,809.976806640625,193227.046875,1.0
6.751103724,452.01904296875,193679.3125,1.0
6.801171968,791.8772583007812,194471.109375,1.0
6.8512273740000005,443.3882751464844,194914.734375,1.0
6.9010236250000005,808.5862426757812,195723.25,1.0
6.951193616,443.5838623046875,196167.0625,1.0
7.001032518000001,817.2689208984375,196984.25,1.0
7.051146911,448.86907958984375,197433.359375,1.0
7.101101817000001,814.0132446289062,198247.296875,1.0
7.151093308,444.5281677246094,198692.0625,1.0
7.201041603,819.1237182617188,199511.109375,1.0
7.251202048000001,448.2923583984375,199959.640625,1.0
7.301051635,806.8656616210938,200766.421875,1.0
7.351316461000001,441.1973876953125,201207.859375,1.0
7.401074265,832.7022705078125,202040.484375,1.0
7.451051721000001,452.49041748046875,202493.21875,1.0
7.501172650000001,792.1795654296875,203285.3125,1.0
7.5510285580000005,449.14990234375,203734.703125,1.0
7.601033838,806.3801879882812,204541.0,1.0
7.651073795,441.7691345214844,204983.015625,1.0
7.701072829,831.1181640625,205814.0625,1.0
7.751087062000001,445.5424499511719,206259.84375,1.0
7.801096212000001,819.369140625,207079.125,1.0
7.851255887000001,452.57879638671875,207531.9375,1.0
7.9010990240000005,786.2488403320312,208318.109375,1.0
7.951339268000001,444.78729248046875,208763.140625,1.0
8.001116917000001,820.652099609375,209583.71875,1.0
8.051347428,448.0165100097656,210031.96875,1.0
8.101290369,812.916259765625,210844.8125,1.0
8.151346388,444.65631103515625,211289.703125,1.0
8.201118887,817.3584594726562,212106.984375,1.0
8.251041154000001,445.2205505371094,212552.4375,1.0
8.301100685,818.2683715820312,213370.625,1.0
8.351320995,439.9595642089844,213810.828125,1.0
8.401011799,832.8296508789062,214643.578125,1.0
8.451341909,453.35760498046875,215097.171875,1.0
8.501126109000001,791.7640991210938,215888.859375,1.0
8.551261853,447.0079650878906,216336.109375,1.0
8.601067685,812.675537109375,217148.703125,1.0
8.650960113,440.2003479003906,217589.140625,1.0
8.701038577,827.52490234375,218416.59375,1.0
8.751248702,448.7997131347656,218865.625,1.0
8.801071063,810.2288208007812,219675.78125,1.0
8.851193151,448.0002136230469,220124.015625,1.0
8.901083642,816.6503295898438,220940.59375,1.0
8.951052361,444.0415954589844,221384.875,1.0
9.001038563,819.7377319335938,222204.53125,1.0
9.050975092,444.69927978515625,222649.46875,1.0
9.101022132,820.6864624023438,223470.078125,1.0
9.151160286000001,438.95513916015625,223909.265625,1.0
9.201024366,838.6934814453125,224747.875,1.0
9.25119068,444.84686279296875,225192.96875,1.0
9.301113117,819.7714233398438,226012.65625,1.0
9.351283353000001,446.1722106933594,226459.078125,1.0
9.40106501,813.8501586914062,227272.84375,1.0
9.451107030000001,452.5693054199219,227725.65625,1.0
9.501815233,793.6517333984375,228519.21875,1.0
9.551342908,448.8868408203125,228968.34375,1.0
9.601052410000001,810.6107788085938,229778.875,1.0
9.651028938000001,446.13934326171875,230225.265625,1.0
9.701835879,812.380615234375,231037.5625,1.0
9.75135732,452.4100036621094,231490.21875,1.0
9.801840722000001,804.6488037109375,232294.78125,1.0
9.851395432,450.9934997558594,232746.015625,1.0
9.901823623,797.1680908203125,233543.109375,1.0
9.951274102000001,447.2337951660156,233990.578125,1.0
10.001699729,816.2861938476562,234806.78125,1.0
10.051289147,449.03399658203125,235256.0625,1.0
10.101667587000001,802.3035888671875,236058.28125,1.0
10.151229537,444.8537902832031,236503.375,1.0
10.201658065,821.918212890625,237325.21875,1.0
10.251301299000001,447.2305908203125,237772.6875,1.0
10.301620889,816.9613037109375,238589.5625,1.0
10.351265623000002,446.4994201660156,239036.296875,1.0
10.401395946000001,807.8195190429688,239844.046875,1.0
10.451075493000001,451.6180725097656,240295.90625,1.0
10.501383276,789.1947631835938,241085.015625,1.0
10.550949472000001,446.9226989746094,241532.171875,1.0
10.601474979,810.9822998046875,242343.078125,1.0
10.65127702,446.8466491699219,242790.171875,1.0
10.701349293,813.389892578125,243603.484375,1.0
10.751296782,451.6689147949219,244055.390625,1.0
10.801086539,795.8005981445312,244851.109375,1.0
10.851375625000001,453.9041442871094,245305.25,1.0
10.90133175,789.0401000976562,246094.203125,1.0
10.951273923,447.9345703125,246542.390625,1.0
11.001312908000001,804.4563598632812,247346.765625,1.0
11.051248256000001,447.9412536621094,247794.9375,1.0
11.101281024,805.251708984375,248600.109375,1.0
11.151300515,445.1166687011719,249045.46875,1.0
11.201246655,819.16015625,249864.546875,1.0
11.251413454000001,444.88372802734375,250309.671875,1.0
11.301237733,814.8746948242188,251124.46875,1.0
11.351231714,440.1693420410156,251564.875,1.0
11.401320897000002,828.3342895507812,252393.140625,1.0
11.451258429000001,451.73004150390625,252845.109375,1.0
11.501492085,793.2562866210938,253638.28125,1.0
11.55120042,446.7940673828125,254085.3125,1.0
11.601628704000001,802.2299194335938,254887.46875,1.0
11.651171388,454.4924011230469,255342.203125,1.0
11.701516778,785.7186279296875,256127.828125,1.0
11.751258519,447.25439453125,256575.328125,1.0
11.801275349,805.037109375,257380.28125,1.0
11.851159468,447.75213623046875,257828.28125,1.0
11.901704657000002,800.0261840820312,258628.21875,1.0
11.951282665,447.6060791015625,259076.078125,1.0
12.001691999,810.7869873046875,259886.78125,1.0
12.051368438,445.85357666015625,260332.875,1.0
12.10166313,812.021240234375,261144.8125,1.0
12.151265059,448.2411193847656,261593.296875,1.0
12.201535640000001,798.39453125,262391.59375,1.0
12.251245746,446.18658447265625,262838.03125,1.0
12.301527490000002,806.6965942382812,263644.65625,1.0
12.351237596,447.380615234375,264092.28125,1.0
12.401406247,799.0932006835938,264891.28125,1.0
12.451192653000001,446.7679748535156,265338.28125,1.0
12.501691659,806.0171508789062,266144.21875,1.0
12.551124043000002,445.7747497558594,266590.25,1.0
12.601491157000002,809.80712890625,267399.96875,1.0
12.651306505,445.1238098144531,267845.34375,1.0
12.701541802000001,804.70458984375,268649.96875,1.0
12.751296104000001,446.6127014160156,269096.8125,1.0
12.801570041000002,800.6325073242188,269897.375,1.0
12.851446817000001,0.3999998867511749,270348.0625,1.0
12.901337732,0.3999998867511749,270348.0625,1.0
12.951217449000001,0.3999994397163391,270348.6875,1.0
13.001210693,0.3999994397163391,270348.6875,1.0
13.051264606,0.39999836683273315,270349.34375,1.0
13.101332342000001,0.39999836683273315,270349.34375,1.0
13.151226209,0.40000012516975403,270349.96875,1.0
13.201275016,0.40000012516975403,270349.96875,1.0
13.251198118000001,0.3999995291233063,270350.625,1.0
13.301249787000001,0.3999995291233063,270350.625,1.0
13.351057265000001,0.3999999463558197,270351.25,1.0
13.401279187,0.3999999463558197,270351.25,1.0
13.451227832,0.40000012516975403,270351.90625,1.0
13.501633556000002,0.40000012516975403,270351.90625,1.0
13.551173244000001,0.400000661611557,270352.53125,1.0
13.601248105000002,0.400000661611557,270352.53125,1.0
13.651097640000001,0.3999989628791809,270353.1875,1.0
13.701110778,0.3999989628791809,270353.1875,1.0
13.751187486000001,0.40000036358833313,270353.8125,1.0
13.801566512,0.40000036358833313,270353.8125,1.0
13.851163086000001,0.40000152587890625,270354.46875,1.0
13.901585331000001,0.40000152587890625,270354.46875,1.0
13.951075763,0.39999914169311523,270355.09375,1.0
14.001535441000001,0.39999914169311523,270355.09375,1.0
14.051119875000001,0.39999961853027344,270355.75,1.0
14.101252193,0.39999961853027344,270355.75,1.0
14.151266239000002,0.3999994993209839,270356.375,1.0
14.201674877,0.3999994993209839,270356.375,1.0
14.251276176000001,0.3999987840652466,270357.0,1.0
14.301613732000002,0.3999987840652466,270357.0,1.0
14.351121372000001,0.40000012516975403,270357.65625,1.0
14.401442034,0.40000012516975403,270357.65625,1.0
14.451073091000001,0.40000030398368835,270358.28125,1.0
14.50143577,0.40000030398368835,270358.28125,1.0
14.551089177000001,0.3999998867511749,270358.9375,1.0
14.601795903000001,0.3999998867511749,270358.9375,1.0
14.650885173,0.40000030398368835,270359.5625,1.0
14.701047558,0.40000030398368835,270359.5625,1.0
14.751228338,0.39999955892562866,270360.21875,1.0
14.800987304000001,0.39999955892562866,270360.21875,1.0
14.851114543000001,0.4000009000301361,270360.84375,1.0
14.901125555,0.4000009000301361,270360.84375,1.0
14.951061975000002,0.40000009536743164,270361.5,1.0
15.001368545,0.40000009536743164,270361.5,1.0
15.053665931000001,0.4000004231929779,270361.8125,1.0
15.106508990000002,0.4000002443790436,270362.125,1.0
15.151247469000001,0.3999984562397003,270362.78125,1.0
15.201340191000002,0.3999984562397003,270362.78125,1.0
15.251265191000002,0.3999992907047272,270363.40625,1.0
15.301463935000001,0.3999992907047272,270363.40625,1.0
15.351154494000001,0.39999908208847046,270364.0625,1.0
15.401512462000001,0.39999908208847046,270364.0625,1.0
15.451148254000001,0.4000001549720764,270364.6875,1.0
15.501500778,0.4000001549720764,270364.6875,1.0
15.551153533,0.4000001847743988,270365.34375,1.0
15.601467878000001,0.4000001847743988,270365.34375,1.0
15.6512434,0.3999989926815033,270365.96875,1.0
15.701410476000001,0.3999989926815033,270365.96875,1.0
15.751050272,0.40000084042549133,270366.625,1.0
15.801630228,0.40000084042549133,270366.625,1.0
15.851047053,0.3999999165534973,270367.25,1.0
15.901419424,0.3999999165534973,270367.25,1.0
15.951123882000001,0.39999860525131226,270367.90625,1.0
16.001373841,0.39999860525131226,270367.90625,1.0
16.051063895000002,0.3999991714954376,270368.53125,1.0
16.101485908,0.3999991714954376,270368.53125,1.0
16.151144088000002,0.4000004231929779,270369.1875,1.0
16.201467757,0.4000004231929779,270369.1875,1.0
16.251119494,0.4000009000301361,270369.8125,1.0
16.301400915000002,0.4000009000301361,270369.8125,1.0
16.351074683,0.3999996781349182,270370.46875,1.0
16.401427743,0.3999996781349182,270370.46875,1.0
16.451166936,0.3999995291233063,270371.09375,1.0
16.501572148,0.3999995291233063,270371.09375,1.0
16.550948238,0.39999884366989136,270371.75,1.0
16.601656979,0.39999884366989136,270371.75,1.0
16.651023319,0.39999881386756897,270372.375,1.0
16.701195481000003,0.39999881386756897,270372.375,1.0
16.751150592000002,0.3999999165534973,270373.0,1.0
16.801523563,0.3999999165534973,270373.0,1.0
16.851274958,0.4000011086463928,270373.65625,1.0
16.901509020000002,0.4000011086463928,270373.65625,1.0
16.951164028,0.40000009536743164,270374.28125,1.0
17.001397146000002,0.40000009536743164,270374.28125,1.0
17.051125112,0.3999999761581421,270374.9375,1.0
17.101567489,0.3999999761581421,270374.9375,1.0
17.151283775,0.39999914169311523,270375.5625,1.0
17.201609046,0.39999914169311523,270375.5625,1.0
17.251166771,0.40000012516975403,270376.21875,1.0
17.301447219,0.40000012516975403,270376.21875,1.0
17.351385662000002,0.40000027418136597,270376.84375,1.0
17.401406067,0.40000027418136597,270376.84375,1.0
17.451300206000003,0.400000661611557,270377.5,1.0
17.501667402000002,0.400000661611557,270377.5,1.0
17.551125181,0.39999961853027344,270378.125,1.0
17.601493440000002,0.39999961853027344,270378.125,1.0
17.651367481,0.3999992609024048,270378.78125,1.0
17.701576732,0.3999992609024048,270378.78125,1.0
17.751215678,0.4000008702278137,270379.40625,1.0
17.801742144000002,0.4000008702278137,270379.40625,1.0
17.851228637000002,0.3999995291233063,270380.0625,1.0
17.901541050000002,0.3999995291233063,270380.0625,1.0
17.951255704,0.4000003933906555,270380.6875,1.0
18.001513144,0.4000003933906555,270380.6875,1.0
18.051214361,0.3999994695186615,270381.34375,1.0
18.101571371000002,0.3999994695186615,270381.34375,1.0
18.151123139000003,0.4000006914138794,270381.96875,1.0
18.20160709,0.4000006914138794,270381.96875,1.0
18.251224215,0.39999932050704956,270382.625,1.0
18.30156665,0.39999932050704956,270382.625,1.0
18.351122894,0.39999979734420776,270383.25,1.0
18.401566738,0.39999979734420776,270383.25,1.0
18.451176631000003,0.4000016152858734,270383.90625,1.0
18.501444835,0.4000016152858734,270383.90625,1.0
18.551127656000002,0.4000002443790436,270384.53125,1.0
18.601535601000002,0.4000002443790436,270384.53125,1.0
18.651117939000002,0.3999996483325958,270385.1875,1.0
18.701609491000003,0.3999996483325958,270385.1875,1.0
18.751195488,0.3999992609024048,270385.8125,1.0
18.801549917000003,0.3999992609024048,270385.8125,1.0
18.851043521,0.4000000059604645,270386.46875,1.0
18.901493488,0.4000000059604645,270386.46875,1.0
18.951190449000002,0.4000006914138794,270387.09375,1.0
19.001701942,0.4000006914138794,270387.09375,1.0
19.051233709,0.4000001549720764,270387.75,1.0
19.101563954,0.4000001549720764,270387.75,1.0
19.151050575000003,0.4000004827976227,270388.375,1.0
19.201362975000002,0.4000004827976227,270388.375,1.0
19.251088729000003,0.3999989330768585,270389.0,1.0
19.301414874000002,0.3999989330768585,270389.0,1.0
19.350979887,0.39999914169311523,270389.65625,1.0
19.401496471,0.39999914169311523,270389.65625,1.0
19.451230899000002,0.4000007212162018,270390.28125,1.0
19.501480581000003,0.4000007212162018,270390.28125,1.0
19.55097332,0.39999914169311523,270390.9375,1.0
19.601423328000003,0.39999914169311523,270390.9375,1.0
19.65106692,0.39999884366989136,270391.5625,1.0
19.701523289,0.39999884366989136,270391.5625,1.0
19.751095753,0.40000033378601074,270392.21875,1.0
19.801365141,0.40000033378601074,270392.21875,1.0
19.851211332000002,0.40000054240226746,270392.84375,1.0
19.901642326,0.40000054240226746,270392.84375,1.0
19.951160036,0.4000009298324585,270393.5,1.0
20.001509268,0.4000009298324585,270393.5,1.0
20.051176815,0.3999996781349182,270394.125,1.0
20.101369979,0.3999996781349182,270394.125,1.0
20.151217889,0.3999991714954376,270394.78125,1.0
20.201364805,0.3999991714954376,270394.78125,1.0
20.251225106,0.4000004529953003,270395.40625,1.0
20.301744942000003,0.4000004529953003,270395.40625,1.0
20.351053147000002,0.40000051259994507,270396.0625,1.0
20.401614866000003,0.40000051259994507,270396.0625,1.0
20.451383709,0.39999932050704956,270396.6875,1.0
20.501757904,0.39999932050704956,270396.6875,1.0
20.55122558,0.39999842643737793,270397.34375,1.0
20.601576471,0.39999842643737793,270397.34375,1.0
20.651182658,0.3999994993209839,270397.96875,1.0
20.701775599,0.3999994993209839,270397.96875,1.0
20.751241613,0.4000003933906555,270398.625,1.0
20.801588664,0.4000003933906555,270398.625,1.0
20.851236821,0.4000008702278137,270399.25,1.0
20.901634399000002,0.4000008702278137,270399.25,1.0
20.951245465000003,0.4000009000301361,270399.90625,1.0
21.001710718,0.4000009000301361,270399.90625,1.0
21.051231901,0.4000002443790436,270400.53125,1.0
21.10163405,0.4000002443790436,270400.53125,1.0
21.151272941000002,0.3999984562397003,270401.1875,1.0
21.201745076,0.3999984562397003,270401.1875,1.0
21.251088534,0.4000013470649719,270401.8125,1.0
21.301836255,0.4000013470649719,270401.8125,1.0
21.350980816,0.3999999463558197,270402.46875,1.0
21.401499097000002,0.3999999463558197,270402.46875,1.0
21.451189499,0.40000009536743164,270403.09375,1.0
21.501530069,0.40000009536743164,270403.09375,1.0
21.551218922,0.40000075101852417,270403.75,1.0
21.601651753000002,0.40000075101852417,270403.75,1.0
21.65105047,0.4000003933906555,270404.375,1.0
21.701714371,0.4000003933906555,270404.375,1.0
21.751242976,0.39999932050704956,270405.0,1.0
21.801590865,0.39999932050704956,270405.0,1.0
21.851295181,0.3999998867511749,270405.65625,1.0
21.901664159000003,0.3999998867511749,270405.65625,1.0
21.95139022,0.39999935030937195,270406.28125,1.0
22.001957099000002,0.39999935030937195,270406.28125,1.0
22.051142134000003,0.4000004529953003,270406.9375,1.0
22.101589622000002,0.4000004529953003,270406.9375,1.0
22.151160531000002,0.399998277425766,270407.5625,1.0
22.201916566,0.399998277425766,270407.5625,1.0
22.251295477000003,0.4000012278556824,270408.21875,1.0
22.301629043000002,0.4000012278556824,270408.21875,1.0
22.35110718,0.40000107884407043,270408.84375,1.0
22.401469957,0.40000107884407043,270408.84375,1.0
22.451193954,0.3999999761581421,270409.5,1.0
22.502195698,0.3999999761581421,270409.5,1.0
22.551189697,0.3999994695186615,270410.125,1.0
22.603425178000002,0.3999994695186615,270410.125,1.0
22.650946723,0.40000009536743164,270410.78125,1.0
22.701484623000002,0.40000009536743164,270410.78125,1.0
22.751653971,0.3999991714954376,270411.40625,1.0
22.803238663000002,0.3999991714954376,270411.40625,1.0
22.851147007,0.4000001847743988,270412.0625,1.0
22.907369202,0.4000001847743988,270412.0625,1.0
22.951045786,0.4000004231929779,270412.375,1.0
23.001660363000003,0.3999989926815033,270412.6875,1.0
23.051216417000003,0.3999994397163391,270413.34375,1.0
23.101559217000002,0.3999994397163391,270413.34375,1.0
23.151287916,0.4000006914138794,270413.96875,1.0
23.201165608,0.4000006914138794,270413.96875,1.0
23.251044932000003,0.4000002443790436,270414.625,1.0
23.301537482,0.4000002443790436,270414.625,1.0
23.351046143,0.3999992907047272,270415.25,1.0
23.401591243000002,0.3999992907047272,270415.25,1.0
23.451206226,0.3999995291233063,270415.90625,1.0
23.501604678000003,0.3999995291233063,270415.90625,1.0
23.551304283,0.4000002145767212,270416.53125,1.0
23.601548010000002,0.4000002145767212,270416.53125,1.0
23.651107923,0.40000003576278687,270417.1875,1.0
23.70168232,0.40000003576278687,270417.1875,1.0
23.751276713000003,0.39999890327453613,270417.8125,1.0
23.801703347,0.39999890327453613,270417.8125,1.0
23.851595246000002,0.3999999165534973,270418.46875,1.0
23.901199138000003,0.3999999165534973,270418.46875,1.0
23.951156545,0.3999992907047272,270419.09375,1.0
24.001597486,0.3999992907047272,270419.09375,1.0
24.05107685,0.3999998867511749,270419.75,1.0
24.101311536,0.3999998867511749,270419.75,1.0
24.151076786,0.3999985456466675,270420.375,1.0
24.201195641,0.3999985456466675,270420.375,1.0
24.251139678,0.39999914169311523,270421.0,1.0
24.301570235,0.39999914169311523,270421.0,1.0
24.351153885000002,0.40000012516975403,270421.65625,1.0
24.401605886000002,0.40000012516975403,270421.65625,1.0
24.451246254,0.4000006318092346,270422.28125,1.0
24.501268904,0.4000006318092346,270422.28125,1.0
24.563725371,0.39999857544898987,270422.9375,1.0
24.601639770000002,0.39999857544898987,270422.9375,1.0
24.651286674,0.4000007212162018,270423.5625,1.0
24.701259314,0.4000007212162018,270423.5625,1.0
24.751124987,0.400000661611557,270424.21875,1.0
24.801224673,0.400000661611557,270424.21875,1.0
24.851201214000003,0.3999989628791809,270424.84375,1.0
24.901154831000003,0.3999989628791809,270424.84375,1.0
24.951158491,0.4000016450881958,270425.5,1.0
25.001141688,0.4000016450881958,270425.5,1.0
25.051332921,0.3999996483325958,270426.125,1.0
25.101221477000003,0.3999996483325958,270426.125,1.0
25.151170333000003,0.39999958872795105,270426.78125,1.0
25.201236483000002,0.39999958872795105,270426.78125,1.0
25.251194259000002,0.3999999165534973,270427.40625,1.0
25.301356952000003,0.3999999165534973,270427.40625,1.0
25.351417169,0.4000002443790436,270428.0625,1.0
25.401339322000002,0.4000002443790436,270428.0625,1.0
25.45124097,0.40000036358833313,270428.6875,1.0
25.501316281,0.40000036358833313,270428.6875,1.0
25.551160442,0.4000011682510376,270429.34375,1.0
25.601748827,0.4000011682510376,270429.34375,1.0
25.651238142,0.39999985694885254,270429.96875,1.0
25.702655452000002,0.39999985694885254,270429.96875,1.0
25.751251179,0.40000027418136597,270430.625,1.0
25.802342089000003,0.40000027418136597,270430.625,1.0
25.851252155,0.400000661611557,270431.25,1.0
25.903086892,0.400000661611557,270431.25,1.0
25.95129993,0.39999961853027344,270431.90625,1.0
26.001256636,0.39999961853027344,270431.90625,1.0
26.051289421,0.400000661611557,270432.53125,1.0
26.103255409000003,0.400000661611557,270432.53125,1.0
26.151244751,0.3999992907047272,270433.1875,1.0
26.203197265,0.3999992907047272,270433.1875,1.0
26.251321151000003,0.40000009536743164,270433.8125,1.0
26.303319164,0.40000009536743164,270433.8125,1.0
26.351025275,0.3999999463558197,270434.46875,1.0
26.402334426000003,0.3999999463558197,270434.46875,1.0
26.451214243000003,0.4000004529953003,270435.09375,1.0
26.503227395000003,0.4000004529953003,270435.09375,1.0
26.551100829000003,0.39999961853027344,270435.75,1.0
26.603323731000003,0.39999961853027344,270435.75,1.0
26.651287075000003,0.3999994397163391,270436.375,1.0
26.703262591,0.3999994397163391,270436.375,1.0
26.751109369,0.40000128746032715,270437.0,1.0
26.801115355,0.40000128746032715,270437.0,1.0
26.851131641000002,0.40000051259994507,270437.65625,1.0
26.901167946,0.40000051259994507,270437.65625,1.0
26.951190661000002,0.4000000059604645,270438.28125,1.0
27.001655432000003,0.4000000059604645,270438.28125,1.0
27.051320331000003,0.40000101923942566,270438.9375,1.0
27.101161115,0.40000101923942566,270438.9375,1.0
27.151333733,0.3999994993209839,270439.5625,1.0
27.201401845000003,0.3999994993209839,270439.5625,1.0
27.251304621000003,0.4000006318092346,270440.21875,1.0
27.301383528000002,0.4000006318092346,270440.21875,1.0
27.351186276,0.3999994695186615,270440.84375,1.0
27.401231127000003,0.3999994695186615,270440.84375,1.0
27.451180246000003,0.40000036358833313,270441.5,1.0
27.501506738000003,0.40000036358833313,270441.5,1.0
27.551286822,0.3999995291233063,270442.125,1.0
27.601221259000003,0.3999995291233063,270442.125,1.0
27.651114782,0.4000009000301361,270442.78125,1.0
27.701214688,0.4000009000301361,270442.78125,1.0
27.751103634000003,0.3999997079372406,270443.40625,1.0
27.801205102,0.3999997079372406,270443.40625,1.0
27.851200896,0.3999999165534973,270444.0625,1.0
27.901452940000002,0.3999999165534973,270444.0625,1.0
27.951117157000002,0.40000060200691223,270444.6875,1.0
28.001254451,0.40000060200691223,270444.6875,1.0
28.051226065,0.3999989330768585,270445.34375,1.0
28.101268505,0.3999989330768585,270445.34375,1.0
28.151162683000003,0.40000012516975403,270445.96875,1.0
28.201401974000003,0.40000012516975403,270445.96875,1.0
28.251107661000002,0.4000011086463928,270446.625,1.0
28.301103616000002,0.4000011086463928,270446.625,1.0
28.35104678,0.40000128746032715,270447.25,1.0
28.401126528000002,0.40000128746032715,270447.25,1.0
28.450934116000003,0.4000009596347809,270447.90625,1.0
28.501110183,0.4000009596347809,270447.90625,1.0
28.551093529000003,0.4000009596347809,270448.53125,1.0
28.601250033000003,0.4000009596347809,270448.53125,1.0
28.651256822,0.40000081062316895,270449.1875,1.0
28.701141927000002,0.40000081062316895,270449.1875,1.0
28.75114993,0.3999990224838257,270449.8125,1.0
28.801174604000003,0.3999990224838257,270449.8125,1.0
28.851333616,0.39999866485595703,270450.46875,1.0
28.901120364,0.39999866485595703,270450.46875,1.0
28.951104513,0.3999992609024048,270451.09375,1.0
29.001242663000003,0.3999992609024048,270451.09375,1.0
29.051101448,0.40000075101852417,270451.75,1.0
29.101240635000003,0.40000075101852417,270451.75,1.0
29.151152854000003,0.40000006556510925,270452.375,1.0
29.201240382,0.40000006556510925,270452.375,1.0
29.250977057,0.4000008702278137,270453.0,1.0
29.301240572,0.4000008702278137,270453.0,1.0
29.351221009000003,0.40000125765800476,270453.65625,1.0
29.40127468,0.40000125765800476,270453.65625,1.0
29.451136193000004,0.40000030398368835,270454.28125,1.0
29.501355655,0.40000030398368835,270454.28125,1.0
29.551242638,0.4000001549720764,270454.9375,1.0
29.601272265000002,0.4000001549720764,270454.9375,1.0
29.650919018000003,0.4000001549720764,270455.5625,1.0
29.701109634,0.4000001549720764,270455.5625,1.0
29.751089340000004,0.4000001549720764,270456.21875,1.0
29.801236757,0.4000001549720764,270456.21875,1.0
29.85090358,0.3999994099140167,270456.84375,1.0
29.901154055000003,0.3999994099140167,270456.84375,1.0
29.951160873000003,0.3999992311000824,270457.5,1.0
30.001447755,0.3999992311000824,270457.5,1.0
30.050980011000004,0.4000000059604645,270458.125,1.0
30.101112317000002,0.4000000059604645,270458.125,1.0
30.150925917000002,0.39999985694885254,270458.78125,1.0
30.201254761,0.39999985694885254,270458.78125,1.0
30.251265146,0.4000013470649719,270459.40625,1.0
30.301271849000003,0.4000013470649719,270459.40625,1.0
30.351061165,0.4000002443790436,270460.0625,1.0
30.401274201000003,0.4000002443790436,270460.0625,1.0
30.451209763,0.4000006318092346,270460.6875,1.0
30.501105133000003,0.4000006318092346,270460.6875,1.0
30.551132314,0.3999999761581421,270461.34375,1.0
30.601133743000002,0.3999999761581421,270461.34375,1.0
30.650869316,0.3999996781349182,270461.96875,1.0
30.701139226000002,0.3999996781349182,270461.96875,1.0
30.751069495000003,0.40000179409980774,270462.625,1.0
30.801115622,0.40000179409980774,270462.625,1.0
30.850971745000002,0.40000012516975403,270463.25,1.0
30.901237963000003,0.40000012516975403,270463.25,1.0
30.951183706000002,0.4000008702278137,270463.90625,1.0
31.001278845,0.4000008702278137,270463.90625,1.0
31.051156510000002,0.40000104904174805,270464.53125,1.0
31.101261498000003,0.40000104904174805,270464.53125,1.0
31.151141968,0.3999983072280884,270465.1875,1.0
31.201201271000002,0.3999983072280884,270465.1875,1.0
31.251102430000003,0.39999938011169434,270465.8125,1.0
31.301254539000002,0.39999938011169434,270465.8125,1.0
31.351141901000002,0.40000104904174805,270466.46875,1.0
31.401274136,0.40000104904174805,270466.46875,1.0
31.451114845000003,0.40000012516975403,270467.09375,1.0
31.501209299000003,0.40000012516975403,270467.09375,1.0
31.551123999,0.3999999761581421,270467.75,1.0
31.601358298,0.3999999761581421,270467.75,1.0
31.651116631,0.40000075101852417,270468.375,1.0
31.70123041,0.40000075101852417,270468.375,1.0
31.751183603,0.40000036358833313,270469.0,1.0
31.801537904000003,0.40000036358833313,270469.0,1.0
31.851239831,0.4000014662742615,270469.65625,1.0
31.901263584000002,0.4000014662742615,270469.65625,1.0
31.951275639000002,0.40000104904174805,270470.28125,1.0
32.001573151,0.40000104904174805,270470.28125,1.0
32.051216001,0.39999938011169434,270470.9375,1.0
32.101645276,0.39999938011169434,270470.9375,1.0
32.151373296,0.40000003576278687,270471.5625,1.0
32.201221963,0.40000003576278687,270471.5625,1.0
32.251167133,0.39999890327453613,270472.21875,1.0
32.301276266,0.39999890327453613,270472.21875,1.0
32.361779318,0.40000003576278687,270472.53125,1.0
32.409606433,0.4000011384487152,270472.84375,1.0
32.462227211000005,0.3999989330768585,270473.1875,1.0
32.501274133,0.40000060200691223,270473.5,1.0
32.551257253,0.4000002443790436,270474.125,1.0
32.601486985,0.4000002443790436,270474.125,1.0
32.651190667,0.39999905228614807,270474.78125,1.0
32.701248756000005,0.39999905228614807,270474.78125,1.0
32.751126701000004,0.39999982714653015,270475.40625,1.0
32.801190926000004,0.39999982714653015,270475.40625,1.0
32.851228647,0.3999997675418854,270476.0625,1.0
32.901231507,0.3999997675418854,270476.0625,1.0
32.951200371,0.40000027418136597,270476.6875,1.0
33.001231387000004,0.40000027418136597,270476.6875,1.0
33.05125563,0.4000002443790436,270477.34375,1.0
33.101218791,0.4000002443790436,270477.34375,1.0
33.15116225,0.39999908208847046,270477.96875,1.0
33.201243534,0.39999908208847046,270477.96875,1.0
33.251193501,0.39999961853027344,270478.625,1.0
33.301400498,0.39999961853027344,270478.625,1.0
33.351204403000004,0.39999890327453613,270479.25,1.0
33.401337153,0.39999890327453613,270479.25,1.0
33.451313952,0.3999997079372406,270479.90625,1.0
33.50158625,0.3999997079372406,270479.90625,1.0
33.551219463,0.39999905228614807,270480.53125,1.0
33.601225745,0.39999905228614807,270480.53125,1.0
33.651138594,0.40000033378601074,270481.1875,1.0
33.701143048,0.40000033378601074,270481.1875,1.0
33.751132679,0.40000012516975403,270481.8125,1.0
33.801226799000005,1456.64306640625,271938.375,1.0
33.851222887,342.5142822265625,272281.125,1.0
33.901381294000004,2803.961181640625,275085.0,1.0
33.951257421,343.2562561035156,275428.5,1.0
34.001454404,3015.1826171875,278443.625,1.0
34.051100793,342.62188720703125,278786.46875,1.0
34.101498574000004,3271.256103515625,282057.65625,1.0
34.151010314000004,348.6474304199219,282406.53125,1.0
34.201461274,3154.6533203125,285561.125,1.0
34.251178691,342.2885437011719,285903.625,1.0
34.301406639,3061.619140625,288965.1875,1.0
34.35133732,341.7505187988281,289307.15625,1.0
34.401505172,3163.50341796875,292470.59375,1.0
34.451326488,342.82470703125,292813.65625,1.0
34.501482790000004,2949.373291015625,295762.9375,1.0
34.55130113,346.90826416015625,296110.09375,1.0
34.601504714,3026.624267578125,299136.65625,1.0
34.651292677,343.2778625488281,299480.15625,1.0
34.701489106000004,3002.72412109375,302482.8125,1.0
34.751363943,344.2095642089844,302827.25,1.0
34.801543466000005,2960.587890625,305787.75,1.0
34.851373919000004,351.07525634765625,306139.09375,1.0
34.901668943000004,3023.96533203125,309162.96875,1.0
34.951330598000006,344.4414367675781,309507.65625,1.0
35.001576554,3379.083984375,312886.65625,1.0
35.051095986,343.9472351074219,313230.84375,1.0
35.101379425000005,3052.046875,316282.8125,1.0
35.151128436,351.6978759765625,316634.75,1.0
35.201523924,2978.655517578125,319613.3125,1.0
35.251227467,348.11328125,319961.65625,1.0
35.301400097000005,2837.290283203125,322798.875,1.0
35.351141888,352.1407165527344,323151.25,1.0
35.401230101,2959.64990234375,326110.84375,1.0
35.451154172,346.772216796875,326457.84375,1.0
35.501509779,2901.484619140625,329359.25,1.0
35.551174087,345.2992858886719,329704.78125,1.0
35.601185276,2862.373779296875,332567.09375,1.0
35.651171520000005,346.0625305175781,332913.375,1.0
35.701095927000004,3207.250244140625,336120.5625,1.0
35.750991875000004,351.0884094238281,336471.875,1.0
35.801193576,2732.158447265625,339203.96875,1.0
35.851115838000005,348.7644958496094,339552.96875,1.0
35.901525725,3422.7626953125,342975.65625,1.0
35.951153590000004,340.9883728027344,343316.875,1.0
36.001229376000005,3471.634765625,346788.4375,1.0
36.051116238,341.52935791015625,347130.1875,1.0
36.101203184,3247.541259765625,350377.65625,1.0
36.150983879,341.39215087890625,350719.28125,1.0
36.201189719000006,3208.1943359375,353927.40625,1.0
36.251114446,353.1764831542969,354280.8125,1.0
36.30138251,2971.078125,357251.8125,1.0
36.350983384,339.7332763671875,357591.78125,1.0
36.401147388000005,3431.742431640625,361023.46875,1.0
36.451198261,344.05029296875,361367.75,1.0
36.501111596,3402.640869140625,364770.3125,1.0
36.551058413,0.40000131726264954,364770.9375,1.0
36.601101935,0.40000131726264954,364770.9375,1.0
36.650885733,342.6954345703125,365113.875,1.0
36.70110699,3500.059326171875,368613.875,1.0
36.750892188,0.39999920129776,368614.5,1.0
36.801093114000004,0.39999920129776,368614.5,1.0
36.851028788,0.39999979734420776,368615.15625,1.0
36.901431624000004,0.39999979734420776,368615.15625,1.0
36.95103662,350.240966796875,368965.625,1.0
37.001100959000006,3380.65576171875,372346.1875,1.0
37.051030802,0.40000030398368835,372346.84375,1.0
37.101152415,0.40000030398368835,372346.84375,1.0
37.151052253,349.7655029296875,372696.84375,1.0
37.201127871000004,3461.8955078125,376158.65625,1.0
37.251281576000004,348.92626953125,376507.8125,1.0
37.301249978,3009.07861328125,379516.8125,1.0
37.351038551,0.39999938011169434,379517.46875,1.0
37.401046624,0.39999938011169434,379517.46875,1.0
37.451078873,0.3999996781349182,379518.09375,1.0
37.501252730000004,0.3999996781349182,379518.09375,1.0
37.551004429,345.5198669433594,379863.875,1.0
37.601383018,3394.693359375,383258.46875,1.0
37.651499145,346.3427734375,383605.0625,1.0
37.701508981,3221.944091796875,386826.9375,1.0
37.75119729,349.3509521484375,387176.53125,1.0
37.801488685,3064.057373046875,390240.5,1.0
37.851244157000004,351.3692932128906,390592.09375,1.0
37.901448853000005,3340.42529296875,393932.4375,1.0
37.951011459,0.4000004529953003,393933.09375,1.0
38.001363715000004,0.4000004529953003,393933.09375,1.0
38.051029545000006,343.24005126953125,394276.5625,1.0
38.101259191000004,3433.183349609375,397709.6875,1.0
38.15094657,346.3519287109375,398056.25,1.0
38.201242942,3156.632568359375,401212.8125,1.0
38.251141776000004,349.0919189453125,401562.15625,1.0
38.301244777,2818.582275390625,404380.65625,1.0
38.351144574,351.5108337402344,404732.40625,1.0
38.401229886,3030.27001953125,407762.59375,1.0
38.451040668000005,351.1185302734375,408113.9375,1.0
38.501411894,2892.246337890625,411006.125,1.0
38.551161326,349.3528137207031,411355.71875,1.0
38.60118056,3038.858642578125,414394.5,1.0
38.650941449,352.2506408691406,414746.96875,1.0
38.70120662,3171.6337890625,417918.53125,1.0
38.751002561,351.4844055175781,418270.25,1.0
38.801176835,3243.193115234375,421513.375,1.0
38.851168002,348.9429931640625,421862.5625,1.0
38.901177769,3157.851806640625,425020.3125,1.0
38.951202482,352.5751647949219,425373.15625,1.0
39.001225331,3053.8994140625,428426.96875,1.0
39.051254345000004,347.7655029296875,428774.96875,1.0
39.101501853,2931.0009765625,431705.875,1.0
39.151054143,351.737548828125,432057.875,1.0
39.201156803,3048.916748046875,435106.6875,1.0
39.251156130000005,351.3692932128906,435458.3125,1.0
39.301424780000005,3340.254638671875,438798.5,1.0
39.351204638000006,347.68048095703125,439146.40625,1.0
39.401195273,3067.794189453125,442214.125,1.0
39.451028695000005,352.25823974609375,442566.625,1.0
39.501246389,2948.04345703125,445514.59375,1.0
39.551075103,340.72735595703125,445855.5625,1.0
39.601192864000005,3001.345947265625,448856.8125,1.0
39.651187458,351.1788330078125,449208.21875,1.0
39.701355070000005,3029.28759765625,452237.4375,1.0
39.750947540000006,347.4626770019531,452585.15625,1.0
39.801218708,3820.65234375,456405.71875,1.0
39.850952591,354.1953430175781,456760.15625,1.0
39.901132823000005,2944.32763671875,459704.40625,1.0
39.951200248,0.4000007212162018,459705.03125,1.0
40.001765819,0.4000007212162018,459705.03125,1.0
40.051015927,346.41424560546875,460051.6875,1.0
40.101866236,3384.854736328125,463436.46875,1.0
40.151039502,0.4000004529953003,463437.09375,1.0
40.202662597,0.4000004529953003,463437.09375,1.0
40.251229233000004,341.244384765625,463778.59375,1.0
40.301887609000005,3696.072265625,467474.59375,1.0
40.351222878,344.7135925292969,467819.53125,1.0
40.401861457,3318.897705078125,471138.34375,1.0
40.451154149000004,0.4000004529953003,471139.0,1.0
40.502898326,0.4000004529953003,471139.0,1.0
40.551024667,0.39999935030937195,471139.625,1.0
40.602657963000006,0.39999935030937195,471139.625,1.0
40.650976240000006,0.39999982714653015,471140.28125,1.0
40.702811674,0.39999982714653015,471140.28125,1.0
40.750993736000005,0.39999958872795105,471140.90625,1.0
40.802473955,0.39999958872795105,471140.90625,1.0
40.851165291,0.400001585483551,471141.5625,1.0
40.902884994000004,0.400001585483551,471141.5625,1.0
40.951098542000004,340.8107604980469,471482.59375,1.0
41.001800528000004,3751.833740234375,475234.375,1.0
41.051312011,344.8352966308594,475579.4375,1.0
41.101798894000005,3477.17138671875,479056.53125,1.0
41.151235632,0.39999958872795105,479057.15625,1.0
41.202674266,0.39999958872795105,479057.15625,1.0
41.251155065000006,344.0376281738281,479401.4375,1.0
41.301779902,3416.326171875,482817.6875,1.0
41.351135161,0.4000009596347809,482818.34375,1.0
41.401816360000005,0.4000009596347809,482818.34375,1.0
41.451206211000006,0.3999987840652466,482818.96875,1.0
41.502658187,0.3999987840652466,482818.96875,1.0
41.550979158000004,0.40000098943710327,482819.625,1.0
41.601167748,0.40000098943710327,482819.625,1.0
41.651001468000004,0.39999920129776,482820.25,1.0
41.702389562,0.39999920129776,482820.25,1.0
41.751269735,0.4000011682510376,482820.90625,1.0
41.802769335,0.4000011682510376,482820.90625,1.0
41.851107941,340.5783996582031,483161.71875,1.0
41.901774641,3759.16552734375,486920.78125,1.0
41.951336477000005,347.13458251953125,487268.15625,1.0
42.002186878,3205.206787109375,490473.28125,1.0
42.051314059,343.28326416015625,490816.8125,1.0
42.101782683,3712.2255859375,494528.96875,1.0
42.151235473,343.6564025878906,494872.875,1.0
42.201872228,3493.515869140625,498366.3125,1.0
42.251259627,344.87890625,498711.40625,1.0
42.301516968,3383.453857421875,502094.78125,1.0
42.351141208,0.39999982714653015,502095.4375,1.0
42.402649671000006,0.39999982714653015,502095.4375,1.0
42.451264913,0.4000003933906555,502096.0625,1.0
42.501763788000005,0.4000003933906555,502096.0625,1.0
42.551133309,0.40000012516975403,502096.71875,1.0
42.603749846,0.40000012516975403,502096.71875,1.0
42.651011028,0.3999994695186615,502097.34375,1.0
42.702673013,0.3999994695186615,502097.34375,1.0
42.751136453,0.39999985694885254,502098.0,1.0
42.802825201000005,0.39999985694885254,502098.0,1.0
42.851192031000004,0.400000661611557,502098.625,1.0
42.901077889,0.400000661611557,502098.625,1.0
42.95093489,342.6272277832031,502441.5,1.0
43.001606987,3401.755615234375,505843.1875,1.0
43.051251191000006,340.0015563964844,506183.40625,1.0
43.101805397,3699.2080078125,509882.53125,1.0
43.151514005,342.2813720703125,510225.0625,1.0
43.201901864,3528.953125,513753.9375,1.0
43.251274647,342.3440246582031,514096.53125,1.0
43.301251883000006,3420.435546875,517516.875,1.0
43.351021825000004,347.4589538574219,517864.5625,1.0
43.401715671000005,3221.30908203125,521085.8125,1.0
43.451383441000004,0.3999992609024048,521086.4375,1.0
43.501095579,0.3999992609024048,521086.4375,1.0
43.55172283,0.4000009596347809,521087.09375,1.0
43.602547667,0.4000009596347809,521087.09375,1.0
43.650975701,345.8741149902344,521433.1875,1.0
43.701809036,3084.431884765625,524517.5625,1.0
43.75124719,0.4000004827976227,524518.1875,1.0
43.802682885,0.4000004827976227,524518.1875,1.0
43.851454528000005,342.5142517089844,524860.9375,1.0
43.901914761,3500.05908203125,528360.9375,1.0
43.951336863,345.5435791015625,528706.6875,1.0
44.001394125000004,3543.099853515625,532249.75,1.0
44.051365306,340.1058044433594,532590.0625,1.0
44.10135787,3798.463134765625,536388.4375,1.0
44.151328339,341.2230224609375,536729.9375,1.0
44.201502787,3629.010986328125,540358.875,1.0
44.251316611,341.34405517578125,540700.4375,1.0
44.301278279,3771.521484375,544471.875,1.0
44.351245239,346.64910888671875,544818.75,1.0
44.401330293,3069.521728515625,547888.1875,1.0
44.451269209,346.7005310058594,548235.125,1.0
44.501264201000005,3113.949462890625,551349.0,1.0
44.551297896,339.1856384277344,551688.4375,1.0
44.601647332000006,3897.376708984375,555585.75,1.0
44.651291482000005,340.2207336425781,555926.1875,1.0
44.701440239,3811.0791015625,559737.1875,1.0
44.751314955000005,339.7138671875,560077.125,1.0
44.801378118,3957.2724609375,564034.375,1.0
44.851289535,346.65093994140625,564381.25,1.0
44.901380514,3204.735595703125,567585.875,1.0
44.95144433,345.193603515625,567931.3125,1.0
45.001325788,3151.91650390625,571083.1875,1.0
45.051347615000005,340.08282470703125,571423.5,1.0
45.101235464000005,3918.625732421875,575342.0,1.0
45.150985196,339.68914794921875,575681.9375,1.0
45.201252835000005,3813.745849609375,579495.625,1.0
45.251281012,0.40000075101852417,579496.25,1.0
45.301386807,0.40000075101852417,579496.25,1.0
45.351352787,346.9027099609375,579843.4375,1.0
45.401344997,3201.754638671875,583045.0625,1.0
45.451342599,339.74560546875,583385.0625,1.0
45.501373338,3837.23974609375,587222.25,1.0
45.551305033000006,348.3059387207031,587570.75,1.0
45.601404099,3164.42138671875,590735.125,1.0
45.651277844000006,345.15899658203125,591080.5,1.0
45.701261566,3253.03271484375,594333.4375,1.0
45.751186047000004,0.3999999463558197,594334.125,1.0
45.80123597,0.3999999463558197,594334.125,1.0
45.851341197,339.4266357421875,594673.75,1.0
45.901228093,3670.764404296875,598344.4375,1.0
45.951397,340.0951843261719,598684.8125,1.0
46.001345995,3804.64990234375,602489.375,1.0
46.051245677000004,0.40000006556510925,602490.0,1.0
46.101274246,0.40000006556510925,602490.0,1.0
46.151361133,0.39999935030937195,602490.625,1.0
46.201367074000004,0.39999935030937195,602490.625,1.0
46.251396815,340.5535583496094,602831.4375,1.0
46.301266759,3835.664306640625,606667.0,1.0
46.351265057000006,346.0332336425781,607013.3125,1.0
46.401165205000005,3150.246337890625,610163.4375,1.0
46.451316531,342.8049011230469,610506.5,1.0
46.501237304,3622.578857421875,614129.0,1.0
46.55130488,338.8694763183594,614468.125,1.0
46.601266931000005,3695.445556640625,618163.5,1.0
46.651156915,338.9484558105469,618502.6875,1.0
46.701231774,3694.40185546875,622197.0,1.0
46.751278662000004,337.43145751953125,622534.6875,1.0
46.801249350000006,3463.728515625,625998.3125,1.0
46.851080282000005,340.42425537109375,626339.0,1.0
46.901230863,3533.7197265625,629872.625,1.0
46.95101763,342.0505676269531,630214.875,1.0
47.00125277,3461.162353515625,633676.0,1.0
47.051287588,340.8125,634017.0625,1.0
47.101339643,3486.99658203125,637503.9375,1.0
47.151319579,341.306640625,637845.5,1.0
47.201191086,3485.69580078125,641331.125,1.0
47.251310463,340.8959655761719,641672.25,1.0
47.301187404000004,3492.582763671875,645164.75,1.0
47.351148085000005,347.1879577636719,645512.1875,1.0
47.401216003,3118.55224609375,648630.6875,1.0
47.451090147,0.40000128746032715,648631.3125,1.0
47.501418548000004,0.40000128746032715,648631.3125,1.0
47.551226045,341.2176513671875,648972.75,1.0
47.601529032,3635.667724609375,652608.3125,1.0
47.651299623,0.40000098943710327,652609.0,1.0
47.701179045,0.40000098943710327,652609.0,1.0
47.751348602,0.39999961853027344,652609.625,1.0
47.801247581000005,0.39999961853027344,652609.625,1.0
47.851270464,340.1959533691406,652950.0625,1.0
47.901211037,3673.23828125,656623.1875,1.0
47.951079234000005,339.89202880859375,656963.375,1.0
48.001234467,3882.339111328125,660845.625,1.0
48.051101752,0.4000014066696167,660846.25,1.0
48.101361497000006,0.4000014066696167,660846.25,1.0
48.151168827000006,340.0068359375,661186.5,1.0
48.201247335000005,3705.9150390625,664892.3125,1.0
48.251215133,337.6560363769531,665230.25,1.0
48.30131644,4035.40380859375,669265.5625,1.0
48.351267022,346.95233154296875,669612.75,1.0
48.401400735,3043.94970703125,672656.625,1.0
48.451355553000006,340.2861633300781,672997.125,1.0
48.501283143,3734.694580078125,676731.75,1.0
48.55129491,0.4000004827976227,676732.375,1.0
48.601309662000006,0.4000004827976227,676732.375,1.0
48.651282049,339.05731201171875,677071.6875,1.0
48.701260821000005,3847.62353515625,680919.25,1.0
48.751308566000006,0.3999996483325958,680919.875,1.0
48.801326985,0.3999996483325958,680919.875,1.0
48.851139496,0.40000036358833313,680920.5,1.0
48.901225317000005,0.40000036358833313,680920.5,1.0
48.951097440000005,340.16766357421875,681260.9375,1.0
49.001218951000006,3927.803466796875,685188.625,1.0
49.051098181,0.40000078082084656,685189.3125,1.0
49.101228207000005,0.40000078082084656,685189.3125,1.0
49.151140632,0.3999992609024048,685189.9375,1.0
49.201395101,0.3999992609024048,685189.9375,1.0
49.251415985,337.4053649902344,685527.5625,1.0
49.301078649000004,4044.136962890625,689571.625,1.0
49.351017835,0.39999908208847046,689572.25,1.0
49.401163235000006,0.39999908208847046,689572.25,1.0
49.451205334,348.1910400390625,689920.6875,1.0
49.501029096,3245.60693359375,693166.25,1.0
49.551308971000005,342.1596374511719,693508.625,1.0
49.601264899,3350.69287109375,696859.25,1.0
49.651116632000004,0.4000016450881958,696859.875,1.0
49.701000804,0.4000016450881958,696859.875,1.0
49.751079538000006,344.3091125488281,697204.4375,1.0
49.801087409000004,3275.35107421875,700479.6875,1.0
49.851242869000004,0.40000006556510925,700480.3125,1.0
49.90107486,0.40000006556510925,700480.3125,1.0
49.951051141,344.21673583984375,700824.8125,1.0
50.001009388,3265.212890625,704089.9375,1.0
50.051085583,0.39999985694885254,704090.5625,1.0
50.101024943000006,0.39999985694885254,704090.5625,1.0
50.151193147,0.40000030398368835,704091.1875,1.0
50.201153954000006,0.40000030398368835,704091.1875,1.0
50.251217779,346.5444641113281,704438.0,1.0
50.301243304,3106.99658203125,707544.9375,1.0
50.35129218,0.40000081062316895,707545.5625,1.0
50.401111687000004,0.40000081062316895,707545.5625,1.0
50.451139602000005,0.40000051259994507,707546.1875,1.0
50.501119348,0.40000051259994507,707546.1875,1.0
50.55114197,0.400001585483551,707546.8125,1.0
50.601014663,0.400001585483551,707546.8125,1.0
50.651093169000006,0.39999833703041077,707547.4375,1.0
50.701014897,0.39999833703041077,707547.4375,1.0
50.75119086,0.40000060200691223,707548.125,1.0
50.801053102000004,0.40000060200691223,707548.125,1.0
50.851134869000006,343.66357421875,707892.0,1.0
50.901063197000006,3284.562255859375,711176.5,1.0
50.951208008,343.98333740234375,711520.6875,1.0
51.001044731,3297.645263671875,714818.3125,1.0
51.05117483,0.4000012278556824,714818.9375,1.0
51.10109408300001,0.4000012278556824,714818.9375,1.0
51.151101435,0.39999961853027344,714819.5625,1.0
51.201076683000004,0.39999961853027344,714819.5625,1.0
51.251102581000005,343.9471740722656,715163.75,1.0
51.301168157000006,3320.91943359375,718484.5625,1.0
51.351195061000006,341.70941162109375,718826.5625,1.0
51.401083885000006,3007.8330078125,721834.3125,1.0
51.4511474,346.6215515136719,722181.125,1.0
51.500992505000006,3034.3466796875,725215.4375,1.0
51.551210716,345.6311340332031,725561.3125,1.0
51.601072023,3079.928955078125,728641.125,1.0
51.651228882000005,346.5811462402344,728987.9375,1.0
51.701099918000004,3056.039306640625,732043.9375,1.0
51.751064018,341.3475646972656,732385.5,1.0
51.801142659,3249.961181640625,735635.375,1.0
51.851056937,340.3746643066406,735976.0,1.0
51.900999074000005,3286.377685546875,739262.3125,1.0
51.951193706000005,347.6158142089844,739610.1875,1.0
52.001035775000005,3006.31201171875,742616.375,1.0
52.05114510200001,348.71612548828125,742965.375,1.0
52.101069223,3220.357177734375,746185.625,1.0
52.151188071,347.8264465332031,746533.6875,1.0
52.201054940000006,3028.305419921875,749561.9375,1.0
52.251300337,340.4348449707031,749902.5625,1.0
52.301077851,2917.4033203125,752819.9375,1.0
52.351258999,341.9593811035156,753162.125,1.0
52.401228383,3114.245849609375,756276.25,1.0
52.451186369000006,341.0238342285156,756617.5625,1.0
52.501036962,3333.444580078125,759950.9375,1.0
52.551250488,341.5702819824219,760292.6875,1.0
52.601253220000004,3382.228759765625,763674.875,1.0
52.651383470000006,342.6110534667969,764017.6875,1.0
52.701181823000006,2949.771728515625,766967.4375,1.0
52.751299308,344.24932861328125,767311.875,1.0
52.801156295000006,2987.908447265625,770299.75,1.0
52.851401486,347.2542724609375,770647.25,1.0
52.901102753,2921.965087890625,773569.125,1.0
52.951065945,348.43017578125,773917.75,1.0
53.001005525000004,3069.66552734375,776987.375,1.0
53.051128046,341.020263671875,777328.625,1.0
53.101034904,3191.28759765625,780519.8125,1.0
53.151211273,340.9847412109375,780861.0625,1.0
53.201029725000005,3189.10888671875,784050.0625,1.0
53.251047441000004,347.5954895019531,784397.9375,1.0
53.301030952000005,3009.9091796875,787407.75,1.0
53.351046181,340.9207763671875,787748.9375,1.0
53.401049763,3381.529296875,791130.375,1.0
53.451190188000005,340.8551025390625,791471.4375,1.0
53.501187848,3308.990234375,794780.375,1.0
53.551246154000005,347.16766357421875,795127.75,1.0
53.601071447,3095.0869140625,798222.75,1.0
53.651123406,341.6701354980469,798564.6875,1.0
53.701044881,3296.481689453125,801861.0625,1.0
53.751207617000006,341.11981201171875,802202.4375,1.0
53.801019221000004,3291.5048828125,805493.875,1.0
53.851121756000005,340.3604736328125,805834.5,1.0
53.900993166000006,3328.0166015625,809162.4375,1.0
53.951056989,341.2692565917969,809503.9375,1.0
54.001053846000005,3289.02197265625,812792.875,1.0
54.051225532000004,340.7042541503906,813133.8125,1.0
54.101051954000006,3303.9755859375,816437.6875,1.0
54.15119982900001,341.5595703125,816779.5,1.0
54.201151530000004,3235.33154296875,820014.75,1.0
54.251320503,347.69708251953125,820362.6875,1.0
54.301016805,2976.892578125,823339.5,1.0
54.351156339000006,347.92999267578125,823687.6875,1.0
54.401018912000005,2995.57177734375,826683.1875,1.0
54.451395701,339.82672119140625,827023.25,1.0
54.501016128,3194.560791015625,830217.6875,1.0
54.551179888,342.10418701171875,830560.0625,1.0
54.601045351,3291.5048828125,833851.5,1.0
54.651214675000006,342.5070495605469,834194.25,1.0
54.701119770000005,3434.625,837628.75,1.0
54.751085358000005,339.423095703125,837968.4375,1.0
54.80099945800001,3406.007080078125,841374.375,1.0
54.851019908000005,348.764404296875,841723.375,1.0
54.901126327,2861.371337890625,844584.6875,1.0
54.95129862300001,349.39007568359375,844934.3125,1.0
55.00102209400001,3095.819580078125,848030.0,1.0
55.051327837,346.537109375,848376.8125,1.0
55.101048633000005,3022.986328125,851399.6875,1.0
55.151191212,342.8569641113281,851742.8125,1.0
55.201299196,3076.5966796875,854819.3125,1.0
55.251146682000005,340.8231201171875,855160.375,1.0
55.301407577000006,3339.23095703125,858499.5625,1.0
55.351190588,340.10223388671875,858839.875,1.0
55.401207256000006,3373.679931640625,862213.5,1.0
55.451170190000006,339.8796691894531,862553.625,1.0
55.501292048,3308.655517578125,865862.1875,1.0
55.551237015000005,340.9722900390625,866203.375,1.0
55.601253176,3302.974365234375,869506.3125,1.0
55.651271336,341.9861755371094,869848.5,1.0
55.701276098,3233.09228515625,873081.5,1.0
55.751265236,341.3974304199219,873423.1875,1.0
55.801237215,3247.701904296875,876670.75,1.0
55.851242234000004,341.4437255859375,877012.4375,1.0
55.90124411,3264.723876953125,880277.125,1.0
55.95129763400001,339.1609802246094,880616.5,1.0
56.00148797000001,3475.508056640625,884091.9375,1.0
56.051086864000006,341.4348449707031,884433.625,1.0
56.101326045,3270.4375,887704.0,1.0
56.151332931000006,346.11370849609375,888050.3125,1.0
56.201291182000006,3032.939453125,891083.1875,1.0
56.251300204,340.39056396484375,891423.8125,1.0
56.301232250000005,3318.2236328125,894741.9375,1.0
56.351017547000005,340.8728332519531,895083.0625,1.0
56.401402607,3036.459716796875,898119.4375,1.0
56.45113958500001,0.40000054240226746,898120.0625,1.0
56.501061352,0.40000054240226746,898120.0625,1.0
56.551385832,0.3999994695186615,898120.75,1.0
56.601134415000004,0.3999994695186615,898120.75,1.0
56.65114641500001,344.3290100097656,898465.3125,1.0
56.701363484000005,2915.972412109375,901381.1875,1.0
56.75127605,340.72021484375,901722.125,1.0
56.801027214,3227.66748046875,904949.75,1.0
56.851245372,340.4613952636719,905290.4375,1.0
56.901114140000004,3279.292236328125,908569.625,1.0
56.951313388,342.24371337890625,908912.125,1.0
57.001048598000004,3173.942138671875,912086.0,1.0
57.051277036,339.66973876953125,912425.9375,1.0
57.101044656000006,3324.295166015625,915750.125,1.0
57.151275113000004,340.4490051269531,916090.8125,1.0
57.201137146,3209.453125,919300.1875,1.0
57.251469785000005,340.4241943359375,919640.875,1.0
57.301103786000006,3218.138671875,922858.9375,1.0
57.351239101000004,340.63153076171875,923199.75,1.0
57.401424326000004,3213.7109375,926413.4375,1.0
57.451256253000004,338.86065673828125,926752.5,1.0
57.501360726,3485.13818359375,930237.5625,1.0
57.551287672,340.48974609375,930578.3125,1.0
57.60137460200001,3185.07080078125,933763.3125,1.0
57.65133869300001,341.68798828125,934105.1875,1.0
57.70134985200001,3269.947021484375,937375.0625,1.0
57.751299013,343.70147705078125,937719.0,1.0
57.801328840000004,3016.57275390625,940735.5,1.0
57.851360382,346.9688720703125,941082.75,1.0
57.90127416000001,3187.243896484375,944269.875,1.0
57.951304877000005,344.412353515625,944614.5625,1.0
58.001284410000004,3307.316650390625,947921.75,1.0
58.051294408000004,347.5382385253906,948269.5625,1.0
58.101266801,3084.285888671875,951353.75,1.0
58.151464648,339.2488708496094,951693.25,1.0
58.20137282100001,3767.827392578125,955461.0,1.0
58.251468174,340.5765686035156,955801.8125,1.0
58.301300768000004,3750.3271484375,959552.0625,1.0
58.35129786700001,340.5127868652344,959892.8125,1.0
58.401218548,3778.27490234375,963671.0,1.0
58.451288598000005,342.392333984375,964013.625,1.0
58.501219047000006,3801.553466796875,967815.125,1.0
58.551279908000005,342.0362243652344,968157.375,1.0
58.601381954000004,3549.444580078125,971706.75,1.0
58.651298779,343.0115051269531,972050.0,1.0
58.701313953,3298.809326171875,975348.75,1.0
58.752021357000004,343.1697692871094,975692.125,1.0
58.80132231100001,3465.0126953125,979157.0625,1.0
58.851381821000004,350.1471862792969,979507.5,1.0
58.901249505,2795.929443359375,982303.3125,1.0
58.951314614000005,344.18231201171875,982647.75,1.0
59.001251591000006,3011.98828125,985659.625,1.0
59.051320782000005,341.5310363769531,986001.4375,1.0
59.101286427000005,3142.526611328125,989143.875,1.0
59.151296922,343.4092712402344,989487.5,1.0
59.201391194,3074.71630859375,992562.125,1.0
59.251323451000005,342.4693908691406,992904.875,1.0
59.301158172,3354.817626953125,996259.625,1.0
59.351140606,342.8641052246094,996602.6875,1.0
59.401058426000006,2981.234375,999583.875,1.0
59.451237853,339.5181579589844,999923.625,1.0
59.501035459,3369.161376953125,1003292.6875,1.0
59.551270537,345.01519775390625,1003637.9375,1.0
59.601144358000006,2940.75244140625,1006578.625,1.0
59.651227468,0.39999890327453613,1006579.25,1.0
59.70121361100001,0.39999890327453613,1006579.25,1.0
59.751272533000005,351.9190673828125,1006931.4375,1.0
59.801193006000005,2759.01220703125,1009690.375,1.0
59.85126202000001,346.88427734375,1010037.5,1.0
59.901438089,2887.138671875,1012924.5625,1.0
59.951325643000004,347.7727966308594,1013272.5625,1.0
60.001136025,2715.93359375,1015988.4375,1.0
60.051356566,350.34588623046875,1016339.0,1.0
60.101138536,350.34588623046875,1016339.0,1.0
60.15130785,0.3999998867511749,1016339.625,1.0
60.201128406,0.3999998867511749,1016339.625,1.0
60.251268849000006,0.3999994397163391,1016340.25,1.0
60.301168232,0.3999994397163391,1016340.25,1.0
60.351260148,0.40000003576278687,1016340.9375,1.0
60.401220393,0.40000003576278687,1016340.9375,1.0
60.451268084000006,0.4000008702278137,1016341.5625,1.0
60.501594132,0.4000008702278137,1016341.5625,1.0
60.551133914000005,0.39999866485595703,1016342.1875,1.0
60.601417373000004,0.39999866485595703,1016342.1875,1.0
60.65128043200001,0.39999860525131226,1016342.8125,1.0
60.701459649,0.39999860525131226,1016342.8125,1.0
60.751440391,0.40000027418136597,1016343.5,1.0
60.801817317,0.40000027418136597,1016343.5,1.0
60.851275446,0.3999999463558197,1016344.125,1.0
60.901690794000004,0.3999999463558197,1016344.125,1.0
60.95126148800001,0.4000009596347809,1016344.75,1.0
61.001416425,0.4000009596347809,1016344.75,1.0
61.051290136000006,0.39999881386756897,1016345.375,1.0
61.101505341000006,0.39999881386756897,1016345.375,1.0
61.151349964000005,0.3999998867511749,1016346.0625,1.0
61.20151069200001,0.3999998867511749,1016346.0625,1.0
61.251370936,0.40000012516975403,1016346.6875,1.0
61.301497948000005,0.40000012516975403,1016346.6875,1.0
61.351298956,0.40000033378601074,1016347.3125,1.0
61.40119155200001,0.40000033378601074,1016347.3125,1.0
61.451252970000006,0.40000152587890625,1016347.9375,1.0
61.501384128000005,0.40000152587890625,1016347.9375,1.0
61.551275455,0.3999992907047272,1016348.5625,1.0
61.601488117,0.3999992907047272,1016348.5625,1.0
61.651594885,0.40000030398368835,1016349.25,1.0
61.70147902,0.40000030398368835,1016349.25,1.0
61.751397537,0.40000084042549133,1016349.875,1.0
61.80141905400001,0.40000084042549133,1016349.875,1.0
61.851283480000006,0.3999996483325958,1016350.5,1.0
61.90141526000001,0.3999996483325958,1016350.5,1.0
61.9513247,0.3999989628791809,1016351.125,1.0
62.001466288,0.3999989628791809,1016351.125,1.0
62.051137403000006,0.4000003933906555,1016351.8125,1.0
62.101403785,0.4000003933906555,1016351.8125,1.0
62.15118557300001,0.40000009536743164,1016352.4375,1.0
62.20385472,0.40000009536743164,1016352.4375,1.0
