ros-jazzy-action-msgs	2.0.4-1noble.20260612.054718
ros-jazzy-actionlib-msgs	5.3.8-1noble.20260615.104314
ros-jazzy-actuator-msgs	0.0.1-4noble.20260615.104602
ros-jazzy-ament-cmake	2.5.6-2noble.20260225.222913
ros-jazzy-ament-cmake-auto	2.5.6-2noble.20260225.232257
ros-jazzy-ament-cmake-copyright	0.17.5-1noble.20260410.113746
ros-jazzy-ament-cmake-core	2.5.6-2noble.20260224.191131
ros-jazzy-ament-cmake-cppcheck	0.17.5-1noble.20260410.113607
ros-jazzy-ament-cmake-cpplint	0.17.5-1noble.20260410.105800
ros-jazzy-ament-cmake-export-definitions	2.5.6-2noble.20260224.232207
ros-jazzy-ament-cmake-export-dependencies	2.5.6-2noble.20260225.043730
ros-jazzy-ament-cmake-export-include-directories	2.5.6-2noble.20260224.232223
ros-jazzy-ament-cmake-export-interfaces	2.5.6-2noble.20260225.042039
ros-jazzy-ament-cmake-export-libraries	2.5.6-2noble.20260224.232254
ros-jazzy-ament-cmake-export-link-flags	2.5.6-2noble.20260225.042107
ros-jazzy-ament-cmake-export-targets	2.5.6-2noble.20260225.042100
ros-jazzy-ament-cmake-flake8	0.17.5-1noble.20260410.113910
ros-jazzy-ament-cmake-gen-version-h	2.5.6-2noble.20260225.042237
ros-jazzy-ament-cmake-gmock	2.5.6-2noble.20260225.215706
ros-jazzy-ament-cmake-gtest	2.5.6-2noble.20260225.145055
ros-jazzy-ament-cmake-include-directories	2.5.6-2noble.20260225.042241
ros-jazzy-ament-cmake-libraries	2.5.6-2noble.20260225.042312
ros-jazzy-ament-cmake-lint-cmake	0.17.5-1noble.20260410.113602
ros-jazzy-ament-cmake-pep257	0.17.5-1noble.20260410.113929
ros-jazzy-ament-cmake-pytest	2.5.6-2noble.20260225.145739
ros-jazzy-ament-cmake-python	2.5.6-2noble.20260225.042312
ros-jazzy-ament-cmake-ros	0.12.1-1noble.20260603.150631
ros-jazzy-ament-cmake-target-dependencies	2.5.6-2noble.20260225.043936
ros-jazzy-ament-cmake-test	2.5.6-2noble.20260225.143205
ros-jazzy-ament-cmake-uncrustify	0.17.5-1noble.20260410.113615
ros-jazzy-ament-cmake-version	2.5.6-2noble.20260225.042330
ros-jazzy-ament-cmake-xmllint	0.17.5-1noble.20260410.113914
ros-jazzy-ament-copyright	0.17.5-1noble.20260410.105859
ros-jazzy-ament-cppcheck	0.17.5-1noble.20260410.080408
ros-jazzy-ament-cpplint	0.17.5-1noble.20260410.080348
ros-jazzy-ament-flake8	0.17.5-1noble.20260410.113507
ros-jazzy-ament-index-cpp	1.8.4-1noble.20260519.011052
ros-jazzy-ament-index-python	1.8.4-1noble.20260519.010916
ros-jazzy-ament-lint	0.17.5-1noble.20260410.080358
ros-jazzy-ament-lint-auto	0.17.5-1noble.20260410.080333
ros-jazzy-ament-lint-cmake	0.17.5-1noble.20260410.080405
ros-jazzy-ament-lint-common	0.17.5-1noble.20260410.114154
ros-jazzy-ament-package	0.16.5-1noble.20260121.174946
ros-jazzy-ament-pep257	0.17.5-1noble.20260410.113520
ros-jazzy-ament-uncrustify	0.17.5-1noble.20260410.080359
ros-jazzy-ament-xmllint	0.17.5-1noble.20260410.113521
ros-jazzy-angles	1.16.1-1noble.20260225.231445
ros-jazzy-backward-ros	1.0.8-1noble.20260225.051215
ros-jazzy-behaviortree-cpp	4.9.0-1noble.20260615.161133
ros-jazzy-bond	4.2.0-1noble.20260615.104841
ros-jazzy-bondcpp	4.2.0-1noble.20260615.141016
ros-jazzy-builtin-interfaces	2.0.4-1noble.20260612.052109
ros-jazzy-class-loader	2.7.1-1noble.20260604.024917
ros-jazzy-common-interfaces	5.3.8-1noble.20260615.123715
ros-jazzy-composition-interfaces	2.0.4-1noble.20260615.103339
ros-jazzy-console-bridge-vendor	1.7.2-1noble.20260603.150411
ros-jazzy-control-msgs	5.9.0-1noble.20260615.113124
ros-jazzy-control-toolbox	4.11.0-1noble.20260615.165744
ros-jazzy-controller-interface	4.45.2-1noble.20260615.164054
ros-jazzy-costmap-queue	1.3.12-1noble.20260615.160647
ros-jazzy-cv-bridge	4.1.0-1noble.20260615.144656
ros-jazzy-diagnostic-msgs	5.3.8-1noble.20260615.111600
ros-jazzy-diagnostic-updater	4.2.7-1noble.20260615.135857
ros-jazzy-diff-drive-controller	4.40.1-1noble.20260615.170354
ros-jazzy-domain-coordinator	0.12.1-1noble.20260603.150342
ros-jazzy-dwb-core	1.3.12-1noble.20260615.165550
ros-jazzy-dwb-critics	1.3.12-1noble.20260615.180327
ros-jazzy-dwb-msgs	1.3.12-1noble.20260615.112621
ros-jazzy-dwb-plugins	1.3.12-1noble.20260615.170617
ros-jazzy-eigen3-cmake-module	0.3.1-1noble.20260603.150413
ros-jazzy-fastcdr	2.2.7-1noble.20260225.051855
ros-jazzy-fastrtps	2.14.6-1noble.20260303.233638
ros-jazzy-fastrtps-cmake-module	3.6.4-1noble.20260603.150331
ros-jazzy-filters	2.2.2-1noble.20260615.161153
ros-jazzy-foonathan-memory-vendor	1.3.1-3noble.20260225.055155
ros-jazzy-generate-parameter-library	0.7.3-1noble.20260615.164514
ros-jazzy-generate-parameter-library-py	0.7.3-1noble.20260507.105821
ros-jazzy-geographic-msgs	1.0.6-2noble.20260615.111621
ros-jazzy-geometry-msgs	5.3.8-1noble.20260615.110340
ros-jazzy-geometry2	0.36.21-1noble.20260615.153752
ros-jazzy-gmock-vendor	1.14.9000-2noble.20260225.143751
ros-jazzy-gps-msgs	2.1.2-1noble.20260615.110354
ros-jazzy-gtest-vendor	1.14.9000-2noble.20260225.055309
ros-jazzy-gz-cmake-vendor	0.0.11-1noble.20260225.223100
ros-jazzy-gz-common-vendor	0.0.9-1noble.20260422.124815
ros-jazzy-gz-dartsim-vendor	0.0.3-1noble.20260225.232143
ros-jazzy-gz-fuel-tools-vendor	0.0.6-1noble.20260423.081524
ros-jazzy-gz-gui-vendor	0.0.5-1noble.20260425.071107
ros-jazzy-gz-math-vendor	0.0.9-1noble.20260422.120700
ros-jazzy-gz-msgs-vendor	0.0.6-1noble.20260423.060450
ros-jazzy-gz-ogre-next-vendor	0.0.5-1noble.20260225.232146
ros-jazzy-gz-physics-vendor	0.0.7-1noble.20260604.105412
ros-jazzy-gz-plugin-vendor	0.0.5-1noble.20260226.000520
ros-jazzy-gz-rendering-vendor	0.0.7-1noble.20260425.063708
ros-jazzy-gz-sensors-vendor	0.0.6-1noble.20260604.105419
ros-jazzy-gz-sim-vendor	0.0.10-1noble.20260604.111001
ros-jazzy-gz-tools-vendor	0.0.7-1noble.20260225.231255
ros-jazzy-gz-transport-vendor	0.0.7-1noble.20260423.081526
ros-jazzy-gz-utils-vendor	0.0.5-1noble.20260225.231257
ros-jazzy-hardware-interface	4.45.2-1noble.20260615.155429
ros-jazzy-image-transport	5.1.8-1noble.20260615.144252
ros-jazzy-interactive-markers	2.5.5-1noble.20260615.152342
ros-jazzy-joint-limits	4.45.2-1noble.20260615.154906
ros-jazzy-joint-state-broadcaster	4.40.1-1noble.20260615.171040
ros-jazzy-joint-state-publisher	2.4.1-1noble.20260615.140100
ros-jazzy-kdl-parser	2.11.0-3noble.20260604.104357
ros-jazzy-keyboard-handler	0.3.2-1noble.20260225.235108
ros-jazzy-laser-geometry	2.7.2-1noble.20260615.144235
ros-jazzy-launch	3.4.11-1noble.20260603.150356
ros-jazzy-launch-ros	0.26.12-1noble.20260615.134004
ros-jazzy-launch-testing	3.4.11-1noble.20260603.150907
ros-jazzy-launch-testing-ament-cmake	3.4.11-1noble.20260603.151149
ros-jazzy-launch-testing-ros	0.26.12-1noble.20260615.145416
ros-jazzy-launch-xml	3.4.11-1noble.20260603.150705
ros-jazzy-launch-yaml	3.4.11-1noble.20260603.150711
ros-jazzy-libcurl-vendor	3.4.4-1noble.20260225.235243
ros-jazzy-liblz4-vendor	0.26.11-1noble.20260603.150356
ros-jazzy-libstatistics-collector	1.7.4-1noble.20260615.132833
ros-jazzy-libyaml-vendor	1.6.4-2noble.20260603.150356
ros-jazzy-lifecycle-msgs	2.0.4-1noble.20260615.102420
ros-jazzy-map-msgs	2.4.1-2noble.20260615.113621
ros-jazzy-marine-acoustic-msgs	2.1.0-2noble.20260615.112002
ros-jazzy-mcap-vendor	0.26.11-1noble.20260603.151024
ros-jazzy-message-filters	4.11.17-1noble.20260615.140122
ros-jazzy-nav-2d-msgs	1.3.12-1noble.20260615.112024
ros-jazzy-nav-2d-utils	1.3.12-1noble.20260615.153147
ros-jazzy-nav-msgs	5.3.8-1noble.20260615.112021
ros-jazzy-nav2-amcl	1.3.12-1noble.20260615.153115
ros-jazzy-nav2-behavior-tree	1.3.12-1noble.20260615.162300
ros-jazzy-nav2-behaviors	1.3.12-1noble.20260615.170333
ros-jazzy-nav2-bringup	1.3.12-1noble.20260616.082701
ros-jazzy-nav2-bt-navigator	1.3.12-1noble.20260615.165211
ros-jazzy-nav2-collision-monitor	1.3.12-1noble.20260615.160103
ros-jazzy-nav2-common	1.3.12-1noble.20260615.145421
ros-jazzy-nav2-constrained-smoother	1.3.12-1noble.20260615.172212
ros-jazzy-nav2-controller	1.3.12-1noble.20260615.165600
ros-jazzy-nav2-core	1.3.12-1noble.20260615.164834
ros-jazzy-nav2-costmap-2d	1.3.12-1noble.20260615.154707
ros-jazzy-nav2-dwb-controller	1.3.12-1noble.20260615.181312
ros-jazzy-nav2-graceful-controller	1.3.12-1noble.20260615.170042
ros-jazzy-nav2-lifecycle-manager	1.3.12-1noble.20260615.152740
ros-jazzy-nav2-map-server	1.3.12-1noble.20260615.153120
ros-jazzy-nav2-minimal-tb3-sim	1.0.1-1noble.20260616.074421
ros-jazzy-nav2-minimal-tb4-description	1.0.1-1noble.20260615.164333
ros-jazzy-nav2-minimal-tb4-sim	1.0.1-1noble.20260615.175354
ros-jazzy-nav2-mppi-controller	1.3.12-1noble.20260615.165555
ros-jazzy-nav2-msgs	1.3.12-1noble.20260615.145957
ros-jazzy-nav2-navfn-planner	1.3.12-1noble.20260615.170058
ros-jazzy-nav2-planner	1.3.12-1noble.20260615.170058
ros-jazzy-nav2-regulated-pure-pursuit-controller	1.3.12-1noble.20260615.170110
ros-jazzy-nav2-rotation-shim-controller	1.3.12-1noble.20260615.170216
ros-jazzy-nav2-route	1.3.12-1noble.20260615.165604
ros-jazzy-nav2-rviz-plugins	1.3.12-1noble.20260615.171114
ros-jazzy-nav2-simple-commander	1.3.12-1noble.20260615.151451
ros-jazzy-nav2-smac-planner	1.3.12-1noble.20260615.170444
ros-jazzy-nav2-smoother	1.3.12-1noble.20260615.165713
ros-jazzy-nav2-theta-star-planner	1.3.12-1noble.20260615.172312
ros-jazzy-nav2-util	1.3.12-1noble.20260615.152147
ros-jazzy-nav2-velocity-smoother	1.3.12-1noble.20260615.153210
ros-jazzy-nav2-voxel-grid	1.3.12-1noble.20260615.154410
ros-jazzy-nav2-waypoint-follower	1.3.12-1noble.20260615.170606
ros-jazzy-navigation2	1.3.12-1noble.20260615.181551
ros-jazzy-ompl	1.7.0-2noble.20260225.055751
ros-jazzy-opennav-docking	1.3.12-1noble.20260615.170534
ros-jazzy-opennav-docking-bt	1.3.12-1noble.20260615.170208
ros-jazzy-opennav-docking-core	1.3.12-1noble.20260615.154201
ros-jazzy-orocos-kdl-vendor	0.5.2-1noble.20260603.150813
ros-jazzy-osrf-pycommon	2.1.7-1noble.20260225.055811
ros-jazzy-pal-statistics	2.7.0-1noble.20260615.144746
ros-jazzy-pal-statistics-msgs	2.7.0-1noble.20260615.114217
ros-jazzy-parameter-traits	0.7.3-1noble.20260615.164126
ros-jazzy-pluginlib	5.4.5-1noble.20260604.025205
ros-jazzy-point-cloud-transport	4.0.8-1noble.20260615.144257
ros-jazzy-pybind11-vendor	3.1.3-1noble.20260226.000033
ros-jazzy-python-cmake-module	0.11.1-2noble.20260226.000327
ros-jazzy-python-orocos-kdl-vendor	0.5.2-1noble.20260603.151028
ros-jazzy-rcl	9.2.11-1noble.20260615.132422
ros-jazzy-rcl-action	9.2.11-1noble.20260615.132842
ros-jazzy-rcl-interfaces	2.0.4-1noble.20260615.102556
ros-jazzy-rcl-lifecycle	9.2.11-1noble.20260615.132825
ros-jazzy-rcl-logging-interface	3.1.1-1noble.20260603.152452
ros-jazzy-rcl-logging-spdlog	3.1.1-1noble.20260604.025148
ros-jazzy-rcl-yaml-param-parser	9.2.11-1noble.20260612.050432
ros-jazzy-rclcpp	28.1.21-1noble.20260615.133124
ros-jazzy-rclcpp-action	28.1.21-1noble.20260615.145316
ros-jazzy-rclcpp-components	28.1.21-1noble.20260615.140757
ros-jazzy-rclcpp-lifecycle	28.1.21-1noble.20260615.134238
ros-jazzy-rclpy	7.1.11-1noble.20260615.133206
ros-jazzy-rcpputils	2.11.4-1noble.20260603.152446
ros-jazzy-rcutils	6.7.6-1noble.20260603.152220
ros-jazzy-realtime-tools	3.11.0-1noble.20260615.154205
ros-jazzy-resource-retriever	3.4.4-1noble.20260603.152233
ros-jazzy-rmw	7.3.3-1noble.20260612.050218
ros-jazzy-rmw-connextdds	
ros-jazzy-rmw-cyclonedds-cpp	
ros-jazzy-rmw-dds-common	3.1.1-1noble.20260615.102804
ros-jazzy-rmw-fastrtps-cpp	8.4.4-1noble.20260615.124621
ros-jazzy-rmw-fastrtps-shared-cpp	8.4.4-1noble.20260615.124045
ros-jazzy-rmw-implementation	2.15.6-1noble.20260615.132010
ros-jazzy-rmw-implementation-cmake	7.3.3-1noble.20260225.225156
ros-jazzy-robot-localization	3.8.3-1noble.20260615.152020
ros-jazzy-robot-state-publisher	3.3.4-1noble.20260615.150609
ros-jazzy-ros-base	0.11.0-1noble.20260616.084325
ros-jazzy-ros-core	0.11.0-1noble.20260615.174419
ros-jazzy-ros-environment	4.2.1-1noble.20260225.043405
ros-jazzy-ros-gz-bridge	1.0.22-1noble.20260615.142443
ros-jazzy-ros-gz-image	1.0.22-1noble.20260615.145009
ros-jazzy-ros-gz-interfaces	1.0.22-1noble.20260615.112415
ros-jazzy-ros-gz-sim	1.0.22-1noble.20260615.173223
ros-jazzy-ros-workspace	1.0.3-7noble.20260224.191628
ros-jazzy-ros2action	0.32.10-1noble.20260615.154029
ros-jazzy-ros2bag	0.26.11-1noble.20260616.083858
ros-jazzy-ros2cli	0.32.10-1noble.20260615.145444
ros-jazzy-ros2cli-common-extensions	0.3.1-1noble.20260615.174322
ros-jazzy-ros2component	0.32.10-1noble.20260615.173216
ros-jazzy-ros2doctor	0.32.10-1noble.20260615.150145
ros-jazzy-ros2interface	0.32.10-1noble.20260615.145551
ros-jazzy-ros2launch	0.26.12-1noble.20260615.173305
ros-jazzy-ros2lifecycle	0.32.10-1noble.20260615.154319
ros-jazzy-ros2multicast	0.32.10-1noble.20260615.173112
ros-jazzy-ros2node	0.32.10-1noble.20260615.154106
ros-jazzy-ros2param	0.32.10-1noble.20260615.154336
ros-jazzy-ros2pkg	0.32.10-1noble.20260615.173111
ros-jazzy-ros2plugin	5.4.5-1noble.20260615.173225
ros-jazzy-ros2run	0.32.10-1noble.20260615.173312
ros-jazzy-ros2service	0.32.10-1noble.20260615.154216
ros-jazzy-ros2topic	0.32.10-1noble.20260615.154120
ros-jazzy-rosbag2	0.26.11-1noble.20260616.084050
ros-jazzy-rosbag2-compression	0.26.11-1noble.20260616.074724
ros-jazzy-rosbag2-compression-zstd	0.26.11-1noble.20260616.082522
ros-jazzy-rosbag2-cpp	0.26.11-1noble.20260615.164124
ros-jazzy-rosbag2-interfaces	0.26.11-1noble.20260615.102817
ros-jazzy-rosbag2-py	0.26.11-1noble.20260616.083139
ros-jazzy-rosbag2-storage	0.26.11-1noble.20260615.163715
ros-jazzy-rosbag2-storage-default-plugins	0.26.11-1noble.20260616.082656
ros-jazzy-rosbag2-storage-mcap	0.26.11-1noble.20260616.074830
ros-jazzy-rosbag2-storage-sqlite3	0.26.11-1noble.20260615.180132
ros-jazzy-rosbag2-transport	0.26.11-1noble.20260616.082423
ros-jazzy-rosgraph-msgs	2.0.4-1noble.20260615.103338
ros-jazzy-rosidl-adapter	4.6.9-1noble.20260612.045507
ros-jazzy-rosidl-cli	4.6.9-1noble.20260612.045120
ros-jazzy-rosidl-cmake	4.6.9-1noble.20260612.050210
ros-jazzy-rosidl-core-generators	0.2.1-1noble.20260612.051702
ros-jazzy-rosidl-core-runtime	0.2.1-1noble.20260612.051559
ros-jazzy-rosidl-default-generators	1.6.1-1noble.20260612.064900
ros-jazzy-rosidl-default-runtime	1.6.1-1noble.20260615.090842
ros-jazzy-rosidl-dynamic-typesupport	0.1.2-3noble.20260612.045843
ros-jazzy-rosidl-dynamic-typesupport-fastrtps	0.1.0-3noble.20260612.050231
ros-jazzy-rosidl-generator-c	4.6.9-1noble.20260612.050418
ros-jazzy-rosidl-generator-cpp	4.6.9-1noble.20260612.050852
ros-jazzy-rosidl-generator-py	0.22.2-1noble.20260612.051058
ros-jazzy-rosidl-generator-rs	0.4.12-1noble.20260612.051117
ros-jazzy-rosidl-generator-type-description	4.6.9-1noble.20260612.050043
ros-jazzy-rosidl-parser	4.6.9-1noble.20260612.045810
ros-jazzy-rosidl-pycommon	4.6.9-1noble.20260612.045929
ros-jazzy-rosidl-runtime-c	4.6.9-1noble.20260612.045513
ros-jazzy-rosidl-runtime-cpp	4.6.9-1noble.20260612.045852
ros-jazzy-rosidl-runtime-py	0.13.2-1noble.20260612.050026
ros-jazzy-rosidl-typesupport-c	3.2.3-1noble.20260612.050857
ros-jazzy-rosidl-typesupport-cpp	3.2.3-1noble.20260612.051324
ros-jazzy-rosidl-typesupport-fastrtps-c	3.6.4-1noble.20260612.051449
ros-jazzy-rosidl-typesupport-fastrtps-cpp	3.6.4-1noble.20260612.051139
ros-jazzy-rosidl-typesupport-interface	4.6.9-1noble.20260612.045126
ros-jazzy-rosidl-typesupport-introspection-c	4.6.9-1noble.20260612.050623
ros-jazzy-rosidl-typesupport-introspection-cpp	4.6.9-1noble.20260612.051103
ros-jazzy-rpyutils	0.4.2-1noble.20260225.142204
ros-jazzy-rsl	1.3.0-1noble.20260615.163749
ros-jazzy-rviz-assimp-vendor	14.1.22-1noble.20260608.072411
ros-jazzy-rviz-common	14.1.22-1noble.20260615.150842
ros-jazzy-rviz-default-plugins	14.1.22-1noble.20260615.153429
ros-jazzy-rviz-ogre-vendor	14.1.22-1noble.20260608.072426
ros-jazzy-rviz-rendering	14.1.22-1noble.20260608.080750
ros-jazzy-sdformat-urdf	1.0.2-1noble.20260604.105352
ros-jazzy-sdformat-vendor	0.0.11-1noble.20260604.104102
ros-jazzy-sensor-msgs	5.3.8-1noble.20260615.112429
ros-jazzy-sensor-msgs-py	5.3.8-1noble.20260615.124842
ros-jazzy-service-msgs	2.0.4-1noble.20260612.053052
ros-jazzy-shape-msgs	5.3.8-1noble.20260615.112455
ros-jazzy-simulation-interfaces	1.5.1-1noble.20260615.112513
ros-jazzy-slam-toolbox	2.8.5-1noble.20260615.161600
ros-jazzy-smclib	4.2.0-1noble.20260317.155007
ros-jazzy-spdlog-vendor	1.6.2-1noble.20260603.150612
ros-jazzy-sqlite3-vendor	0.26.11-1noble.20260603.150654
ros-jazzy-sros2	0.13.6-1noble.20260615.154151
ros-jazzy-sros2-cmake	0.13.6-1noble.20260615.173204
ros-jazzy-statistics-msgs	2.0.4-1noble.20260615.102920
ros-jazzy-std-msgs	5.3.8-1noble.20260615.102930
ros-jazzy-std-srvs	5.3.8-1noble.20260615.102935
ros-jazzy-stereo-msgs	5.3.8-1noble.20260615.113935
ros-jazzy-tcb-span	1.3.1-1noble.20260506.015343
ros-jazzy-tf2	0.36.21-1noble.20260615.130312
ros-jazzy-tf2-bullet	0.36.21-1noble.20260615.151439
ros-jazzy-tf2-eigen	0.36.21-1noble.20260615.151510
ros-jazzy-tf2-eigen-kdl	0.36.21-1noble.20260615.131743
ros-jazzy-tf2-geometry-msgs	0.36.21-1noble.20260615.151523
ros-jazzy-tf2-kdl	0.36.21-1noble.20260615.151506
ros-jazzy-tf2-msgs	0.36.21-1noble.20260615.112712
ros-jazzy-tf2-py	0.36.21-1noble.20260615.143600
ros-jazzy-tf2-ros	0.36.21-1noble.20260615.145818
ros-jazzy-tf2-ros-py	0.36.21-1noble.20260615.143931
ros-jazzy-tf2-sensor-msgs	0.36.21-1noble.20260615.151025
ros-jazzy-tf2-tools	0.36.21-1noble.20260615.144219
ros-jazzy-tinyxml2-vendor	0.9.2-1noble.20260225.230621
ros-jazzy-tl-expected	1.3.1-1noble.20260506.015343
ros-jazzy-tracetools	8.2.6-1noble.20260603.152223
ros-jazzy-trajectory-msgs	5.3.8-1noble.20260615.112856
ros-jazzy-type-description-interfaces	2.0.4-1noble.20260612.054739
ros-jazzy-uncrustify-vendor	3.0.1-1noble.20260225.230730
ros-jazzy-unique-identifier-msgs	2.5.1-1noble.20260612.052108
ros-jazzy-urdf	2.10.1-2noble.20260604.025729
ros-jazzy-urdf-parser-plugin	2.10.1-2noble.20260603.151118
ros-jazzy-urdfdom	4.0.2-1noble.20260603.151654
ros-jazzy-urdfdom-headers	1.1.3-1noble.20260603.150728
ros-jazzy-vision-msgs	4.1.1-3noble.20260615.113052
ros-jazzy-visualization-msgs	5.3.8-1noble.20260615.114026
ros-jazzy-xacro	2.1.1-1noble.20260519.011123
ros-jazzy-yaml-cpp-vendor	9.0.1-1noble.20260225.230938
ros-jazzy-zstd-vendor	0.26.11-1noble.20260603.150731
